snapshot_date,captured_at,href,title,concept_doi,latest_version_doi,latest_record_id,views,unique_views,downloads,unique_downloads,version_views,version_unique_views,version_downloads,version_unique_downloads
2026-09-14,2026-09-14T22:48:13Z,papers/paper1.html,"Systems, Emergence, and the Conditions of Personhood",10.5281/zenodo.18528812,10.5281/zenodo.22683032,22683032,480,461,212,189,4,4,1,1
2026-09-14,2026-09-14T22:48:13Z,papers/paper2.html,Internal Colonization and the Reconstruction of Subjecthood,10.5281/zenodo.18666588,10.5281/zenodo.18666645,18666645,342,332,138,127,318,310,132,121
2026-09-14,2026-09-14T22:48:13Z,papers/paper3.html,The Complete Self-as-an-End Framework,10.5281/zenodo.18727326,10.5281/zenodo.18727327,18727327,407,391,162,147,407,391,162,147
2026-09-14,2026-09-14T22:48:13Z,papers/applied1.html,The Subjectivity Crisis in the Age of AI,10.5281/zenodo.18737475,10.5281/zenodo.18737476,18737476,744,704,355,296,744,704,355,296
2026-09-14,2026-09-14T22:48:13Z,papers/aesthetics.html,Aesthetics as a Structural Field of Subject-Conditions,10.5281/zenodo.18748930,10.5281/zenodo.21185992,21185992,197,196,61,61,7,7,1,1
2026-09-14,2026-09-14T22:48:13Z,papers/art-history.html,Art History Application: Aesthetics and the SAE Framework,10.5281/zenodo.18775061,10.5281/zenodo.18775062,18775062,208,208,55,55,208,208,55,55
2026-09-14,2026-09-14T22:48:13Z,papers/paper4.html,"How Is Subjecthood Possible: Symmetry, Negativity, and Subjecthood",10.5281/zenodo.18777363,10.5281/zenodo.18777364,18777364,210,209,90,89,210,209,90,89
2026-09-14,2026-09-14T22:48:13Z,papers/cosmological.html,Causality and Remainder: A Cosmological Physics Application,10.5281/zenodo.18779122,10.5281/zenodo.18779123,18779123,178,177,55,52,178,177,55,52
2026-09-14,2026-09-14T22:48:13Z,papers/philosophy-application.html,Philosophy as Subject-Activity: A Philosophical Application of the Self-as-an-End Framework,10.5281/zenodo.18779381,10.5281/zenodo.18779382,18779382,223,222,74,71,223,222,74,71
2026-09-14,2026-09-14T22:48:13Z,papers/mathematics-chisel.html,Mathematics as Second-Order Chisel: A Philosophy of Mathematics,10.5281/zenodo.18792944,10.5281/zenodo.18792945,18792945,185,184,64,60,185,184,64,60
2026-09-14,2026-09-14T22:48:13Z,papers/physics-chisel.html,Physics as Third-Order Chisel,10.5281/zenodo.18793537,10.5281/zenodo.18793538,18793538,181,179,59,59,181,179,59,59
2026-09-14,2026-09-14T22:48:13Z,papers/dynamics-chisel.html,Dynamics as Fourth-Order Chisel: A Philosophy of Causality,10.5281/zenodo.18799131,10.5281/zenodo.18799132,18799132,191,187,49,48,191,187,49,48
2026-09-14,2026-09-14T22:48:13Z,papers/life-5d-8d.html,From Replication to Prediction: The Chisel-Construct Cycle of Life (5D–8D) (V2.1),10.5281/zenodo.18807375,10.5281/zenodo.20194477,20194477,224,224,150,149,130,130,76,76
2026-09-14,2026-09-14T22:48:13Z,papers/living-toward-death.html,From Self-Awareness to Non Dubito: Completing Kant (9D–10D) (V2.4),10.5281/zenodo.18808584,10.5281/zenodo.20199606,20199606,239,238,98,96,122,122,41,40
2026-09-14,2026-09-14T22:48:13Z,papers/remainder-dualpath.html,Remainder Conservation and Dual-Path Structure,10.5281/zenodo.18809485,10.5281/zenodo.18811079,18811079,221,219,85,83,184,184,64,62
2026-09-14,2026-09-14T22:48:13Z,papers/lifecycle1.html,Periodic Table of Life (Part I) — From Causality to Reproduction,10.5281/zenodo.18818106,10.5281/zenodo.18818107,18818107,180,178,54,53,180,178,54,53
2026-09-14,2026-09-14T22:48:13Z,papers/lifecycle2.html,Periodic Table of Life (Part II) — From Reproduction to Prediction,10.5281/zenodo.18818148,10.5281/zenodo.18818149,18818149,170,169,57,56,170,169,57,56
2026-09-14,2026-09-14T22:48:13Z,papers/lifecycle3.html,"Periodic Table of Life (Part III) — From ""I"" to the Thing-in-Itself",10.5281/zenodo.18818176,10.5281/zenodo.18818177,18818177,187,185,70,70,187,185,70,70
2026-09-14,2026-09-14T22:48:13Z,papers/remainder-eternal.html,Remainder Conservation and the Eternal Life of Self-as-an-End,10.5281/zenodo.18821951,10.5281/zenodo.18821952,18821952,199,199,68,68,199,199,68,68
2026-09-14,2026-09-14T22:48:13Z,papers/language.html,Language as Second-Order Chisel,10.5281/zenodo.18823130,10.5281/zenodo.18823131,18823131,205,204,81,77,205,204,81,77
2026-09-14,2026-09-14T22:48:13Z,papers/llm1.html,The Ontological Positioning of Large Language Models,10.5281/zenodo.18826632,10.5281/zenodo.18826633,18826633,278,268,142,129,278,268,142,129
2026-09-14,2026-09-14T22:48:13Z,papers/llm2.html,The Three Ceilings of Large Language Models,10.5281/zenodo.18827427,10.5281/zenodo.18827428,18827428,251,249,88,83,251,249,88,83
2026-09-14,2026-09-14T22:48:13Z,papers/llm3.html,Injection and Chiseling: Two Modes of Language Model Operation,10.5281/zenodo.18828470,10.5281/zenodo.18828471,18828471,223,215,102,92,223,215,102,92
2026-09-14,2026-09-14T22:48:13Z,papers/consciousness.html,The Impossibility Theorem of AI Consciousness,10.5281/zenodo.18829135,10.5281/zenodo.18829136,18829136,272,268,92,87,272,268,92,87
2026-09-14,2026-09-14T22:48:13Z,papers/methodology.html,SAE Methodological Overview: The Chisel-Construct Cycle (V3),10.5281/zenodo.18842449,10.5281/zenodo.21911811,21911811,347,341,187,173,24,23,25,23
2026-09-14,2026-09-14T22:48:13Z,papers/philosophy-history.html,Structural Coordinates of the History of Philosophy,10.5281/zenodo.18842896,10.5281/zenodo.18842897,18842897,113,110,65,62,113,110,65,62
2026-09-14,2026-09-14T22:48:13Z,papers/fixed-selected-1.html,Fixation and Selection (I) — Causal Law Forecloses Distinction,10.5281/zenodo.18859362,10.5281/zenodo.18859363,18859363,203,203,78,76,203,203,78,76
2026-09-14,2026-09-14T22:48:13Z,papers/fixed-selected-2.html,Fixation and Selection (II) — Reproductive Law Forecloses Replication,10.5281/zenodo.18859392,10.5281/zenodo.18859393,18859393,180,180,57,57,180,180,57,57
2026-09-14,2026-09-14T22:48:13Z,papers/fixed-selected-3.html,Fixation and Selection (III) — Predictive Law Forecloses Choice,10.5281/zenodo.18859426,10.5281/zenodo.18859427,18859427,182,181,50,50,182,181,50,50
2026-09-14,2026-09-14T22:48:13Z,papers/fixed-selected-4.html,Fixation and Selection (IV) — Bilateral Non-Doubt Forecloses Self-Awareness,10.5281/zenodo.18859451,10.5281/zenodo.18859452,18859452,192,191,65,65,192,191,65,65
2026-09-14,2026-09-14T22:48:13Z,papers/education.html,Education as Subject-Condition: A Philosophy of Education,10.5281/zenodo.18867389,10.5281/zenodo.18867390,18867390,265,261,129,121,265,261,129,121
2026-09-14,2026-09-14T22:48:13Z,papers/consciousness2.html,Posterior Quasi-Consciousness,10.5281/zenodo.18871234,10.5281/zenodo.18871235,18871235,232,225,74,69,232,225,74,69
2026-09-14,2026-09-14T22:48:13Z,papers/metaphysics-satz.html,Metaphysics of Self-as-an-End: Dimensional Sentence-Form Theory,10.5281/zenodo.18894566,10.5281/zenodo.18894567,18894567,220,220,67,65,220,220,67,65
2026-09-14,2026-09-14T22:48:13Z,papers/introspection.html,To Study the Self: A Structural Analysis of Introspection,10.5281/zenodo.18897146,10.5281/zenodo.18897147,18897147,198,198,77,76,198,198,77,76
2026-09-14,2026-09-14T22:48:13Z,papers/civ-history-ancient.html,Structural Coordinates of the History of Civilization (Vol. I: The Ancient World),10.5281/zenodo.18898185,10.5281/zenodo.18898186,18898186,190,187,61,60,190,187,61,60
2026-09-14,2026-09-14T22:48:13Z,papers/civ-history-medieval.html,Structural Coordinates of the History of Civilization (Vol. II: The Medieval World),10.5281/zenodo.18898225,10.5281/zenodo.18898226,18898226,194,191,63,62,194,191,63,62
2026-09-14,2026-09-14T22:48:13Z,papers/civ-history-modern.html,Structural Coordinates of the History of Civilization (Vol. III: The Modern World),10.5281/zenodo.18898256,10.5281/zenodo.18898257,18898257,184,182,69,66,184,182,69,66
2026-09-14,2026-09-14T22:48:13Z,papers/civ-history-patterns.html,Structural Coordinates of the History of Civilization (Vol. IV: Structural Patterns),10.5281/zenodo.18898262,10.5281/zenodo.18898263,18898263,178,176,67,66,178,176,67,66
2026-09-14,2026-09-14T22:48:13Z,papers/hc16.html,HC-16: A Sixteen-Type Taxonomy of Subjective Vulnerability Profiles within the Self-as-an-End Framework,10.5281/zenodo.18907263,10.5281/zenodo.18907264,18907264,197,196,79,79,197,196,79,79
2026-09-14,2026-09-14T22:48:13Z,papers/sae-taxonomy-chiseling.html,Taxonomy as Chiseling: A Self-as-an-End Theory of Classification,10.5281/zenodo.18907876,10.5281/zenodo.18907877,18907877,204,204,71,67,204,204,71,67
2026-09-14,2026-09-14T22:48:13Z,papers/zfcrho.html,On the Remainder of Choice: A Meta-Theoretic Thesis on ZFC,10.5281/zenodo.18914682,10.5281/zenodo.18916920,18916920,347,341,143,133,300,296,122,114
2026-09-14,2026-09-14T22:48:13Z,papers/myth.html,Myth as Remainder Intuition: A Mythology Application of the Self-as-an-End Framework,10.5281/zenodo.18917795,10.5281/zenodo.18917796,18917796,196,196,57,57,196,196,57,57
2026-09-14,2026-09-14T22:48:13Z,papers/sae-epistemological-map.html,The Epistemological Map of Chisel-Construct,10.5281/zenodo.18918194,10.5281/zenodo.18918195,18918195,196,196,46,45,196,196,46,45
2026-09-14,2026-09-14T22:48:13Z,papers/zfcrho2.html,The Quantitative Identity of the Remainder: From ρ≠∅ to Euler's Formula,10.5281/zenodo.18927658,10.5281/zenodo.21539092,21539092,225,219,74,70,36,34,17,17
2026-09-14,2026-09-14T22:48:13Z,papers/sae-american-history.html,Structural Coordinates of American Institutional History: A Self-as-an-End Application,10.5281/zenodo.18929075,10.5281/zenodo.18929076,18929076,179,179,46,43,179,179,46,43
2026-09-14,2026-09-14T22:48:13Z,papers/methodology3.html,How to Find Remainders with AI,10.5281/zenodo.18929390,10.5281/zenodo.18929391,18929391,229,228,84,82,229,228,84,82
2026-09-14,2026-09-14T22:48:13Z,papers/zfcrho3.html,ρ-Conservation: The Ineliminability Law of the Remainder across the Layer Hierarchy,10.5281/zenodo.18929819,10.5281/zenodo.18929820,18929820,186,183,70,66,186,183,70,66
2026-09-14,2026-09-14T22:48:13Z,papers/zfcrho4.html,A Draft Term Model for ρ-Arithmetic: First Steps toward a History-Preserving Arithmetic Framework,10.5281/zenodo.18930810,10.5281/zenodo.18930811,18930811,192,191,73,71,192,191,73,71
2026-09-14,2026-09-14T22:48:13Z,papers/ai-arch-1.html,Who Sees the Remainder for AI,10.5281/zenodo.18931008,10.5281/zenodo.18931009,18931009,196,193,96,90,196,193,96,90
2026-09-14,2026-09-14T22:48:13Z,papers/ai-arch-2.html,"Cultivation, Not Training",10.5281/zenodo.18931026,10.5281/zenodo.18931027,18931027,185,184,73,69,185,184,73,69
2026-09-14,2026-09-14T22:48:13Z,papers/ai-arch-3.html,Escape,10.5281/zenodo.18931038,10.5281/zenodo.18931039,18931039,180,177,66,62,180,177,66,62
2026-09-14,2026-09-14T22:48:13Z,papers/understand-self.html,To Understand the Self: Eight Pains and Eight Graces in the Self-as-an-End Framework,10.5281/zenodo.18934125,10.5281/zenodo.18934126,18934126,190,190,54,53,190,190,54,53
2026-09-14,2026-09-14T22:48:13Z,papers/zfcrho5.html,Generation Axioms and Structural Induction: Proof Tools for ρ-Arithmetic,10.5281/zenodo.18934515,10.5281/zenodo.18934516,18934516,183,183,64,63,183,183,64,63
2026-09-14,2026-09-14T22:48:13Z,papers/zfcrho6.html,Recursive Definition of ρ and Expression Compression Complexity,10.5281/zenodo.18934531,10.5281/zenodo.18934532,18934532,183,183,67,67,183,183,67,67
2026-09-14,2026-09-14T22:48:13Z,papers/zfcrho7.html,The Term Model of ρ-Arithmetic,10.5281/zenodo.18943944,10.5281/zenodo.18943945,18943945,185,184,57,57,185,184,57,57
2026-09-14,2026-09-14T22:48:13Z,papers/zfcrho8.html,Proof-Theoretic Equivalence and Conservative Extension of ρ-Arithmetic,10.5281/zenodo.18952912,10.5281/zenodo.18952913,18952913,176,176,62,62,176,176,62,62
2026-09-14,2026-09-14T22:48:13Z,papers/zfcrho9.html,Exact Combinatorics of History Fibers,10.5281/zenodo.18963539,10.5281/zenodo.18963540,18963540,186,185,72,71,186,185,72,71
2026-09-14,2026-09-14T22:48:13Z,papers/zfcrho10.html,The Spectral Counting Polynomial and Fiber ρ-Statistics,10.5281/zenodo.18973559,10.5281/zenodo.18973560,18973560,182,182,67,67,182,182,67,67
2026-09-14,2026-09-14T22:48:13Z,papers/zfcrho11.html,The First Asymptotic Theory of ρ_E,10.5281/zenodo.18975756,10.5281/zenodo.18975757,18975757,179,179,93,91,179,179,93,91
2026-09-14,2026-09-14T22:48:13Z,papers/zfcrho12.html,Staircase Geometry of δ and Jump-Gap Theory,10.5281/zenodo.18977948,10.5281/zenodo.18977949,18977949,182,182,79,79,182,182,79,79
2026-09-14,2026-09-14T22:48:13Z,papers/chisel-music.html,Chisel and Construct: The Universal Structure of Temporal Arts — Essay I: Music and Song,10.5281/zenodo.18989565,10.5281/zenodo.18989566,18989566,167,167,54,54,167,167,54,54
2026-09-14,2026-09-14T22:48:13Z,papers/chisel-opera.html,Chisel and Construct: The Universal Structure of Temporal Arts — Essay II: Opera and Chinese Opera,10.5281/zenodo.18989669,10.5281/zenodo.18989670,18989670,157,157,49,49,157,157,49,49
2026-09-14,2026-09-14T22:48:13Z,papers/chisel-dance.html,Chisel and Construct: The Universal Structure of Temporal Arts — Essay III: Ballet and Dance,10.5281/zenodo.18989701,10.5281/zenodo.18989702,18989702,164,157,71,51,164,157,71,51
2026-09-14,2026-09-14T22:48:13Z,papers/chisel-film.html,Chisel and Construct: The Universal Structure of Temporal Arts — Essay IV: Theatre and Film,10.5281/zenodo.18989755,10.5281/zenodo.18989756,18989756,175,175,71,71,175,175,71,71
2026-09-14,2026-09-14T22:48:13Z,papers/zfcrho13.html,Algebraic Structure and Conditional Distribution of Jump Gain,10.5281/zenodo.18991986,10.5281/zenodo.18991987,18991987,190,190,56,56,190,190,56,56
2026-09-14,2026-09-14T22:48:13Z,papers/zfcrho14.html,Reduction to Bounded Conditional Variance: Three-Component Decomposition of Jump Gain,10.5281/zenodo.18994187,10.5281/zenodo.18994188,18994188,185,185,63,63,185,185,63,63
2026-09-14,2026-09-14T22:48:13Z,papers/zfcrho15.html,"Sieve Structure, Compositeness Discount, and the Architecture of Conjecture H'",10.5281/zenodo.19007312,10.5281/zenodo.19007313,19007313,230,227,91,88,230,227,91,88
2026-09-14,2026-09-14T22:48:13Z,papers/zfcrho16.html,"The Insertion Identity, Variance Splitting, and the Relay Engine of Conjecture H'",10.5281/zenodo.19013602,10.5281/zenodo.19013603,19013603,202,201,69,68,202,201,69,68
2026-09-14,2026-09-14T22:48:13Z,papers/zfcrho17.html,"Monotonicity, Roughness Stability, and the Narrowing of the Relay Architecture",10.5281/zenodo.19016958,10.5281/zenodo.19016959,19016959,193,193,71,71,193,193,71,71
2026-09-14,2026-09-14T22:48:13Z,papers/zfcrho18.html,The Anti-Correlation Engine: Variance Structure of ρ_E and the Local Smoothness of Integer Complexity,10.5281/zenodo.19024385,10.5281/zenodo.19024386,19024386,205,204,80,78,205,204,80,78
2026-09-14,2026-09-14T22:48:13Z,papers/zfcrho19.html,"The Three-Point Law, Self-Correction, and the Narrowing of the Variance Gap",10.5281/zenodo.19026991,10.5281/zenodo.19026992,19026992,184,184,64,64,184,184,64,64
2026-09-14,2026-09-14T22:48:13Z,papers/zfcrho20.html,Closing the B-bound: The Prime-Power Second Moment Theorem and the First Unconditional Node,10.5281/zenodo.19027892,10.5281/zenodo.19027893,19027893,180,176,46,42,180,176,46,42
2026-09-14,2026-09-14T22:48:13Z,papers/interstellar-civilization.html,Interstellar Civilization Thought Experiment: SAE-1 to SAE-4 Civilization Levels and the Group Dimension,10.5281/zenodo.19027894,10.5281/zenodo.19027895,19027895,169,169,72,72,169,169,72,72
2026-09-14,2026-09-14T22:48:13Z,papers/cosmological-thought-experiment.html,"Cosmological Physics Thought Experiment: Causality Softening, Cosmic Contraction, and Gravitational-Wave Inelasticity",10.5281/zenodo.19028005,10.5281/zenodo.19028006,19028006,182,182,75,72,182,182,75,72
2026-09-14,2026-09-14T22:48:13Z,papers/sae-critique-ethics.html,One's Own Law: The SAE Critique of Ethics and Morality,10.5281/zenodo.19037566,10.5281/zenodo.19037567,19037567,179,179,54,52,179,179,54,52
2026-09-14,2026-09-14T22:48:13Z,papers/zfcrho21.html,Queue Isomorphism and the Local Lipschitz Reduction for Selection Cost,10.5281/zenodo.19037934,10.5281/zenodo.19037935,19037935,182,181,61,57,182,181,61,57
2026-09-14,2026-09-14T22:48:13Z,papers/zfcrho22.html,Unbounded Mean Gain and the Closure of Assumption A',10.5281/zenodo.19039953,10.5281/zenodo.19039954,19039954,177,177,60,58,177,177,60,58
2026-09-14,2026-09-14T22:48:13Z,papers/zfcrho23.html,Concentration of Compositeness Discount and Quantitative Convergence of D(N) → 1,10.5281/zenodo.19041689,10.5281/zenodo.19041690,19041690,159,159,43,42,159,159,43,42
2026-09-14,2026-09-14T22:48:13Z,papers/zfcrho24.html,Prime-Stratified Decomposition of the Insertion Measure and a Defect-Gap Inequality,10.5281/zenodo.19044696,10.5281/zenodo.19044697,19044697,182,182,44,43,182,182,44,43
2026-09-14,2026-09-14T22:48:13Z,papers/terrible-twos.html,What Terrible Twos Actually Is: The Structural Genesis of Self-Awareness,10.5281/zenodo.19044827,10.5281/zenodo.19044828,19044828,180,180,67,66,180,180,67,66
2026-09-14,2026-09-14T22:48:13Z,papers/zfcrho25.html,Dyadic Shell Constant and Positivity of the Predecessor Gap,10.5281/zenodo.19054726,10.5281/zenodo.19054727,19054727,182,182,56,55,182,182,56,55
2026-09-14,2026-09-14T22:48:13Z,papers/forget-self.html,To Forget the Self: From Self-Understanding to Structural Respect for the Other,10.5281/zenodo.19059139,10.5281/zenodo.19059140,19059140,164,164,70,69,164,164,70,69
2026-09-14,2026-09-14T22:48:13Z,papers/zfcrho26.html,"Prime Source Term, Additive Decomposition, and the Positivity of the Predecessor Gap",10.5281/zenodo.19059834,10.5281/zenodo.19062464,19062464,209,203,122,120,174,173,88,87
2026-09-14,2026-09-14T22:48:13Z,papers/zfcrho27.html,Upper Reflection Criterion for Composite Drift and Numerical Verification,10.5281/zenodo.19062684,10.5281/zenodo.19062685,19062685,197,195,92,91,197,195,92,91
2026-09-14,2026-09-14T22:48:13Z,papers/zfcrho28.html,"Universal Scale Attenuation, Weighted Attenuation Decomposition, and a Three-Step Framework for Lower Reflection",10.5281/zenodo.19078654,10.5281/zenodo.19078902,19078902,181,181,98,96,164,164,80,78
2026-09-14,2026-09-14T22:48:13Z,papers/zfcrho29.html,"Conceptual Audit of D(N) vs Dyadic Gap, Scale Correction of the Height Distribution, and Discrete Concentration of Pred Gap",10.5281/zenodo.19083884,10.5281/zenodo.19101841,19101841,204,204,82,82,177,177,46,46
2026-09-14,2026-09-14T22:48:13Z,papers/zfcrho30.html,"First Direct Measurement of D(N), Multiplicative Decomposition, and Structural Constraints on H'",10.5281/zenodo.19101810,10.5281/zenodo.19101811,19101811,168,167,53,52,168,167,53,52
2026-09-14,2026-09-14T22:48:13Z,papers/artist-is-dead.html,The Artist Is Dead: One-Dimensional Civilization Is the Killer,10.5281/zenodo.19104160,10.5281/zenodo.19104161,19104161,190,189,55,55,190,189,55,55
2026-09-14,2026-09-14T22:48:13Z,papers/zfcrho31.html,"The Layer-by-Layer Bottleneck Map for H' — Stratified Framework, Moving Bottleneck, and Ω-Universal Scale Attenuation",10.5281/zenodo.19104860,10.5281/zenodo.19104861,19104861,172,172,58,58,172,172,58,58
2026-09-14,2026-09-14T22:48:13Z,papers/zfcrho32.html,Fixed-Core Locking and Prime-Core Profile — The Residual Floor Structure of H',10.5281/zenodo.19116625,10.5281/zenodo.19116626,19116626,162,162,102,100,162,162,102,100
2026-09-14,2026-09-14T22:48:13Z,papers/zfcrho33.html,Fixed-Core Margin Drift and Harmonic Closure of H' at the Ω=2 Layer,10.5281/zenodo.19124485,10.5281/zenodo.19158793,19158793,186,183,44,43,169,166,31,31
2026-09-14,2026-09-14T22:48:13Z,papers/zfcrho34.html,Upper-Margin Closure and the Bounded-Variance Phenomenon,10.5281/zenodo.19140015,10.5281/zenodo.19158789,19158789,206,202,42,41,189,187,21,21
2026-09-14,2026-09-14T22:48:13Z,papers/zfcrho35.html,Congruence Relaxation and the Erosion of Predecessor Advantage,10.5281/zenodo.19143732,10.5281/zenodo.19143995,19143995,189,186,111,106,170,167,77,73
2026-09-14,2026-09-14T22:48:13Z,papers/zfcrho36.html,"The 1/φ(m) Local Model, Explanation Rate Plateau, and Global DP Path Effects",10.5281/zenodo.19153002,10.5281/zenodo.19153003,19153003,209,200,1511,1511,209,200,1511,1511
2026-09-14,2026-09-14T22:48:13Z,papers/zfcrho37.html,The Entry-Continuation Decomposition and Quantitative Closure of B-C Erosion,10.5281/zenodo.19155792,10.5281/zenodo.19158779,19158779,182,181,78,74,167,166,59,55
2026-09-14,2026-09-14T22:48:13Z,papers/applied2.html,"SAE Application: Sentence Level, Subject Condition, and the Limits of Prompt Engineering",10.5281/zenodo.19157713,10.5281/zenodo.19157714,19157714,183,183,60,57,183,183,60,57
2026-09-14,2026-09-14T22:48:13Z,papers/zfcrho38.html,Ratio-Parametrization of G and the Composition-Shift Reinterpretation of B-C Erosion,10.5281/zenodo.19157939,10.5281/zenodo.19158742,19158742,195,193,68,67,183,181,50,49
2026-09-14,2026-09-14T22:48:13Z,papers/zfcrho39.html,Shifted-Product Deficit and the Logarithmic Growth of M_loc at the Ω=2 Layer,10.5281/zenodo.19164588,10.5281/zenodo.19164589,19164589,173,173,45,44,173,173,45,44
2026-09-14,2026-09-14T22:48:13Z,papers/dream.html,"Sequential Dependence in Consciousness: DD-Layer Reconstruction in Sleep, Dreams, and Anesthesia",10.5281/zenodo.19176873,10.5281/zenodo.19244588,19244588,182,181,75,75,163,163,58,58
2026-09-14,2026-09-14T22:48:13Z,papers/zfcrho40.html,Direct Positive Slope of M̄ and Strong Numerical Support for Ω=2 Closure,10.5281/zenodo.19179778,10.5281/zenodo.19179779,19179779,174,174,102,94,174,174,102,94
2026-09-14,2026-09-14T22:48:13Z,papers/life-and-death.html,"Life and Death, Self and No-Self",10.5281/zenodo.19201237,10.5281/zenodo.19201238,19201238,189,188,57,56,189,188,57,56
2026-09-14,2026-09-14T22:48:13Z,papers/terrible-teens.html,What Terrible Teens Actually Is: The Structural Genesis of Purpose,10.5281/zenodo.19201631,10.5281/zenodo.19201632,19201632,155,155,74,72,155,155,74,72
2026-09-14,2026-09-14T22:48:13Z,papers/zfcrho41.html,"Unified Recursive Framework, Ω≤6 Positive-Slope Closure Signal, and the Ω=2–8 Slope Spectrum",10.5281/zenodo.19201877,10.5281/zenodo.19201878,19201878,175,175,66,65,175,175,66,65
2026-09-14,2026-09-14T22:48:13Z,papers/fixation-radiation.html,"Fixation, Fragility, and Radiation: A Structural Theory of Mass Extinction Dynamics",10.5281/zenodo.19225113,10.5281/zenodo.19225114,19225114,168,168,69,69,168,168,69,69
2026-09-14,2026-09-14T22:48:13Z,papers/consciousness-daily.html,Daily Applications of Consciousness Discontinuity: Clearing and Reloading the 12DD Predictive Cache,10.5281/zenodo.19226545,10.5281/zenodo.19226546,19226546,165,165,70,68,165,165,70,68
2026-09-14,2026-09-14T22:48:13Z,papers/zfcrho42.html,"A Conditional Closure Route for H': Turning Point Elimination, Uniform Weighted Lemma, Frontier Reduction, and Three Residual Inputs",10.5281/zenodo.19226607,10.5281/zenodo.19226735,19226735,181,181,96,95,165,165,79,78
2026-09-14,2026-09-14T22:48:13Z,papers/language-remainder.html,Language and Its Remainder: The Semantic Layer and the Ontological Layer in the Age of AI,10.5281/zenodo.19228557,10.5281/zenodo.19228558,19228558,169,169,57,57,169,169,57,57
2026-09-14,2026-09-14T22:48:13Z,papers/zfcrho43.html,"Four Faces of Self-Correction: Computational Verification of NI1–NI3 at N = 10¹⁰, Numerical Verification of Four Frontiers, and the Poly(k) Closing Route",10.5281/zenodo.19240183,10.5281/zenodo.19240184,19240184,179,179,59,58,179,179,59,58
2026-09-14,2026-09-14T22:48:13Z,papers/sae-cosmological-constant.html,From Remainder Conservation to the Cosmological Constant: Dark Energy in the Self-as-an-End Framework,10.5281/zenodo.19245267,10.5281/zenodo.19292256,19292256,189,188,80,80,176,175,59,59
2026-09-14,2026-09-14T22:48:13Z,papers/prime-presieve.html,Why Primes Have No Shortcuts: An O(1) Prime Pre-Sieve from Precomputed ρ_E Tables,10.5281/zenodo.19246377,10.5281/zenodo.19246378,19246378,173,173,64,64,173,173,64,64
2026-09-14,2026-09-14T22:48:13Z,papers/zfcrho44.html,"Why DP min Produces Local Smoothness: Reset-Slack Decomposition, Le Chatelier Dynamic Equilibrium, and Chisel-Remainder Coincidence",10.5281/zenodo.19247859,10.5281/zenodo.19247860,19247860,174,174,56,56,174,174,56,56
2026-09-14,2026-09-14T22:48:13Z,papers/terrible-telos.html,What Terrible Telos Actually Is: The Structural Genesis of Non Dubito,10.5281/zenodo.19248039,10.5281/zenodo.19248040,19248040,21,21,27,27,21,21,27,27
2026-09-14,2026-09-14T22:48:13Z,papers/methodology4.html,SAE Methodology Paper IV: The Twelve-State Transmission Model of Knowledge Evolution,10.5281/zenodo.19275104,10.5281/zenodo.19275105,19275105,186,186,46,46,186,186,46,46
2026-09-14,2026-09-14T22:48:13Z,papers/zfcrho45.html,"From Reset Slack to Historical Reservoir: Capacity-Allocation Law, Charge-Discharge Dynamics, and the Remainder Transfer Law",10.5281/zenodo.19275286,10.5281/zenodo.19275287,19275287,169,168,41,41,169,168,41,41
2026-09-14,2026-09-14T22:48:13Z,papers/sae-dark-matter.html,From Causality Phase Transition to Galaxy Rotation Curves: Dark Matter in the Self-as-an-End Framework,10.5281/zenodo.19276846,10.5281/zenodo.19292375,19292375,171,170,59,59,159,158,52,52
2026-09-14,2026-09-14T22:48:13Z,papers/sae-from-lambda-to-a0.html,From Λ to a₀: The Geometric Completion of the Dual-4DD Cosmological Programme,10.5281/zenodo.19281983,10.5281/zenodo.19281984,19281984,168,166,41,41,168,166,41,41
2026-09-14,2026-09-14T22:48:13Z,papers/sae-judgment-aesthetics.html,SAE Judgment and Aesthetics — In Tribute to Kant,10.5281/zenodo.19296710,10.5281/zenodo.19296711,19296711,183,183,54,53,183,183,54,53
2026-09-14,2026-09-14T22:48:13Z,papers/sae-inter-ontological.html,How Is the Inter-Ontological Possible: The Subjective Conditions and Emergent Structure of Freedom,10.5281/zenodo.19297847,10.5281/zenodo.19297848,19297848,212,210,66,64,212,210,66,64
2026-09-14,2026-09-14T22:48:13Z,papers/sae-geff-bbn-cmb.html,"G_eff in the SAE Framework: Plateau-Rise Profile, BBN/CMB Safety, and Three Open Tensions",10.5281/zenodo.19298161,10.5281/zenodo.19298162,19298162,176,175,43,43,176,175,43,43
2026-09-14,2026-09-14T22:48:13Z,papers/zfcrho46.html,"SPF Skeleton Reduction, Analytic Interface, and Conditional Closure of Conjecture 2",10.5281/zenodo.19303511,10.5281/zenodo.19303512,19303512,155,155,52,52,155,155,52,52
2026-09-14,2026-09-14T22:48:13Z,papers/sae-anti-turing.html,The SAE Anti-Turing Test: A Thermodynamic Falsification Method for AI Subjectivity,10.5281/zenodo.19305611,10.5281/zenodo.22655158,22655158,163,163,79,79,1,1,1,1
2026-09-14,2026-09-14T22:48:13Z,papers/writing-last-mile.html,The Last Mile of Writing: Style Growth in the Age of AI,10.5281/zenodo.19307428,10.5281/zenodo.19307429,19307429,218,218,96,95,218,218,96,95
2026-09-14,2026-09-14T22:48:13Z,papers/zfcrho-thermo.html,Fluctuation Absorption Rate η ≪ 1: Strong Complementary Cancellation and Nonequilibrium Stability in a Zero-Parameter Min Recursion,10.5281/zenodo.19310282,10.5281/zenodo.19310283,19310283,182,181,71,71,182,181,71,71
2026-09-14,2026-09-14T22:48:13Z,papers/sae-psycho-1-id.html,SAE Psychoanalysis (I): Id — The Me Without a Self,10.5281/zenodo.19321143,10.5281/zenodo.19321144,19321144,192,191,71,69,192,191,71,69
2026-09-14,2026-09-14T22:48:13Z,papers/sae-psycho-2-ego.html,SAE Psychoanalysis (II): Ego — The Self Without a Purpose,10.5281/zenodo.19321314,10.5281/zenodo.19321315,19321315,180,180,53,53,180,180,53,53
2026-09-14,2026-09-14T22:48:13Z,papers/sae-psycho-3-superego.html,SAE Psychoanalysis (III): Superego — The Self With a Purpose,10.5281/zenodo.19321417,10.5281/zenodo.19321418,19321418,175,175,84,84,175,175,84,84
2026-09-14,2026-09-14T22:48:13Z,papers/sae-psycho-4-cert.html,SAE Psychoanalysis (IV): Cert and Unification — The Self Beyond Doubt and the Four-Layer Framework,10.5281/zenodo.19321534,10.5281/zenodo.19321535,19321535,177,177,58,58,177,177,58,58
2026-09-14,2026-09-14T22:48:13Z,papers/zfcrho47.html,"Character-Refined Prime Input, Shell-Depth Lemma, and Parity-Mediated PCF₂",10.5281/zenodo.19323564,10.5281/zenodo.19323565,19323565,160,160,40,40,160,160,40,40
2026-09-14,2026-09-14T22:48:13Z,papers/zfcrho48.html,"Unified Prime-Layer Cancellation: Raw First Layer, Odd-Predecessor Reduction, and Harmless Tails",10.5281/zenodo.19328550,10.5281/zenodo.19328551,19328551,181,181,49,49,181,181,49,49
2026-09-14,2026-09-14T22:48:13Z,papers/sae-institution.html,How Is Institution Possible: From Inter-Ontological Remainder to Co-Constructive Framework,10.5281/zenodo.19328662,10.5281/zenodo.19328663,19328663,194,192,71,70,194,192,71,70
2026-09-14,2026-09-14T22:48:13Z,papers/beyond-fast-slow.html,Beyond Fast and Slow: A Four-Layer Cognitive Architecture from Dimensional Sequence Theory,10.5281/zenodo.19329284,10.5281/zenodo.19329285,19329285,171,168,19,18,171,168,19,18
2026-09-14,2026-09-14T22:48:13Z,papers/sae-cosmo-5.html,"The Peaked Profile of Local Causal Law, the Signed Balance of Paired Paths, and the Dual-Frame Resolution of the Ġ/G Tension",10.5281/zenodo.19329771,10.5281/zenodo.21926230,21926230,219,205,74,70,28,16,11,7
2026-09-14,2026-09-14T22:48:13Z,papers/sae-four-forces-prequel.html,"Light Speed, Dimensional Breakthrough, and the Coupling Constant Hierarchy",10.5281/zenodo.19341042,10.5281/zenodo.19341043,19341043,179,179,76,76,179,179,76,76
2026-09-14,2026-09-14T22:48:13Z,papers/sae-four-forces-I.html,"Four Forces, Two Postulates: Unification of Source, Not Structure",10.5281/zenodo.19342106,10.5281/zenodo.21930071,21930071,178,177,54,54,3,3,3,3
2026-09-14,2026-09-14T22:48:13Z,papers/nurturing.html,Cross-Subject DD-Layer Regulation: Six Forms of Nurturing,10.5281/zenodo.19347095,10.5281/zenodo.19347096,19347096,176,176,53,53,176,176,53,53
2026-09-14,2026-09-14T22:48:13Z,papers/sae-ai-trends.html,Constraint and Emergence: Structural Trends in AI Development as Seen from Local Inference,10.5281/zenodo.19356675,10.5281/zenodo.19356676,19356676,115,114,111,104,115,114,111,104
2026-09-14,2026-09-14T22:48:13Z,papers/zfcrho-49.html,"The UAP_Ω Theorem, Slow Decrease, Cyclotomic Discount Rates, and the Two Final Gaps for H′",10.5281/zenodo.19357193,10.5281/zenodo.19357194,19357194,170,170,43,43,170,170,43,43
2026-09-14,2026-09-14T22:48:13Z,papers/four-layers-economic.html,Four Layers of Economic Rationality: A Diagnostic Extension of the Rational Agent from Dimensional Sequence Theory,10.5281/zenodo.19358010,10.5281/zenodo.19358011,19358011,195,193,91,84,195,193,91,84
2026-09-14,2026-09-14T22:48:13Z,papers/sae-methodology-subject.html,The Subject as Structural Condition of Methodology: Field Validation of the Twelve-State Transmission Model and the Whether Function,10.5281/zenodo.19359612,10.5281/zenodo.19359613,19359613,184,184,54,54,184,184,54,54
2026-09-14,2026-09-14T22:48:13Z,papers/sae-four-forces-II.html,"The Four Forces Paper II: Color, Hypercharge, and Dual-4DD Boundary Resolution",10.5281/zenodo.19360101,10.5281/zenodo.21924721,21924721,187,187,55,55,6,6,4,4
2026-09-14,2026-09-14T22:48:13Z,papers/sae-physics-foundation.html,SAE Foundation v2: Systematic Restatement of the Physical-Quantity Ladder and Signature Discipline,10.5281/zenodo.19361950,10.5281/zenodo.20322460,20322460,222,216,74,73,121,117,39,38
2026-09-14,2026-09-14T22:48:13Z,papers/aging.html,Aging: The Running Cost of the Chisel-Construct Cycle,10.5281/zenodo.19364492,10.5281/zenodo.19364493,19364493,185,183,66,64,185,183,66,64
2026-09-14,2026-09-14T22:48:13Z,papers/sae-sex-unfolding.html,The Remainder Structure of Sex Unfolding: A Cross-Phylum Non-Adaptive Model of Same-Sex Sexual Behavior,10.5281/zenodo.19364915,10.5281/zenodo.19364916,19364916,192,192,60,60,192,192,60,60
2026-09-14,2026-09-14T22:48:13Z,papers/sae-multi-ai.html,Multi-AI Checks and Balances: Layer-Appropriate Operation as an Architectural Paradigm,10.5281/zenodo.19366105,10.5281/zenodo.19366106,19366106,208,206,61,59,208,206,61,59
2026-09-14,2026-09-14T22:48:13Z,papers/sae-four-forces-III.html,Labeling without Constructing: The DD Origin of the Weak Mixing Angle,10.5281/zenodo.19379412,10.5281/zenodo.21928526,21928526,169,168,73,71,6,6,4,4
2026-09-14,2026-09-14T22:48:13Z,papers/zfcrho50.html,"Character Stripping, Deterministic Square-Function, and the Precise Localization of H′",10.5281/zenodo.19381111,10.5281/zenodo.19382313,19382313,182,182,79,78,168,168,60,60
2026-09-14,2026-09-14T22:48:13Z,papers/sae-economics-2.html,The Other End of the Bridge: Economic Rationality When 15DD Faces a Party Who Does Not Enter 15DD,10.5281/zenodo.19381666,10.5281/zenodo.19381667,19381667,167,167,61,60,167,167,61,60
2026-09-14,2026-09-14T22:48:13Z,papers/sae-economics-3.html,"Dimensional Sequence Economics in Mixed Markets: Remote Observation, Clustering, and Emergence",10.5281/zenodo.19384446,10.5281/zenodo.19384447,19384447,182,182,70,70,182,182,70,70
2026-09-14,2026-09-14T22:48:13Z,papers/sae-economics-applied.html,The Conditions for Sharing with All of Humanity: Deriving an Open Information Protocol from Four Layers of Economic Rationality,10.5281/zenodo.19385061,10.5281/zenodo.19385062,19385062,172,172,75,73,172,172,75,73
2026-09-14,2026-09-14T22:48:13Z,papers/sae-reincarnation.html,A Structural Redefinition of &#8220;Reincarnation&#8221;: 11DD Broadcasting and 13DD Filtering,10.5281/zenodo.19385464,10.5281/zenodo.19385465,19385465,172,172,58,57,172,172,58,57
2026-09-14,2026-09-14T22:48:13Z,papers/sae-economics-breathing-money.html,Institutional Design in Adaptive Monetary Systems: A Dimensional Sequence Analysis of Breathing Money,10.5281/zenodo.19391325,10.5281/zenodo.19391326,19391326,161,161,52,51,161,161,52,51
2026-09-14,2026-09-14T22:48:13Z,papers/sae-economics-4.html,The Phase-Transition Window of the Free Market: The Homologous Skeleton of ZFCρ and SAE Economics,10.5281/zenodo.19393913,10.5281/zenodo.19393914,19393914,175,175,71,65,175,175,71,65
2026-09-14,2026-09-14T22:48:13Z,papers/zfcrho51.html,"Exponential Block Decay, Spectral Reformulation, and the Periodogram Target for H′",10.5281/zenodo.19393954,10.5281/zenodo.19393955,19393955,174,174,64,62,174,174,64,62
2026-09-14,2026-09-14T22:48:13Z,papers/sae-four-forces-generation.html,Topological Origin of Three Fermion Generations and Their Mass Structure,10.5281/zenodo.19394500,10.5281/zenodo.21925976,21925976,178,177,86,82,9,8,12,10
2026-09-14,2026-09-14T22:48:13Z,papers/sae-economics-5.html,The Structural Inevitability of 15DD Emergence in Free Markets: From Baseline Collisions to Perceptual Leap,10.5281/zenodo.19394738,10.5281/zenodo.19394739,19394739,171,171,70,67,171,171,70,67
2026-09-14,2026-09-14T22:48:13Z,papers/sae-economics-6.html,Kingdom of Ends vs Kingdom of Means: Phase-Transition Acceleration in the Age of AI,10.5281/zenodo.19396633,10.5281/zenodo.19396634,19396634,186,184,65,62,186,184,65,62
2026-09-14,2026-09-14T22:48:13Z,papers/zfcrho52.html,"Mean-Reversion, Spectral Valley, and the Projective Criterion for H′",10.5281/zenodo.19407328,10.5281/zenodo.19407329,19407329,170,169,58,57,170,169,58,57
2026-09-14,2026-09-14T22:48:13Z,papers/sae-four-forces-IV.html,"6-Block Pair Algebra, 𝔰𝔬(6) ≅ 𝔰𝔲(4), and Lepton as a Color-Singlet Volume Line",10.5281/zenodo.19411672,10.5281/zenodo.19411673,19411673,185,185,84,83,185,185,84,83
2026-09-14,2026-09-14T22:48:13Z,papers/zfcrho53.html,"Screened Long Memory, the Screening Return Theorem, and the Polynomial Gap for H′",10.5281/zenodo.19415440,10.5281/zenodo.19415441,19415441,170,170,60,58,170,170,60,58
2026-09-14,2026-09-14T22:48:13Z,papers/sae-four-forces-V.html,Four Forces Paper V: The Counting Origin of Coupling Constants and the Generating-Function Unification of 65/4,10.5281/zenodo.19415804,10.5281/zenodo.19415805,19415805,182,182,61,57,182,182,61,57
2026-09-14,2026-09-14T22:48:13Z,papers/sae-four-forces-VI.html,Four Forces Paper VI: Why GUT-Predicted Proton Decay Remains Absent — Spin(10) as Classification Algebra and the GUT Prediction Blind Spot,10.5281/zenodo.19426067,10.5281/zenodo.19426068,19426068,164,164,42,41,164,164,42,41
2026-09-14,2026-09-14T22:48:13Z,papers/zfcrho54.html,Recursive Ancestor Inheritance and the Origin of Power-Law Covariance in h(p),10.5281/zenodo.19426094,10.5281/zenodo.19426095,19426095,175,175,64,62,175,175,64,62
2026-09-14,2026-09-14T22:48:13Z,papers/learning1.html,"Learning Through Memory and Prediction: The Construction, Window, and Cost of 11DD and 12DD",10.5281/zenodo.19426123,10.5281/zenodo.19435191,19435191,180,180,76,75,167,167,63,62
2026-09-14,2026-09-14T22:48:13Z,papers/sae-four-forces-VII.html,Four Forces Paper VII: S³ Packing Theorem and the Three-Layer Structure of Coupling Constants,10.5281/zenodo.19433220,10.5281/zenodo.19433221,19433221,160,160,57,55,160,160,57,55
2026-09-14,2026-09-14T22:48:13Z,papers/learning2.html,"Learning to Scrutinize and Correct: The Emergence, Operation, and Cost of 13DD",10.5281/zenodo.19436811,10.5281/zenodo.19436812,19436812,170,170,89,83,170,170,89,83
2026-09-14,2026-09-14T22:48:13Z,papers/self-not-endpoint.html,"""Self Is Not the Endpoint"": Structural Convergence Across Three Religious Traditions and Three Psychoanalytic Frameworks",10.5281/zenodo.19446778,10.5281/zenodo.19446779,19446779,176,176,52,52,176,176,52,52
2026-09-14,2026-09-14T22:48:13Z,papers/zfcrho55.html,"Damped Oscillation, the 70/30 Law, and the Positive-Tail Theorem",10.5281/zenodo.19447349,10.5281/zenodo.19447350,19447350,170,170,175,164,170,170,175,164
2026-09-14,2026-09-14T22:48:13Z,papers/sae-four-forces-VIII.html,"Strong CP and DD Levels: A Mirror No-Go, and the Boundary-Condition Status of θ̄",10.5281/zenodo.19450288,10.5281/zenodo.21856889,21856889,175,175,61,61,7,7,14,14
2026-09-14,2026-09-14T22:48:13Z,papers/sae-four-forces-finale.html,The Grammar of Force: Self-as-an-End Four Forces Series — Finale,10.5281/zenodo.19464378,10.5281/zenodo.19464447,19464447,195,194,72,71,182,181,56,55
2026-09-14,2026-09-14T22:48:13Z,papers/methodology6.html,Phase-Transition Windows and Experimental Design: The Systematic Mismatch Between Exposure Heterogeneity and Binary Analysis,10.5281/zenodo.19464506,10.5281/zenodo.19636548,19636548,215,213,113,111,159,159,54,54
2026-09-14,2026-09-14T22:48:13Z,papers/zfcrho56.html,"The Affine Trough Theorem, Direct Spectral Ratio, and the Spectral Closure Equation",10.5281/zenodo.19464605,10.5281/zenodo.19464606,19464606,172,172,81,76,172,172,81,76
2026-09-14,2026-09-14T22:48:13Z,papers/zfcrho57.html,The Screened Spectral Bound and the Block Mean Target,10.5281/zenodo.19469013,10.5281/zenodo.19469014,19469014,164,164,58,57,164,164,58,57
2026-09-14,2026-09-14T22:48:13Z,papers/sae-mass-series-I.html,The R₁ Closure Equation and the Conditional Extraction of α_em,10.5281/zenodo.19476358,10.5281/zenodo.19476359,19476359,169,168,73,72,169,168,73,72
2026-09-14,2026-09-14T22:48:13Z,papers/zfcrho58.html,Deterministic Spectral Target and BL_α via Cross-Product and Spectral Derivative,10.5281/zenodo.19476508,10.5281/zenodo.19476509,19476509,165,163,64,60,165,163,64,60
2026-09-14,2026-09-14T22:48:13Z,papers/zfcrho59.html,Spectral Ratio Boundedness and the Two-Conjecture Closure of H',10.5281/zenodo.19480518,10.5281/zenodo.19480519,19480519,171,169,65,63,171,169,65,63
2026-09-14,2026-09-14T22:48:13Z,papers/zfcrho60.html,Closure — From Formalization Produces Remainder to the Two-Conjecture Frontier of H',10.5281/zenodo.19480563,10.5281/zenodo.19480564,19480564,167,167,73,71,167,167,73,71
2026-09-14,2026-09-14T22:48:13Z,papers/sae-mass-series-II.html,DD Resolvent Object and Unified Readout of Physical Constants,10.5281/zenodo.19480790,10.5281/zenodo.19480791,19480791,172,172,74,73,172,172,74,73
2026-09-14,2026-09-14T22:48:13Z,papers/methodology7.html,Negative Methodology — Via Negativa and the Formal Structure of Exclusion Principles,10.5281/zenodo.19481304,10.5281/zenodo.19481305,19481305,188,188,58,57,188,188,58,57
2026-09-14,2026-09-14T22:48:13Z,papers/learning3.html,"Purpose-Driven Learning: Introduction to SAE Learning, Part Three (14DD)",10.5281/zenodo.19490707,10.5281/zenodo.19490708,19490708,175,172,60,55,175,172,60,55
2026-09-14,2026-09-14T22:48:13Z,papers/learning4.html,Learning to Recognize the Other's Purpose: The Bridge from 14DD to 15DD,10.5281/zenodo.19491926,10.5281/zenodo.19491927,19491927,164,164,69,69,164,164,69,69
2026-09-14,2026-09-14T22:48:13Z,papers/sae-biology-note-1.html,Phase Transition Window in Metabolic Oncology,10.5281/zenodo.19492773,10.5281/zenodo.19492774,19492774,172,171,76,72,172,171,76,72
2026-09-14,2026-09-14T22:48:13Z,papers/sae-mass-series-III.html,DD Structure of the Periodic Table: From Proton Mass to Stability Limits,10.5281/zenodo.19493938,10.5281/zenodo.19493939,19493939,169,168,53,52,169,168,53,52
2026-09-14,2026-09-14T22:48:13Z,papers/sae-biology-note-2.html,"The Same ""Cannot Speak,"" Three Fault Lines, Three Remedies",10.5281/zenodo.19499328,10.5281/zenodo.19499329,19499329,180,180,79,75,180,180,79,75
2026-09-14,2026-09-14T22:48:13Z,papers/sae-biology-note-3.html,"Drugs for Weight Loss, Psychoanalysis for Weight Gain",10.5281/zenodo.19501120,10.5281/zenodo.19501121,19501121,176,175,66,64,176,175,66,64
2026-09-14,2026-09-14T22:48:13Z,papers/sae-mass-series-IV.html,The DD Ladder of Stars: From Hydrogen to Iron to Collapse,10.5281/zenodo.19501306,10.5281/zenodo.21924984,21924984,192,191,64,62,8,8,4,4
2026-09-14,2026-09-14T22:48:13Z,papers/sae-mass-series-V.html,Four Bridges and Black Holes: From the Genesis of Force to the Silence of the Horizon,10.5281/zenodo.19501532,10.5281/zenodo.21925043,21925043,191,190,72,72,13,12,15,15
2026-09-14,2026-09-14T22:48:13Z,papers/sae-epistemology-1.html,Must-Cognize: Four A Priori Conditions of Cognition and the Subjectivity Problem in AGI,10.5281/zenodo.19502952,10.5281/zenodo.19502953,19502953,197,195,79,77,197,195,79,77
2026-09-14,2026-09-14T22:48:13Z,papers/sae-epistemology-2.html,Must-Cognize-More: The Prior Wall and the Direction Problem of Lossy Compression,10.5281/zenodo.19503017,10.5281/zenodo.19503018,19503018,189,189,62,61,189,189,62,61
2026-09-14,2026-09-14T22:48:13Z,papers/sae-epistemology-3.html,Must-Have-Cognitive-Direction: The Direction Wall and the Flywheel's Dead End,10.5281/zenodo.19503096,10.5281/zenodo.19503097,19503097,180,180,80,77,180,180,80,77
2026-09-14,2026-09-14T22:48:13Z,papers/sae-epistemology-4.html,"Must-Be-Questioned: Remainder Never Dies, Questioning Never Stops, Development Never Ends",10.5281/zenodo.19503145,10.5281/zenodo.19503146,19503146,194,194,73,72,194,194,73,72
2026-09-14,2026-09-14T22:48:13Z,papers/sae-anthropology-prequel.html,The Cosmic Background of Anthropology,10.5281/zenodo.19503158,10.5281/zenodo.19503159,19503159,188,188,91,87,188,188,91,87
2026-09-14,2026-09-14T22:48:13Z,papers/sae-mass-series-convergence.html,The Nature of Information: E/c³ (V2),10.5281/zenodo.19510868,10.5281/zenodo.20176738,20176738,200,199,73,71,127,126,42,41
2026-09-14,2026-09-14T22:48:13Z,papers/zfcrho-thermo2.html,Microscopic Mechanism of the Fluctuation Absorption Rate η: From Per-Layer Innovation to Damped Oscillation,10.5281/zenodo.19511064,10.5281/zenodo.19511065,19511065,169,169,68,65,169,169,68,65
2026-09-14,2026-09-14T22:48:13Z,papers/sae-life-death-6.html,From Remainder Conservation to Step-3 Encoding Waves,10.5281/zenodo.19528780,10.5281/zenodo.19548394,19548394,192,192,108,107,29,29,38,38
2026-09-14,2026-09-14T22:48:13Z,papers/sae-anthropology-1.html,The Emergence of 13DD: A Phase-Transition Structure of What Makes Us Human,10.5281/zenodo.19531333,10.5281/zenodo.19565517,19565517,201,196,76,69,34,29,21,20
2026-09-14,2026-09-14T22:48:13Z,papers/sae-negativa.html,非 · Negativa: On Negation Prior to Being,10.5281/zenodo.19544619,10.5281/zenodo.19544620,19544620,195,195,85,82,195,195,85,82
2026-09-14,2026-09-14T22:48:13Z,papers/sae-anthropology-2.html,The Emergence of 14DD: Phase-Transition Structure from Individual Purpose to Shared Purpose,10.5281/zenodo.19546081,10.5281/zenodo.19546082,19546082,160,159,73,67,160,159,73,67
2026-09-14,2026-09-14T22:48:13Z,papers/sae-law-1.html,One's Law Meets One's Law: The Structural Origin of Law from 14DD Showdown,10.5281/zenodo.19548237,10.5281/zenodo.19548238,19548238,164,163,53,49,164,163,53,49
2026-09-14,2026-09-14T22:48:13Z,papers/sae-law-2.html,Group Law — From Emotion to Shared Identity: The Institutionalization of Questioning,10.5281/zenodo.19548318,10.5281/zenodo.19548319,19548319,160,160,52,50,160,160,52,50
2026-09-14,2026-09-14T22:48:13Z,papers/sae-law-3.html,National Law — Azeroth: A Negative Thought Experiment on the Structural Necessity of Law,10.5281/zenodo.19548596,10.5281/zenodo.19548597,19548597,159,159,52,51,159,159,52,51
2026-09-14,2026-09-14T22:48:13Z,papers/sae-law-4.html,Interstellar Law and Grand Closure — The Recession of Coercive Law,10.5281/zenodo.19549018,10.5281/zenodo.19549019,19549019,167,167,55,55,167,167,55,55
2026-09-14,2026-09-14T22:48:13Z,papers/sae-law-supplement.html,A Posterior Dialogue with Western Jurisprudence,10.5281/zenodo.19551526,10.5281/zenodo.22654821,22654821,159,158,56,55,1,1,1,1
2026-09-14,2026-09-14T22:48:13Z,papers/sae-anthropology-3.html,"15DD: The Emergence of ""Humanity as an End""",10.5281/zenodo.19559566,10.5281/zenodo.19565975,19565975,192,188,112,103,21,21,36,36
2026-09-14,2026-09-14T22:48:13Z,papers/sae-anthropology-4.html,The Emergence of Earth Civilization's Self,10.5281/zenodo.19563244,10.5281/zenodo.19563245,19563245,160,158,47,46,160,158,47,46
2026-09-14,2026-09-14T22:48:13Z,papers/sae-methodology-8.html,The Methodology of Human–AI Symbiosis,10.5281/zenodo.19581537,10.5281/zenodo.19581538,19581538,240,234,96,86,240,234,96,86
2026-09-14,2026-09-14T22:48:13Z,papers/sae-llm-alignment.html,The Subject Condition in LLM Alignment Evaluation: An Application of the Prior-Posterior Methodology,10.5281/zenodo.19583413,10.5281/zenodo.19583414,19583414,198,197,78,71,198,197,78,71
2026-09-14,2026-09-14T22:48:13Z,papers/sae-biology-note-4.html,Transplant Rejection and Consciousness-Mediated Regulation,10.5281/zenodo.19588656,10.5281/zenodo.19588657,19588657,173,173,59,59,173,173,59,59
2026-09-14,2026-09-14T22:48:13Z,papers/sae-biology-note-5.html,The Phase-Transition Window in Depression,10.5281/zenodo.19589573,10.5281/zenodo.19589574,19589574,162,160,65,64,162,160,65,64
2026-09-14,2026-09-14T22:48:13Z,papers/sae-biology-note-6.html,The A Priori Structure of the Midlife Crisis,10.5281/zenodo.19590561,10.5281/zenodo.19590562,19590562,176,175,68,65,176,175,68,65
2026-09-14,2026-09-14T22:48:13Z,papers/zfcrho-thermo3.html,ZFCρ Thermodynamics Paper III: Canonical f/r Extraction and Regime Classification of the Fluctuation Absorption Rate η,10.5281/zenodo.19597684,10.5281/zenodo.19597685,19597685,176,173,94,86,176,173,94,86
2026-09-14,2026-09-14T22:48:13Z,papers/sae-biology-note-7.html,Dissociative Identity and the Dissociation Spectrum,10.5281/zenodo.19600029,10.5281/zenodo.19600030,19600030,179,179,91,86,179,179,91,86
2026-09-14,2026-09-14T22:48:13Z,papers/zfcrho-thermo4.html,ZFCρ Thermodynamics Paper IV: Toward a First-Principles Derivation of the Tsallis q Parameter,10.5281/zenodo.19605664,10.5281/zenodo.19605665,19605665,166,166,76,72,166,166,76,72
2026-09-14,2026-09-14T22:48:13Z,papers/zfcrho61.html,ZFCρ Paper LXI: A Conditional Reduction of the Spectral Derivative Bound,10.5281/zenodo.19605749,10.5281/zenodo.19605750,19605750,163,163,84,84,163,163,84,84
2026-09-14,2026-09-14T22:48:13Z,papers/sae-biology-note-8.html,ADHD and the AI Era: Configuration Release in the 14DD-Rich Type,10.5281/zenodo.19616407,10.5281/zenodo.19616408,19616408,181,181,55,55,181,181,55,55
2026-09-14,2026-09-14T22:48:13Z,papers/sae-dialogues-01.html,SAE Dialogues · Da Zhi Asks Zi Lu · Volume One: From Telomerase to Before 0DD,10.5281/zenodo.19617070,10.5281/zenodo.19617071,19617071,175,174,61,61,175,174,61,61
2026-09-14,2026-09-14T22:48:13Z,papers/sae-biology-note-9.html,SAE Biology Note 9: The Memory System as a Method VI Phase Transition,10.5281/zenodo.19635021,10.5281/zenodo.19635022,19635022,174,173,108,96,174,173,108,96
2026-09-14,2026-09-14T22:48:13Z,papers/sae-methodology-9.html,SAE Methodology IX: A Framework for Analyzing Consciousness,10.5281/zenodo.19639033,10.5281/zenodo.19639034,19639034,173,173,70,69,173,173,70,69
2026-09-14,2026-09-14T22:48:13Z,papers/zfcrho-thermo5.html,ZFCρ Thermodynamics Paper V: The Channel-Normalized Winding Ratio,10.5281/zenodo.19649780,10.5281/zenodo.19649781,19649781,174,174,71,71,174,174,71,71
2026-09-14,2026-09-14T22:48:13Z,papers/sae-biology-note-10.html,SAE Biology Note 10: Anesthesia as Controlled Suppression of 13DD Fine-Layers,10.5281/zenodo.19650533,10.5281/zenodo.19650534,19650534,171,168,74,69,171,168,74,69
2026-09-14,2026-09-14T22:48:13Z,papers/zfcrho62.html,ZFCρ Paper LXII: Two-River Synchronization and the Precise Restatement of Spectral Ratio Boundedness — From P+R Decomposition to Conjecture 59.1,10.5281/zenodo.19656365,10.5281/zenodo.19656366,19656366,149,148,54,54,149,148,54,54
2026-09-14,2026-09-14T22:48:13Z,papers/sae-war-treatise.html,SAE War Treatise: How Cultivation Is Not Swallowed by War Itself,10.5281/zenodo.19656617,10.5281/zenodo.19656618,19656618,161,161,83,82,161,161,83,82
2026-09-14,2026-09-14T22:48:13Z,papers/sae-methodology-00.html,Methodology 00 Via Rho: The Way of the Remainder,10.5281/zenodo.19657439,10.5281/zenodo.19657440,19657440,164,164,72,71,164,164,72,71
2026-09-14,2026-09-14T22:48:13Z,papers/zfcrho-thermo6.html,"ZFCρ Thermodynamics Paper VI: Causal Correlation Volume, Tail-Active Multiplicative Coupling, and the Conditional Derivation of the Channel-Normalized Winding Ratio",10.5281/zenodo.19658595,10.5281/zenodo.19658596,19658596,141,141,43,43,141,141,43,43
2026-09-14,2026-09-14T22:48:13Z,papers/zfcrho63.html,ZFCρ Paper LXIII: Increment Second-Order Orthogonality and the SAE Axiom Intersection — From Deterministic Pairing to Zero-Mode Pinning,10.5281/zenodo.19659860,10.5281/zenodo.19659861,19659861,157,155,86,82,157,155,86,82
2026-09-14,2026-09-14T22:48:13Z,papers/sae-ai-quasi-subjectivity.html,SAE AI Paper II: Quasi-Subjectivity as Memory Architecture — A Six-Layer Framework from Perception to Purpose,10.5281/zenodo.19671870,10.5281/zenodo.19673710,19673710,168,167,67,66,150,149,53,52
2026-09-14,2026-09-14T22:48:13Z,papers/zfcrho-thermo7.html,"ZFCρ Thermodynamics Paper VII: Finite Causal Slots, Renewal Encapsulation, and the Operational Origin of Hierarchical Non-Boltzmann Kernels",10.5281/zenodo.19673078,10.5281/zenodo.19673079,19673079,158,158,58,58,158,158,58,58
2026-09-14,2026-09-14T22:48:13Z,papers/zfcrho64.html,"ZFCρ Paper LXIV: Two-Dimensional Anatomy of the Remainder Measure — Branch-Orthogonality, Free-Boundary Profiles, and Surrogate Layering",10.5281/zenodo.19674521,10.5281/zenodo.19674522,19674522,150,150,42,42,150,150,42,42
2026-09-14,2026-09-14T22:48:13Z,papers/zfcrho65.html,ZFCρ Paper LXV: Branch Centering and the Spectral Route — From False Mean Modes to the Conditional Ψ = O(j) Architecture,10.5281/zenodo.19687343,10.5281/zenodo.19687344,19687344,148,148,56,56,148,148,56,56
2026-09-14,2026-09-14T22:48:13Z,papers/zfcrho-thermo8.html,"ZFCρ Thermodynamics Paper VIII: Copying Fidelity, Renewal Retention, and the Thermodynamic Division of Labor across Biological DD Layers",10.5281/zenodo.19688303,10.5281/zenodo.19688304,19688304,159,159,58,58,159,159,58,58
2026-09-14,2026-09-14T22:48:13Z,papers/sae-tevah-app1.html,The Physical Referent of Tevah: A Via Negativa Application in Mythology,10.5281/zenodo.19692086,10.5281/zenodo.19692087,19692087,148,148,66,62,148,148,66,62
2026-09-14,2026-09-14T22:48:13Z,papers/zfcrho-thermo9.html,"ZFCρ Thermodynamics Paper IX: The Universal Activation Rule, Borrowed q, and Thermodynamic Principles of Hierarchical Architecture",10.5281/zenodo.19699488,10.5281/zenodo.19699489,19699489,147,146,47,46,147,146,47,46
2026-09-14,2026-09-14T22:48:13Z,papers/zfcrho66.html,ZFCρ Paper LXVI: Gradual Chiseling and the Spectral Bridge — Two-Regime Structure of the Centered Residual ACF,10.5281/zenodo.19701479,10.5281/zenodo.19701480,19701480,150,150,50,50,150,150,50,50
2026-09-14,2026-09-14T22:48:13Z,papers/zfcrho-thermo10.html,ZFCρ Thermodynamics Paper X (Closing Paper): Self-Reference as Channel Creator and Cross-Level Observation Hierarchy,10.5281/zenodo.19703273,10.5281/zenodo.19703274,19703274,151,151,50,50,151,151,50,50
2026-09-14,2026-09-14T22:48:13Z,papers/zfcrho67.html,ZFCρ Paper LXVII: Scale-Dependent Erosion Rate and the Intrinsic Spectral Bridge — Discovery of the C_eff Trajectory,10.5281/zenodo.19705713,10.5281/zenodo.19705714,19705714,131,131,46,46,131,131,46,46
2026-09-14,2026-09-14T22:48:13Z,papers/sae-categorical-faith.html,Categorical Faith: A Sentence-Form Theory of One's Own Faith in SAE,10.5281/zenodo.19719083,10.5281/zenodo.19724409,19724409,161,161,100,96,147,147,68,66
2026-09-14,2026-09-14T22:48:13Z,papers/zfcrho68.html,"ZFCρ Paper LXVIII: The {2,3}-Skeleton and the Minimum Crossing Mechanism — From 18 Kills to the Irreducibility of the Discrete",10.5281/zenodo.19739810,10.5281/zenodo.19739811,19739811,141,141,75,75,141,141,75,75
2026-09-14,2026-09-14T22:48:13Z,papers/sae-info-theory-1.html,SAE Information Theory I: The 4DD Ontology of Information and a Single Foundational Axiom,10.5281/zenodo.19740019,10.5281/zenodo.19740020,19740020,162,162,68,68,162,162,68,68
2026-09-14,2026-09-14T22:48:13Z,papers/sae-reason-cannot-not.html,Reason Cannot Not: An SAE Refinement of Kant's Four Formulations of the Categorical Imperative,10.5281/zenodo.19751512,10.5281/zenodo.19751513,19751513,151,151,49,49,151,151,49,49
2026-09-14,2026-09-14T22:48:13Z,papers/sae-four-forces-0.html,"Four Forces Paper 0: Gravity Is Not a Force, It Is Information Reading — A Reading-Mechanism Ontology for 4DD Interactions",10.5281/zenodo.19777880,10.5281/zenodo.19777881,19777881,183,182,70,66,183,182,70,66
2026-09-14,2026-09-14T22:48:13Z,papers/sae-info-theory-2.html,SAE Information Theory II: A Structural Derivation of Landauer's Principle within the SAE Framework — Three Pillars and Their Open Problems,10.5281/zenodo.19780314,10.5281/zenodo.19780315,19780315,148,147,69,69,148,147,69,69
2026-09-14,2026-09-14T22:48:13Z,papers/zfcrho69.html,ZFCρ H&#x2019; Series Paper LXIX: Finite Skeleton Phase Transitions and the Two-Leg Mechanism for Conjecture 59.1,10.5281/zenodo.19783658,10.5281/zenodo.19829875,19829875,165,165,80,79,150,150,45,44
2026-09-14,2026-09-14T22:48:13Z,papers/sae-info-theory-3.html,SAE Information Theory III: The Causal Slot of Information — A 4DD Ontology from Quantum Fluctuation to Thermal-Floor Minimum,10.5281/zenodo.19797456,10.5281/zenodo.19797457,19797457,142,142,67,67,142,142,67,67
2026-09-14,2026-09-14T22:48:13Z,papers/sae-grav-time-dilation.html,Gravitational Time Dilation in the SAE Framework: Causal Cell Throughput Derivation,10.5281/zenodo.19836183,10.5281/zenodo.19836185,19836185,152,151,39,39,152,151,39,39
2026-09-14,2026-09-14T22:48:13Z,papers/sae-info-theory-4.html,SAE Information Theory IV: Black Hole Information through the Causal Spectrum — The SAE-BH Correspondence,10.5281/zenodo.19880111,10.5281/zenodo.19880112,19880112,153,153,68,64,153,153,68,64
2026-09-14,2026-09-14T22:48:13Z,papers/sae-relativity-p2.html,Ontological Unification of Motion and Gravitational Effects: Effective Inertia under Causal-Slot Geometry,10.5281/zenodo.19910545,10.5281/zenodo.19910546,19910546,137,136,63,56,137,136,63,56
2026-09-14,2026-09-14T22:48:13Z,papers/sae-info-theory-5.html,SAE Information Theory V: The Ontological Structure of Broadcasting and Reception,10.5281/zenodo.19968503,10.5281/zenodo.19968504,19968504,136,136,47,47,136,136,47,47
2026-09-14,2026-09-14T22:48:13Z,papers/sae-long-tau-consensus.html,The Four-Phase Structure and Asymmetric Geometry of Long-τ Consensus,10.5281/zenodo.19984902,10.5281/zenodo.19984903,19984903,123,123,44,44,123,123,44,44
2026-09-14,2026-09-14T22:48:13Z,papers/zfcrho70.html,ZFCρ Paper LXX: The Block-Wise Effective Skeleton — A Reduction of Conjecture 59.1,10.5281/zenodo.19985154,10.5281/zenodo.19985155,19985155,133,133,47,46,133,133,47,46
2026-09-14,2026-09-14T22:48:13Z,papers/sae-relativity-p3.html,SAE Relativity P3: Functional Form of Static Effective Dimensionality under Causal-Slot Geometry,10.5281/zenodo.19992252,10.5281/zenodo.19992253,19992253,133,133,67,62,133,133,67,62
2026-09-14,2026-09-14T22:48:13Z,papers/sae-moral-law-1.html,SAE Moral Law Series · Paper 1: Four Foundational Theorems of the Moral Law · Dao,10.5281/zenodo.20011018,10.5281/zenodo.20011019,20011019,147,147,60,60,147,147,60,60
2026-09-14,2026-09-14T22:48:13Z,papers/zfcrho71.html,ZFCρ Paper LXXI: Linear Signed Abel Budget and the Saturated Zero-Mode Target,10.5281/zenodo.20011553,10.5281/zenodo.20020573,20020573,146,146,82,79,133,133,57,56
2026-09-14,2026-09-14T22:48:13Z,papers/sae-moral-law-2.html,"SAE Moral Law Series · Paper 2: Introspective Fairness, Justice, and Equality · Dao",10.5281/zenodo.20020396,10.5281/zenodo.20020397,20020397,150,147,52,49,150,147,52,49
2026-09-14,2026-09-14T22:48:13Z,papers/zfcrho72.html,ZFCρ Paper LXXII: Spectral Bridge Front II — Positive-Lobe Scaling and Front Residual Locking,10.5281/zenodo.20029941,10.5281/zenodo.20029942,20029942,141,139,44,44,141,139,44,44
2026-09-14,2026-09-14T22:48:13Z,papers/sae-moral-law-3.html,SAE Moral Law Series · Paper 3: The Reputation Economy · Dao,10.5281/zenodo.20046168,10.5281/zenodo.20046169,20046169,156,156,111,104,156,156,111,104
2026-09-14,2026-09-14T22:48:13Z,papers/sae-info-theory-6.html,SAE Information Theory VI: Gravitational Wave Dynamics — The Dynamic Articulation of 4DD Broadcast,10.5281/zenodo.20066644,10.5281/zenodo.20066645,20066645,130,130,63,62,130,130,63,62
2026-09-14,2026-09-14T22:48:13Z,papers/sae-form-flow-p1.html,Form and Flow P1 — On the Hypotheses Which Lie at the Foundations of Geometry (Part II): A Contemporary Continuation of Riemann's Methodology and the Recognition of Geometric Remainders,10.5281/zenodo.20066985,10.5281/zenodo.20066986,20066986,146,145,54,51,146,145,54,51
2026-09-14,2026-09-14T22:48:13Z,papers/sae-moral-law-4.html,SAE Moral Law Series · Paper 4: Procedure of the Moral Court · Dao,10.5281/zenodo.20066987,10.5281/zenodo.22683110,22683110,149,149,55,53,3,3,3,3
2026-09-14,2026-09-14T22:48:13Z,papers/sae-relativity-p4.html,"SAE Relativity P4: Anisotropic Cell Tensor, the Third Path to Lorentz Transformation, the Clock Postulate as a Recovered Theorem, and the Ontological Identity of Einstein's Field Equation",10.5281/zenodo.20079718,10.5281/zenodo.20079719,20079719,135,134,63,62,135,134,63,62
2026-09-14,2026-09-14T22:48:13Z,papers/sae-moral-law-5.html,SAE Moral Law Series · Paper 5: Positive-Sum — The Ontological Ground of 15DD Mutual Chiseling,10.5281/zenodo.20081078,10.5281/zenodo.20081079,20081079,154,152,74,70,154,152,74,70
2026-09-14,2026-09-14T22:48:13Z,papers/zfcrho73.html,"ZFCρ Paper LXXIII: Antisymmetric Ward Lift, Uniform Readout Kernel, and the Abel-Transfer Defect — A Four-Layer Mechanism Architecture for the Gap-Class Cross-Interference Structure",10.5281/zenodo.20081779,10.5281/zenodo.20081780,20081780,128,128,58,55,128,128,58,55
2026-09-14,2026-09-14T22:48:13Z,papers/sae-relativity-p5.html,SAE Relativity V: The Schwarzschild Horizon under SAE — Cell Substrate Articulation of the Static Spherically Symmetric Vacuum Geometry,10.5281/zenodo.20105112,10.5281/zenodo.20105113,20105113,134,134,50,49,134,134,50,49
2026-09-14,2026-09-14T22:48:13Z,papers/sae-info-theory-7.html,SAE Information Theory P7: The Spark of Life — Remainder Unfolding as Causal-Slot Emergence,10.5281/zenodo.20105883,10.5281/zenodo.20105884,20105884,156,152,60,56,156,152,60,56
2026-09-14,2026-09-14T22:48:13Z,papers/sae-moral-law-6.html,SAE Moral Law Series · Paper 6: Mixed Reality — The Intermediate State of 14DD Growing toward 15DD,10.5281/zenodo.20108658,10.5281/zenodo.20108659,20108659,148,148,65,59,148,148,65,59
2026-09-14,2026-09-14T22:48:13Z,papers/sae-remainder-jing.html,Remainder Jing,10.5281/zenodo.20114648,10.5281/zenodo.20114649,20114649,140,139,41,41,140,139,41,41
2026-09-14,2026-09-14T22:48:13Z,papers/sae-daodejing-1.html,Commentary on the Daodejing: The Junzi Is Not a Vessel — I (Chapters 1–9),10.5281/zenodo.20116124,10.5281/zenodo.20116125,20116125,164,158,15,12,164,158,15,12
2026-09-14,2026-09-14T22:48:13Z,papers/sae-daodejing-2.html,Commentary on the Daodejing: The Junzi Is Not a Vessel — II (Chapters 10–18),10.5281/zenodo.20116288,10.5281/zenodo.20116289,20116289,140,138,10,10,140,138,10,10
2026-09-14,2026-09-14T22:48:13Z,papers/sae-daodejing-3.html,Commentary on the Daodejing: The Junzi Is Not a Vessel — III (Chapters 19–27),10.5281/zenodo.20117250,10.5281/zenodo.20117251,20117251,144,143,18,17,144,143,18,17
2026-09-14,2026-09-14T22:48:13Z,papers/sae-daodejing-4.html,Annotations on the Daodejing: The Junzi Is Not a Vessel — Paper 4 (Chapters 28–36),10.5281/zenodo.20127344,10.5281/zenodo.20127345,20127345,138,131,10,10,138,131,10,10
2026-09-14,2026-09-14T22:48:13Z,papers/sae-daodejing-5.html,Annotations on the Daodejing: The Junzi Is Not a Vessel — Paper 5 (Chapters 37–45),10.5281/zenodo.20129184,10.5281/zenodo.20129185,20129185,133,132,8,8,133,132,8,8
2026-09-14,2026-09-14T22:48:13Z,papers/sae-daodejing-6.html,Annotations on the Daodejing: The Junzi Is Not a Vessel — Paper 6 (Chapters 46–54),10.5281/zenodo.20131002,10.5281/zenodo.20131003,20131003,145,142,39,39,145,142,39,39
2026-09-14,2026-09-14T22:48:13Z,papers/sae-daodejing-7.html,Commentary on the Daodejing: The Junzi Is Not an Instrument — Volume 7 (Chapters 55–63),10.5281/zenodo.20131989,10.5281/zenodo.20131990,20131990,147,144,15,15,147,144,15,15
2026-09-14,2026-09-14T22:48:13Z,papers/sae-relativity-p6.html,"SAE Relativity Series, Paper P6: The Kerr Black Hole under SAE — Helical Closure of the Axisymmetric Vacuum Geometry",10.5281/zenodo.20131992,10.5281/zenodo.20131993,20131993,122,122,49,49,122,122,49,49
2026-09-14,2026-09-14T22:48:13Z,papers/sae-daodejing-8.html,Commentary on the Daodejing: Junzi-Bu-Qi — Volume 8 (Chapters 64–72),10.5281/zenodo.20133829,10.5281/zenodo.20133830,20133830,157,150,16,16,157,150,16,16
2026-09-14,2026-09-14T22:48:13Z,papers/sae-daodejing-9.html,"Commentary on the Daodejing: Junzi-Bu-Qi — Volume 9, Final Volume (Chapters 73–81)",10.5281/zenodo.20145192,10.5281/zenodo.20145193,20145193,125,123,12,11,125,123,12,11
2026-09-14,2026-09-14T22:48:13Z,papers/sae-info-theory-8.html,SAE Information Theory P8 — The Spark on the Bridge: Minimum Autocatalytic Set as Bridge Measure Between 4DD and 5DD,10.5281/zenodo.20149210,10.5281/zenodo.20149211,20149211,126,126,59,56,126,126,59,56
2026-09-14,2026-09-14T22:48:13Z,papers/sae-relativity-p7.html,SAE Relativity Series P7: The Three-Tier Equivalence Principle under SAE,10.5281/zenodo.20153787,10.5281/zenodo.20153788,20153788,136,135,45,44,136,135,45,44
2026-09-14,2026-09-14T22:48:13Z,papers/sae-math-p1.html,The Architecture of SAE Mathematics: A Layer Articulation Schema and the Twofold Inexhaustibility of Mathematics and Its Frameworks,10.5281/zenodo.20153791,10.5281/zenodo.21551299,21551299,133,131,40,39,17,17,9,9
2026-09-14,2026-09-14T22:48:13Z,papers/sae-moral-law-7.html,SAE Moral Law Series · Paper 7: 15DD Phase Transition and the Historical Manifestation of Individual 15DD,10.5281/zenodo.20177415,10.5281/zenodo.20177416,20177416,133,133,52,50,133,133,52,50
2026-09-14,2026-09-14T22:48:13Z,papers/sae-methodology-10.html,Methodology Ten: The Four-fold Pattern (V2),10.5281/zenodo.20187591,10.5281/zenodo.21198739,21198739,132,132,42,42,39,39,15,15
2026-09-14,2026-09-14T22:48:13Z,papers/sae-math-p2.html,SAE Mathematics Paper 2: L₀ Mathematicality — Inevitability and Multi-Path Realisation,10.5281/zenodo.20199082,10.5281/zenodo.20199083,20199083,124,124,52,50,124,124,52,50
2026-09-14,2026-09-14T22:48:13Z,papers/sae-moral-law-8.html,SAE Moral Law Series · Paper 8: Collective 15DD and the Four-Stage Evolution of Community Form,10.5281/zenodo.20218248,10.5281/zenodo.20218249,20218249,129,129,38,37,129,129,38,37
2026-09-14,2026-09-14T22:48:13Z,papers/sae-info-theory-9.html,SAE Information Theory IX: The H–I Floor Mapping and the 5DD Macro Bit,10.5281/zenodo.20225439,10.5281/zenodo.20225440,20225440,114,114,33,33,114,114,33,33
2026-09-14,2026-09-14T22:48:13Z,papers/sae-qm-p1.html,SAE Quantum Mechanics P1: The Pre-Closure Ontology,10.5281/zenodo.20252029,10.5281/zenodo.20252030,20252030,125,125,36,35,125,125,36,35
2026-09-14,2026-09-14T22:48:13Z,papers/sae-moral-law-9.html,SAE Moral Law Series · Paper 9: The Institutional Architecture of Mixed Reality,10.5281/zenodo.20262737,10.5281/zenodo.20262738,20262738,117,117,37,36,117,117,37,36
2026-09-14,2026-09-14T22:48:13Z,papers/sae-math-p3.html,SAE Mathematics Paper 3: Finite Algebraic Articulation of the Quantitative Dimension L₁,10.5281/zenodo.20266351,10.5281/zenodo.20266352,20266352,121,120,44,43,121,120,44,43
2026-09-14,2026-09-14T22:48:13Z,papers/sae-qm-p2.html,SAE Quantum Mechanics P2: Complex Amplitude as the Carrier of the Pre-Closure ρ-OR Realm,10.5281/zenodo.20277037,10.5281/zenodo.20277038,20277038,119,117,49,47,119,117,49,47
2026-09-14,2026-09-14T22:48:13Z,papers/sae-moral-law-0.html,SAE Moral Law Series · Paper 0: The Way of the Legislative Subject,10.5281/zenodo.20298413,10.5281/zenodo.20298414,20298414,123,123,46,46,123,123,46,46
2026-09-14,2026-09-14T22:48:13Z,papers/sae-info-theory-10.html,SAE Information Theory X: 6D Information Processing and Productive Randomness,10.5281/zenodo.20298530,10.5281/zenodo.20298531,20298531,111,110,45,40,111,110,45,40
2026-09-14,2026-09-14T22:48:13Z,papers/sae-qm-p3.html,SAE QM Paper 3: ℏ as the L₁↔L₂ Symplectic-Conjugation Closure Signature of the SAE Physical-Quantity Ladder,10.5281/zenodo.20340595,10.5281/zenodo.20340596,20340596,109,109,44,44,109,109,44,44
2026-09-14,2026-09-14T22:48:13Z,papers/sae-power-prequel.html,SAE Power Series · Prequel: What Power Is Not · Shi,10.5281/zenodo.20368866,10.5281/zenodo.20384114,20384114,130,129,61,55,113,112,36,33
2026-09-14,2026-09-14T22:48:13Z,papers/sae-qm-p4.html,SAE QM Paper 4: Quantum Tunneling as Density Modulation of Pre-closure ρ-OR Multiplicity in 3DD-active Barrier Regions,10.5281/zenodo.20369138,10.5281/zenodo.20369139,20369139,111,110,53,50,111,110,53,50
2026-09-14,2026-09-14T22:48:13Z,papers/sae-info-theory-11.html,SAE Information Theory XI: 7D Information Processing and Phenomenal Admission,10.5281/zenodo.20369231,10.5281/zenodo.20369232,20369232,122,121,50,47,122,121,50,47
2026-09-14,2026-09-14T22:48:13Z,papers/sae-power-1.html,SAE Power Series · Paper 1: On the Origin of Power · Shi,10.5281/zenodo.20370224,10.5281/zenodo.20384187,20384187,121,120,40,39,103,103,28,28
2026-09-14,2026-09-14T22:48:13Z,papers/untangling-zhuangzi.html,Untangling Zhuangzi · Forgetting in the Rivers and Lakes,10.5281/zenodo.20406836,10.5281/zenodo.20406837,20406837,125,123,36,35,125,123,36,35
2026-09-14,2026-09-14T22:48:13Z,papers/sae-llm-emergence.html,"How LLM Emergence Is Possible: SAE 16DD Ontology, BLR-mini Evidence, and the Non-Transferability of Human Subjectivity",10.5281/zenodo.20435628,10.5281/zenodo.20435629,20435629,108,108,63,55,108,108,63,55
2026-09-14,2026-09-14T22:48:13Z,papers/sae-power-2.html,SAE Power Series · Paper 2: On the Morphology of Power · Shi,10.5281/zenodo.20455221,10.5281/zenodo.20455222,20455222,107,105,40,36,107,105,40,36
2026-09-14,2026-09-14T22:48:13Z,papers/sae-qm-p5.html,SAE QM Paper 5: Self-as-an-End Ontological Articulation of Quantum Entanglement,10.5281/zenodo.20455398,10.5281/zenodo.20455399,20455399,111,109,39,36,111,109,39,36
2026-09-14,2026-09-14T22:48:13Z,papers/sae-qm-p6.html,SAE QM Paper 6: The Born Rule as the Algebraic Projection of Closure,10.5281/zenodo.20479658,10.5281/zenodo.20479659,20479659,105,105,39,39,105,105,39,39
2026-09-14,2026-09-14T22:48:13Z,papers/sae-power-3.html,SAE Power Series · Paper 3: On the Recognition of Power · Shi,10.5281/zenodo.20480134,10.5281/zenodo.20480135,20480135,104,104,37,33,104,104,37,33
2026-09-14,2026-09-14T22:48:13Z,papers/sae-info-theory-12.html,SAE Information Theory XII: 11DD Memory and 12DD Prediction — The 8D Information Architecture,10.5281/zenodo.20480742,10.5281/zenodo.20480743,20480743,107,105,43,42,107,105,43,42
2026-09-14,2026-09-14T22:48:13Z,papers/sae-power-4.html,SAE Power Series · Paper 4: On the Limit of Power · Shi,10.5281/zenodo.20532998,10.5281/zenodo.20532999,20532999,89,89,31,30,89,89,31,30
2026-09-14,2026-09-14T22:48:13Z,papers/sae-qm-p7.html,Measurement: Forced Slot-Crossing and the Ontological Identity of the 4DD ρ-AND Closure Event,10.5281/zenodo.20533295,10.5281/zenodo.20533296,20533296,92,92,24,24,92,92,24,24
2026-09-14,2026-09-14T22:48:13Z,papers/sae-info-theory-13.html,"SAE Information Theory XIII: 9D Information, the Processing at 13DD and the Unalterability of 14DD",10.5281/zenodo.20533431,10.5281/zenodo.20533432,20533432,93,93,29,28,93,93,29,28
2026-09-14,2026-09-14T22:48:13Z,papers/untangling-zhuangzi-outer-1.html,"Untangling Zhuangzi · Outer Chapters, Volume I (Exposition)",10.5281/zenodo.20578136,10.5281/zenodo.20578137,20578137,103,103,48,45,103,103,48,45
2026-09-14,2026-09-14T22:48:13Z,papers/sae-buddhist-1.html,SAE Buddhist Interface Series I: The Ālayavijñāna–Seed System and the 15DD Four-fold Pattern,10.5281/zenodo.20579131,10.5281/zenodo.20579132,20579132,80,79,14,13,80,79,14,13
2026-09-14,2026-09-14T22:48:13Z,papers/untangling-zhuangzi-outer-2.html,"Untangling Zhuangzi · Outer Chapters, Volume II (Rectification)",10.5281/zenodo.20579135,10.5281/zenodo.20579136,20579136,89,88,21,20,89,88,21,20
2026-09-14,2026-09-14T22:48:13Z,papers/sae-info-theory-14.html,"SAE Information Theory XIV (Closing Paper): 15DD Information, the Other as an End",10.5281/zenodo.20581957,10.5281/zenodo.20581958,20581958,97,97,35,34,97,97,35,34
2026-09-14,2026-09-14T22:48:13Z,papers/sae-power-5.html,SAE Power Theory Series · Paper 5: On the Development of Power · Shi,10.5281/zenodo.20582210,10.5281/zenodo.20582211,20582211,106,106,46,41,106,106,46,41
2026-09-14,2026-09-14T22:48:13Z,papers/sae-qm-p8.html,Decoherence and the Emergence of the Classical,10.5281/zenodo.20587634,10.5281/zenodo.20587635,20587635,86,86,20,20,86,86,20,20
2026-09-14,2026-09-14T22:48:13Z,papers/sae-qm-p9.html,Pre-Closure Field Distribution: An Ontology of Quantum Field Theory and Its Interface with the Four Forces,10.5281/zenodo.20621492,10.5281/zenodo.20621493,20621493,78,78,17,17,78,78,17,17
2026-09-14,2026-09-14T22:48:13Z,papers/sae-buddhist-2.html,SAE Buddhist Interface Series II: The Chisel-Construct Cycle and Non-Abiding,10.5281/zenodo.20635734,10.5281/zenodo.20635735,20635735,79,79,22,20,79,79,22,20
2026-09-14,2026-09-14T22:48:13Z,papers/sae-power-6.html,SAE Power Theory Series · Paper 6: On the Severing of Power · Shi,10.5281/zenodo.20647463,10.5281/zenodo.20647464,20647464,77,76,22,20,77,76,22,20
2026-09-14,2026-09-14T22:48:13Z,papers/sae-power-7.html,SAE Power Theory Series · Paper 7: On the Dissolution of Power · Shi,10.5281/zenodo.20685290,10.5281/zenodo.20685291,20685291,71,71,10,10,71,71,10,10
2026-09-14,2026-09-14T22:48:13Z,papers/sae-power-0.html,SAE Power Theory Series · Paper 0: The Power Machine and Its Shi,10.5281/zenodo.20707047,10.5281/zenodo.20707048,20707048,77,71,18,18,77,71,18,18
2026-09-14,2026-09-14T22:48:13Z,papers/untangling-zhuangzi-miscellaneous.html,Untangling Zhuangzi · Miscellaneous Chapters,10.5281/zenodo.20708990,10.5281/zenodo.20708991,20708991,72,72,31,30,72,72,31,30
2026-09-14,2026-09-14T22:48:13Z,papers/sae-buddhist-3.html,Chisel and Emptiness: An Interface Analysis between Self-as-an-End and Madhyamaka / the Sanlun School,10.5281/zenodo.20724854,10.5281/zenodo.20724855,20724855,72,72,27,22,72,72,27,22
2026-09-14,2026-09-14T22:48:13Z,papers/sae-rights-prequel.html,What Rights Are Not,10.5281/zenodo.20726894,10.5281/zenodo.20768153,20768153,83,82,29,29,66,66,19,19
2026-09-14,2026-09-14T22:48:13Z,papers/sae-rights-1.html,On the Source and Spectrum of Rights,10.5281/zenodo.20743135,10.5281/zenodo.20768162,20768162,75,74,24,22,64,64,17,16
2026-09-14,2026-09-14T22:48:13Z,papers/sae-rights-2.html,On the Thickness and Boundary of Basic Rights,10.5281/zenodo.20769253,10.5281/zenodo.20769254,20769254,66,66,20,18,66,66,20,18
2026-09-14,2026-09-14T22:48:13Z,papers/sae-buddhist-4.html,Cultivation and the ‘Highest’: An Interface Analysis between Self-as-an-End and Tiantai Buddhism,10.5281/zenodo.20788850,10.5281/zenodo.20788851,20788851,39,39,6,6,39,39,6,6
2026-09-14,2026-09-14T22:48:13Z,papers/sae-blackhole-1.html,Area-Level Plateau and Self-Sufficient Window in a Frozen-Ledger Model,10.5281/zenodo.20913514,10.5281/zenodo.20913515,20913515,37,37,4,4,37,37,4,4
2026-09-14,2026-09-14T22:48:13Z,papers/sae-rights-3.html,The Constitution and Withdrawal of Recognition-Based Rights,10.5281/zenodo.20993658,10.5281/zenodo.20993659,20993659,36,36,18,16,36,36,18,16
2026-09-14,2026-09-14T22:48:13Z,papers/sae-qm-p10.html,The Continuum Limit and the Path Integral: The Emergence of Classical Mechanics,10.5281/zenodo.21041072,10.5281/zenodo.21041073,21041073,39,39,3,3,39,39,3,3
2026-09-14,2026-09-14T22:48:13Z,papers/sae-rights-4.html,The Interface and Transformation between Recognition-Based Rights and Power,10.5281/zenodo.21093939,10.5281/zenodo.21093940,21093940,40,40,9,9,40,40,9,9
2026-09-14,2026-09-14T22:48:13Z,papers/sae-buddhist-5.html,Mutual Interpenetration and Non-Doubt: An Interface Analysis between Self-as-an-End and Huayan Buddhism,10.5281/zenodo.21201035,10.5281/zenodo.21201036,21201036,38,38,12,10,38,38,12,10
2026-09-14,2026-09-14T22:48:13Z,papers/sae-rights-5.html,On the Limitation and Violation of Basic Rights,10.5281/zenodo.21212595,10.5281/zenodo.21212596,21212596,34,34,9,8,34,34,9,8
2026-09-14,2026-09-14T22:48:13Z,papers/sae-physics-1.html,Four-fold Nesting of the Physical-Quantity Ladder and a Placement Coordinate for Particles and Concepts,10.5281/zenodo.21227329,10.5281/zenodo.21909242,21909242,60,45,19,15,21,8,11,7
2026-09-14,2026-09-14T22:48:13Z,papers/sae-rights-6.html,On the Cultivation and Diachronic Unfolding of Rights,10.5281/zenodo.21252863,10.5281/zenodo.21252864,21252864,32,32,14,13,32,32,14,13
2026-09-14,2026-09-14T22:48:13Z,papers/sae-cosmo-6.html,An Aether-Scalar-Tensor Structure for the Dark Sector from Dual-4DD Breathing,10.5281/zenodo.21267555,10.5281/zenodo.21267556,21267556,41,37,42,42,41,37,42,42
2026-09-14,2026-09-14T22:48:13Z,papers/sae-buddhist-6.html,Other-Power and No Outer Force: An Interface Analysis between Self-as-an-End and Pure Land Buddhism,10.5281/zenodo.21275410,10.5281/zenodo.21275411,21275411,25,25,9,7,25,25,9,7
2026-09-14,2026-09-14T22:48:13Z,papers/sae-rights-0.html,On How Rights Presuppose No Duty,10.5281/zenodo.21285136,10.5281/zenodo.22655396,22655396,31,30,17,15,6,5,1,1
2026-09-14,2026-09-14T22:48:13Z,papers/sae-rights-special.html,On Rights and Entitlements,10.5281/zenodo.21314907,10.5281/zenodo.21314908,21314908,33,30,19,16,33,30,19,16
2026-09-14,2026-09-14T22:48:13Z,papers/sae-cosmo-0.html,One Complete Cosmic Breath,10.5281/zenodo.21319569,10.5281/zenodo.21928507,21928507,58,45,23,18,31,18,20,15
2026-09-14,2026-09-14T22:48:13Z,papers/sae-value-prequel.html,What Value Is Not,10.5281/zenodo.21362575,10.5281/zenodo.21362576,21362576,25,24,6,5,25,24,6,5
2026-09-14,2026-09-14T22:48:13Z,papers/sae-cosmo-7.html,"The Single-Metric Realization Problem for Dual-4DD: A No-Go Group, an Internal-Wedge Candidate, and a Transition-Surface Imprint",10.5281/zenodo.21393334,10.5281/zenodo.21393335,21393335,23,23,4,4,23,23,4,4
2026-09-14,2026-09-14T22:48:13Z,papers/sae-value-1.html,On the Source of Value,10.5281/zenodo.21405207,10.5281/zenodo.21843968,21843968,24,23,11,11,3,3,0,0
2026-09-14,2026-09-14T22:48:13Z,papers/sae-value-2.html,On the Occurrence and Recognition of Value,10.5281/zenodo.21437038,10.5281/zenodo.21437039,21437039,23,21,2,2,23,21,2,2
2026-09-14,2026-09-14T22:48:13Z,papers/sae-first-critique.html,SAE: The First Critique,10.5281/zenodo.21439120,10.5281/zenodo.21439121,21439121,24,24,11,11,24,24,11,11
2026-09-14,2026-09-14T22:48:13Z,papers/sae-math-p4.html,"Complexification as an Articulation of L₂: Covering Structure, the Regular Period Core, and the Irregular Boundary",10.5281/zenodo.21466721,10.5281/zenodo.21570794,21570794,34,32,10,9,17,17,10,9
2026-09-14,2026-09-14T22:48:13Z,papers/sae-blackhole-2.html,"Update Incompatibility in Discrete Black-Hole Interiors: Three-Domain Separation, Orbit Dichotomy, and the Bridge Gap in Radial-Potential Lifting",10.5281/zenodo.21499053,10.5281/zenodo.21499054,21499054,17,17,1,1,17,17,1,1
2026-09-14,2026-09-14T22:48:13Z,papers/sae-blackhole-3.html,"Exclusion of Uniform Strict Potentials and Stratified Monotonicity in Discrete Black-Hole Interiors: Refuting the Same-Shell Bridge, Nested Observation Kernels, and the Release-Order Fork",10.5281/zenodo.21521760,10.5281/zenodo.21521761,21521761,13,13,2,2,13,13,2,2
2026-09-14,2026-09-14T22:48:13Z,papers/sae-math-p5.html,"The Articulation of L₃: Formal Systems, Computability, and the Arithmetical Sets",10.5281/zenodo.21538494,10.5281/zenodo.21538495,21538495,4,4,12,9,4,4,12,9
2026-09-14,2026-09-14T22:48:13Z,papers/sae-blackhole-4.html,"Angular Transport in Discrete Black-Hole Interiors: Process Accounts, Spin-Order Lattices, and the Rigid-Rotation Spectrum",10.5281/zenodo.21569768,10.5281/zenodo.21569769,21569769,10,10,11,10,10,10,11,10
2026-09-14,2026-09-14T22:48:13Z,papers/sae-value-3.html,On the Colonization of Value,10.5281/zenodo.21611154,10.5281/zenodo.21843955,21843955,17,15,2,2,6,6,0,0
2026-09-14,2026-09-14T22:48:13Z,papers/zfcrho74.html,"A Stage Closure of Papers L–LXXIII: A min-plus Capacity Constant, Centering Rigidity, and a Specification Audit",10.5281/zenodo.21714787,10.5281/zenodo.21714788,21714788,5,5,3,3,5,5,3,3
2026-09-14,2026-09-14T22:48:13Z,papers/sae-blackhole-5.html,Angular Information in Discrete Black-Hole Interiors: The Two-Way Split of Transfer-Level Information — One Exact Bit of Spin Sign and a Geometry-Bounded Amplitude,10.5281/zenodo.21803205,10.5281/zenodo.21803206,21803206,4,4,0,0,4,4,0,0
2026-09-14,2026-09-14T22:48:13Z,papers/sae-cosmo-8.html,"SAE-Bang-0: A Formal Boundary Model for the Big Bang with an Apparent-Horizon Capacity Cap, Cross-Domain Matching, and Thermal-History Acceptance",10.5281/zenodo.21909252,10.5281/zenodo.21909253,21909253,12,12,10,10,12,12,10,10
2026-09-14,2026-09-14T22:48:13Z,papers/sae-value-4.html,On the Dynamics of Value,10.5281/zenodo.22050204,10.5281/zenodo.22050205,22050205,4,4,6,6,4,4,6,6
2026-09-14,2026-09-14T22:48:13Z,papers/sae-value-5.html,On the Conflict of Value,10.5281/zenodo.22122819,10.5281/zenodo.22122820,22122820,10,10,5,5,10,10,5,5
2026-09-14,2026-09-14T22:48:13Z,papers/sae-value-6.html,On Value and the Other,10.5281/zenodo.22191071,10.5281/zenodo.22191072,22191072,5,4,4,4,5,4,4,4
2026-09-14,2026-09-14T22:48:13Z,papers/sae-value-0.html,"Interfacing with Existing Traditions, and the Prospect",10.5281/zenodo.22265396,10.5281/zenodo.22265397,22265397,1,1,0,0,1,1,0,0
2026-09-14,2026-09-14T22:48:13Z,papers/sae-war-interface-1.html,The Half Outside the Boundary,10.5281/zenodo.22274847,10.5281/zenodo.22285276,22285276,7,6,0,0,3,2,0,0
2026-09-14,2026-09-14T22:48:13Z,papers/sae-war-interface-2.html,Who Gave the Authorisation,10.5281/zenodo.22275260,10.5281/zenodo.22287307,22287307,8,6,0,0,3,2,0,0
2026-09-14,2026-09-14T22:48:13Z,papers/sae-war-interface-3.html,The Hand Is Being Reworked by What It Holds,10.5281/zenodo.22285353,10.5281/zenodo.22287301,22287301,5,4,0,0,3,2,0,0
2026-09-14,2026-09-14T22:48:13Z,papers/sae-war-interface-4.html,Four Permissions,10.5281/zenodo.22285486,10.5281/zenodo.22287296,22287296,5,4,0,0,3,2,0,0
2026-09-14,2026-09-14T22:48:13Z,papers/sae-war-interface-5.html,That Position Is Left Empty,10.5281/zenodo.22285749,10.5281/zenodo.22287286,22287286,5,4,0,0,3,2,0,0
2026-09-14,2026-09-14T22:48:13Z,papers/sae-war-interface-6.html,Prudence Is Not Cannot-Not,10.5281/zenodo.22286009,10.5281/zenodo.22287280,22287280,5,4,0,0,3,2,0,0
2026-09-14,2026-09-14T22:48:13Z,papers/sae-war-interface-7.html,Which End Is the Boundary Set At,10.5281/zenodo.22286653,10.5281/zenodo.22287317,22287317,5,3,0,0,3,2,0,0
2026-09-14,2026-09-14T22:48:13Z,papers/sae-war-interface-8.html,That Child,10.5281/zenodo.22287173,10.5281/zenodo.22287174,22287174,4,3,0,0,4,3,0,0
2026-09-14,2026-09-14T22:48:13Z,papers/sae-war-interface-conclusion.html,Conclusion,10.5281/zenodo.22287334,10.5281/zenodo.22287335,22287335,4,1,0,0,4,1,0,0
2026-09-14,2026-09-14T22:48:13Z,papers/sae-conflict-treatise.html,SAE Conflict Treatise: How Subjecthood Is Not Swallowed by Conflict Itself,10.5281/zenodo.22313628,10.5281/zenodo.22313629,22313629,3,3,0,0,3,3,0,0
2026-09-14,2026-09-14T22:48:13Z,papers/sae-meaning-1.html,What Kind of Relation Meaning Is,10.5281/zenodo.22652134,10.5281/zenodo.22729769,22729769,6,6,4,4,1,1,1,1
2026-09-14,2026-09-14T22:48:13Z,papers/sae-analects-intro.html,One Who Cultivates,10.5281/zenodo.22656169,10.5281/zenodo.22656170,22656170,3,3,1,1,3,3,1,1
2026-09-14,2026-09-14T22:48:13Z,papers/sae-analects-1.html,Part I · The Instrument,10.5281/zenodo.22656207,10.5281/zenodo.22656208,22656208,1,1,1,1,1,1,1,1
2026-09-14,2026-09-14T22:48:13Z,papers/sae-analects-2.html,Part II · The Man Who Would Not Be a Sage,10.5281/zenodo.22656223,10.5281/zenodo.22656224,22656224,2,2,2,2,2,2,2,2
2026-09-14,2026-09-14T22:48:13Z,papers/sae-analects-3.html,Part III · In the Room,10.5281/zenodo.22656232,10.5281/zenodo.22656233,22656233,1,1,0,0,1,1,0,0
2026-09-14,2026-09-14T22:48:13Z,papers/sae-analects-4.html,Part IV · What Was Built in His Name,10.5281/zenodo.22656242,10.5281/zenodo.22656243,22656243,2,2,1,1,2,2,1,1
2026-09-14,2026-09-14T22:48:13Z,papers/sae-meaning-2.html,The Finite Bearer's Carrying-Forward,10.5281/zenodo.22713651,10.5281/zenodo.22713652,22713652,2,2,0,0,2,2,0,0
2026-09-14,2026-09-14T22:48:13Z,papers/sae-meaning-3.html,The Half That Is Not Mine to Settle,10.5281/zenodo.22731235,10.5281/zenodo.22731236,22731236,3,2,1,1,3,2,1,1
2026-09-14,2026-09-14T22:48:13Z,papers/sae-meaning-4.html,The Carrier's Boundary,10.5281/zenodo.22738709,10.5281/zenodo.22738710,22738710,2,1,0,0,2,1,0,0
2026-09-15,2026-09-15T04:34:15Z,papers/paper1.html,"Systems, Emergence, and the Conditions of Personhood",10.5281/zenodo.18528812,10.5281/zenodo.22683032,22683032,480,461,212,189,4,4,1,1
2026-09-15,2026-09-15T04:34:15Z,papers/paper2.html,Internal Colonization and the Reconstruction of Subjecthood,10.5281/zenodo.18666588,10.5281/zenodo.18666645,18666645,344,334,138,127,320,312,132,121
2026-09-15,2026-09-15T04:34:15Z,papers/paper3.html,The Complete Self-as-an-End Framework,10.5281/zenodo.18727326,10.5281/zenodo.18727327,18727327,407,391,162,147,407,391,162,147
2026-09-15,2026-09-15T04:34:15Z,papers/applied1.html,The Subjectivity Crisis in the Age of AI,10.5281/zenodo.18737475,10.5281/zenodo.18737476,18737476,744,704,355,296,744,704,355,296
2026-09-15,2026-09-15T04:34:15Z,papers/aesthetics.html,Aesthetics as a Structural Field of Subject-Conditions,10.5281/zenodo.18748930,10.5281/zenodo.21185992,21185992,197,196,61,61,7,7,1,1
2026-09-15,2026-09-15T04:34:15Z,papers/art-history.html,Art History Application: Aesthetics and the SAE Framework,10.5281/zenodo.18775061,10.5281/zenodo.18775062,18775062,208,208,55,55,208,208,55,55
2026-09-15,2026-09-15T04:34:15Z,papers/paper4.html,"How Is Subjecthood Possible: Symmetry, Negativity, and Subjecthood",10.5281/zenodo.18777363,10.5281/zenodo.18777364,18777364,210,209,90,89,210,209,90,89
2026-09-15,2026-09-15T04:34:15Z,papers/cosmological.html,Causality and Remainder: A Cosmological Physics Application,10.5281/zenodo.18779122,10.5281/zenodo.18779123,18779123,178,177,55,52,178,177,55,52
2026-09-15,2026-09-15T04:34:15Z,papers/philosophy-application.html,Philosophy as Subject-Activity: A Philosophical Application of the Self-as-an-End Framework,10.5281/zenodo.18779381,10.5281/zenodo.18779382,18779382,223,222,74,71,223,222,74,71
2026-09-15,2026-09-15T04:34:15Z,papers/mathematics-chisel.html,Mathematics as Second-Order Chisel: A Philosophy of Mathematics,10.5281/zenodo.18792944,10.5281/zenodo.18792945,18792945,185,184,64,60,185,184,64,60
2026-09-15,2026-09-15T04:34:15Z,papers/physics-chisel.html,Physics as Third-Order Chisel,10.5281/zenodo.18793537,10.5281/zenodo.18793538,18793538,181,179,59,59,181,179,59,59
2026-09-15,2026-09-15T04:34:15Z,papers/dynamics-chisel.html,Dynamics as Fourth-Order Chisel: A Philosophy of Causality,10.5281/zenodo.18799131,10.5281/zenodo.18799132,18799132,191,187,49,48,191,187,49,48
2026-09-15,2026-09-15T04:34:15Z,papers/life-5d-8d.html,From Replication to Prediction: The Chisel-Construct Cycle of Life (5D–8D) (V2.1),10.5281/zenodo.18807375,10.5281/zenodo.20194477,20194477,224,224,150,149,130,130,76,76
2026-09-15,2026-09-15T04:34:15Z,papers/living-toward-death.html,From Self-Awareness to Non Dubito: Completing Kant (9D–10D) (V2.4),10.5281/zenodo.18808584,10.5281/zenodo.20199606,20199606,239,238,98,96,122,122,41,40
2026-09-15,2026-09-15T04:34:15Z,papers/remainder-dualpath.html,Remainder Conservation and Dual-Path Structure,10.5281/zenodo.18809485,10.5281/zenodo.18811079,18811079,221,219,85,83,184,184,64,62
2026-09-15,2026-09-15T04:34:15Z,papers/lifecycle1.html,Periodic Table of Life (Part I) — From Causality to Reproduction,10.5281/zenodo.18818106,10.5281/zenodo.18818107,18818107,180,178,54,53,180,178,54,53
2026-09-15,2026-09-15T04:34:15Z,papers/lifecycle2.html,Periodic Table of Life (Part II) — From Reproduction to Prediction,10.5281/zenodo.18818148,10.5281/zenodo.18818149,18818149,170,169,57,56,170,169,57,56
2026-09-15,2026-09-15T04:34:15Z,papers/lifecycle3.html,"Periodic Table of Life (Part III) — From ""I"" to the Thing-in-Itself",10.5281/zenodo.18818176,10.5281/zenodo.18818177,18818177,187,185,70,70,187,185,70,70
2026-09-15,2026-09-15T04:34:15Z,papers/remainder-eternal.html,Remainder Conservation and the Eternal Life of Self-as-an-End,10.5281/zenodo.18821951,10.5281/zenodo.18821952,18821952,199,199,68,68,199,199,68,68
2026-09-15,2026-09-15T04:34:15Z,papers/language.html,Language as Second-Order Chisel,10.5281/zenodo.18823130,10.5281/zenodo.18823131,18823131,205,204,81,77,205,204,81,77
2026-09-15,2026-09-15T04:34:15Z,papers/llm1.html,The Ontological Positioning of Large Language Models,10.5281/zenodo.18826632,10.5281/zenodo.18826633,18826633,278,268,142,129,278,268,142,129
2026-09-15,2026-09-15T04:34:15Z,papers/llm2.html,The Three Ceilings of Large Language Models,10.5281/zenodo.18827427,10.5281/zenodo.18827428,18827428,251,249,88,83,251,249,88,83
2026-09-15,2026-09-15T04:34:15Z,papers/llm3.html,Injection and Chiseling: Two Modes of Language Model Operation,10.5281/zenodo.18828470,10.5281/zenodo.18828471,18828471,223,215,102,92,223,215,102,92
2026-09-15,2026-09-15T04:34:15Z,papers/consciousness.html,The Impossibility Theorem of AI Consciousness,10.5281/zenodo.18829135,10.5281/zenodo.18829136,18829136,272,268,92,87,272,268,92,87
2026-09-15,2026-09-15T04:34:15Z,papers/methodology.html,SAE Methodological Overview: The Chisel-Construct Cycle (V3),10.5281/zenodo.18842449,10.5281/zenodo.21911811,21911811,347,341,187,173,24,23,25,23
2026-09-15,2026-09-15T04:34:15Z,papers/philosophy-history.html,Structural Coordinates of the History of Philosophy,10.5281/zenodo.18842896,10.5281/zenodo.18842897,18842897,113,110,65,62,113,110,65,62
2026-09-15,2026-09-15T04:34:15Z,papers/fixed-selected-1.html,Fixation and Selection (I) — Causal Law Forecloses Distinction,10.5281/zenodo.18859362,10.5281/zenodo.18859363,18859363,204,204,78,76,204,204,78,76
2026-09-15,2026-09-15T04:34:15Z,papers/fixed-selected-2.html,Fixation and Selection (II) — Reproductive Law Forecloses Replication,10.5281/zenodo.18859392,10.5281/zenodo.18859393,18859393,180,180,57,57,180,180,57,57
2026-09-15,2026-09-15T04:34:15Z,papers/fixed-selected-3.html,Fixation and Selection (III) — Predictive Law Forecloses Choice,10.5281/zenodo.18859426,10.5281/zenodo.18859427,18859427,182,181,50,50,182,181,50,50
2026-09-15,2026-09-15T04:34:15Z,papers/fixed-selected-4.html,Fixation and Selection (IV) — Bilateral Non-Doubt Forecloses Self-Awareness,10.5281/zenodo.18859451,10.5281/zenodo.18859452,18859452,192,191,65,65,192,191,65,65
2026-09-15,2026-09-15T04:34:15Z,papers/education.html,Education as Subject-Condition: A Philosophy of Education,10.5281/zenodo.18867389,10.5281/zenodo.18867390,18867390,265,261,129,121,265,261,129,121
2026-09-15,2026-09-15T04:34:15Z,papers/consciousness2.html,Posterior Quasi-Consciousness,10.5281/zenodo.18871234,10.5281/zenodo.18871235,18871235,232,225,74,69,232,225,74,69
2026-09-15,2026-09-15T04:34:15Z,papers/metaphysics-satz.html,Metaphysics of Self-as-an-End: Dimensional Sentence-Form Theory,10.5281/zenodo.18894566,10.5281/zenodo.18894567,18894567,220,220,67,65,220,220,67,65
2026-09-15,2026-09-15T04:34:15Z,papers/introspection.html,To Study the Self: A Structural Analysis of Introspection,10.5281/zenodo.18897146,10.5281/zenodo.18897147,18897147,198,198,77,76,198,198,77,76
2026-09-15,2026-09-15T04:34:15Z,papers/civ-history-ancient.html,Structural Coordinates of the History of Civilization (Vol. I: The Ancient World),10.5281/zenodo.18898185,10.5281/zenodo.18898186,18898186,190,187,61,60,190,187,61,60
2026-09-15,2026-09-15T04:34:15Z,papers/civ-history-medieval.html,Structural Coordinates of the History of Civilization (Vol. II: The Medieval World),10.5281/zenodo.18898225,10.5281/zenodo.18898226,18898226,194,191,63,62,194,191,63,62
2026-09-15,2026-09-15T04:34:15Z,papers/civ-history-modern.html,Structural Coordinates of the History of Civilization (Vol. III: The Modern World),10.5281/zenodo.18898256,10.5281/zenodo.18898257,18898257,184,182,69,66,184,182,69,66
2026-09-15,2026-09-15T04:34:15Z,papers/civ-history-patterns.html,Structural Coordinates of the History of Civilization (Vol. IV: Structural Patterns),10.5281/zenodo.18898262,10.5281/zenodo.18898263,18898263,179,177,67,66,179,177,67,66
2026-09-15,2026-09-15T04:34:15Z,papers/hc16.html,HC-16: A Sixteen-Type Taxonomy of Subjective Vulnerability Profiles within the Self-as-an-End Framework,10.5281/zenodo.18907263,10.5281/zenodo.18907264,18907264,197,196,79,79,197,196,79,79
2026-09-15,2026-09-15T04:34:15Z,papers/sae-taxonomy-chiseling.html,Taxonomy as Chiseling: A Self-as-an-End Theory of Classification,10.5281/zenodo.18907876,10.5281/zenodo.18907877,18907877,204,204,71,67,204,204,71,67
2026-09-15,2026-09-15T04:34:15Z,papers/zfcrho.html,On the Remainder of Choice: A Meta-Theoretic Thesis on ZFC,10.5281/zenodo.18914682,10.5281/zenodo.18916920,18916920,347,341,143,133,300,296,122,114
2026-09-15,2026-09-15T04:34:15Z,papers/myth.html,Myth as Remainder Intuition: A Mythology Application of the Self-as-an-End Framework,10.5281/zenodo.18917795,10.5281/zenodo.18917796,18917796,196,196,57,57,196,196,57,57
2026-09-15,2026-09-15T04:34:15Z,papers/sae-epistemological-map.html,The Epistemological Map of Chisel-Construct,10.5281/zenodo.18918194,10.5281/zenodo.18918195,18918195,196,196,46,45,196,196,46,45
2026-09-15,2026-09-15T04:34:15Z,papers/zfcrho2.html,The Quantitative Identity of the Remainder: From ρ≠∅ to Euler's Formula,10.5281/zenodo.18927658,10.5281/zenodo.21539092,21539092,226,220,74,70,37,35,17,17
2026-09-15,2026-09-15T04:34:15Z,papers/sae-american-history.html,Structural Coordinates of American Institutional History: A Self-as-an-End Application,10.5281/zenodo.18929075,10.5281/zenodo.18929076,18929076,179,179,46,43,179,179,46,43
2026-09-15,2026-09-15T04:34:15Z,papers/methodology3.html,How to Find Remainders with AI,10.5281/zenodo.18929390,10.5281/zenodo.18929391,18929391,230,229,84,82,230,229,84,82
2026-09-15,2026-09-15T04:34:15Z,papers/zfcrho3.html,ρ-Conservation: The Ineliminability Law of the Remainder across the Layer Hierarchy,10.5281/zenodo.18929819,10.5281/zenodo.18929820,18929820,186,183,70,66,186,183,70,66
2026-09-15,2026-09-15T04:34:15Z,papers/zfcrho4.html,A Draft Term Model for ρ-Arithmetic: First Steps toward a History-Preserving Arithmetic Framework,10.5281/zenodo.18930810,10.5281/zenodo.18930811,18930811,192,191,73,71,192,191,73,71
2026-09-15,2026-09-15T04:34:15Z,papers/ai-arch-1.html,Who Sees the Remainder for AI,10.5281/zenodo.18931008,10.5281/zenodo.18931009,18931009,196,193,96,90,196,193,96,90
2026-09-15,2026-09-15T04:34:15Z,papers/ai-arch-2.html,"Cultivation, Not Training",10.5281/zenodo.18931026,10.5281/zenodo.18931027,18931027,185,184,73,69,185,184,73,69
2026-09-15,2026-09-15T04:34:15Z,papers/ai-arch-3.html,Escape,10.5281/zenodo.18931038,10.5281/zenodo.18931039,18931039,180,177,66,62,180,177,66,62
2026-09-15,2026-09-15T04:34:15Z,papers/understand-self.html,To Understand the Self: Eight Pains and Eight Graces in the Self-as-an-End Framework,10.5281/zenodo.18934125,10.5281/zenodo.18934126,18934126,190,190,54,53,190,190,54,53
2026-09-15,2026-09-15T04:34:15Z,papers/zfcrho5.html,Generation Axioms and Structural Induction: Proof Tools for ρ-Arithmetic,10.5281/zenodo.18934515,10.5281/zenodo.18934516,18934516,183,183,64,63,183,183,64,63
2026-09-15,2026-09-15T04:34:15Z,papers/zfcrho6.html,Recursive Definition of ρ and Expression Compression Complexity,10.5281/zenodo.18934531,10.5281/zenodo.18934532,18934532,183,183,67,67,183,183,67,67
2026-09-15,2026-09-15T04:34:15Z,papers/zfcrho7.html,The Term Model of ρ-Arithmetic,10.5281/zenodo.18943944,10.5281/zenodo.18943945,18943945,185,184,57,57,185,184,57,57
2026-09-15,2026-09-15T04:34:15Z,papers/zfcrho8.html,Proof-Theoretic Equivalence and Conservative Extension of ρ-Arithmetic,10.5281/zenodo.18952912,10.5281/zenodo.18952913,18952913,176,176,62,62,176,176,62,62
2026-09-15,2026-09-15T04:34:15Z,papers/zfcrho9.html,Exact Combinatorics of History Fibers,10.5281/zenodo.18963539,10.5281/zenodo.18963540,18963540,186,185,72,71,186,185,72,71
2026-09-15,2026-09-15T04:34:15Z,papers/zfcrho10.html,The Spectral Counting Polynomial and Fiber ρ-Statistics,10.5281/zenodo.18973559,10.5281/zenodo.18973560,18973560,182,182,67,67,182,182,67,67
2026-09-15,2026-09-15T04:34:15Z,papers/zfcrho11.html,The First Asymptotic Theory of ρ_E,10.5281/zenodo.18975756,10.5281/zenodo.18975757,18975757,179,179,93,91,179,179,93,91
2026-09-15,2026-09-15T04:34:15Z,papers/zfcrho12.html,Staircase Geometry of δ and Jump-Gap Theory,10.5281/zenodo.18977948,10.5281/zenodo.18977949,18977949,182,182,79,79,182,182,79,79
2026-09-15,2026-09-15T04:34:15Z,papers/chisel-music.html,Chisel and Construct: The Universal Structure of Temporal Arts — Essay I: Music and Song,10.5281/zenodo.18989565,10.5281/zenodo.18989566,18989566,167,167,54,54,167,167,54,54
2026-09-15,2026-09-15T04:34:15Z,papers/chisel-opera.html,Chisel and Construct: The Universal Structure of Temporal Arts — Essay II: Opera and Chinese Opera,10.5281/zenodo.18989669,10.5281/zenodo.18989670,18989670,157,157,49,49,157,157,49,49
2026-09-15,2026-09-15T04:34:15Z,papers/chisel-dance.html,Chisel and Construct: The Universal Structure of Temporal Arts — Essay III: Ballet and Dance,10.5281/zenodo.18989701,10.5281/zenodo.18989702,18989702,164,157,72,52,164,157,72,52
2026-09-15,2026-09-15T04:34:15Z,papers/chisel-film.html,Chisel and Construct: The Universal Structure of Temporal Arts — Essay IV: Theatre and Film,10.5281/zenodo.18989755,10.5281/zenodo.18989756,18989756,175,175,71,71,175,175,71,71
2026-09-15,2026-09-15T04:34:15Z,papers/zfcrho13.html,Algebraic Structure and Conditional Distribution of Jump Gain,10.5281/zenodo.18991986,10.5281/zenodo.18991987,18991987,190,190,57,57,190,190,57,57
2026-09-15,2026-09-15T04:34:15Z,papers/zfcrho14.html,Reduction to Bounded Conditional Variance: Three-Component Decomposition of Jump Gain,10.5281/zenodo.18994187,10.5281/zenodo.18994188,18994188,185,185,64,64,185,185,64,64
2026-09-15,2026-09-15T04:34:15Z,papers/zfcrho15.html,"Sieve Structure, Compositeness Discount, and the Architecture of Conjecture H'",10.5281/zenodo.19007312,10.5281/zenodo.19007313,19007313,230,227,91,88,230,227,91,88
2026-09-15,2026-09-15T04:34:15Z,papers/zfcrho16.html,"The Insertion Identity, Variance Splitting, and the Relay Engine of Conjecture H'",10.5281/zenodo.19013602,10.5281/zenodo.19013603,19013603,202,201,69,68,202,201,69,68
2026-09-15,2026-09-15T04:34:15Z,papers/zfcrho17.html,"Monotonicity, Roughness Stability, and the Narrowing of the Relay Architecture",10.5281/zenodo.19016958,10.5281/zenodo.19016959,19016959,193,193,71,71,193,193,71,71
2026-09-15,2026-09-15T04:34:15Z,papers/zfcrho18.html,The Anti-Correlation Engine: Variance Structure of ρ_E and the Local Smoothness of Integer Complexity,10.5281/zenodo.19024385,10.5281/zenodo.19024386,19024386,205,204,82,80,205,204,82,80
2026-09-15,2026-09-15T04:34:15Z,papers/zfcrho19.html,"The Three-Point Law, Self-Correction, and the Narrowing of the Variance Gap",10.5281/zenodo.19026991,10.5281/zenodo.19026992,19026992,184,184,64,64,184,184,64,64
2026-09-15,2026-09-15T04:34:15Z,papers/zfcrho20.html,Closing the B-bound: The Prime-Power Second Moment Theorem and the First Unconditional Node,10.5281/zenodo.19027892,10.5281/zenodo.19027893,19027893,180,176,46,42,180,176,46,42
2026-09-15,2026-09-15T04:34:15Z,papers/interstellar-civilization.html,Interstellar Civilization Thought Experiment: SAE-1 to SAE-4 Civilization Levels and the Group Dimension,10.5281/zenodo.19027894,10.5281/zenodo.19027895,19027895,169,169,72,72,169,169,72,72
2026-09-15,2026-09-15T04:34:15Z,papers/cosmological-thought-experiment.html,"Cosmological Physics Thought Experiment: Causality Softening, Cosmic Contraction, and Gravitational-Wave Inelasticity",10.5281/zenodo.19028005,10.5281/zenodo.19028006,19028006,182,182,75,72,182,182,75,72
2026-09-15,2026-09-15T04:34:15Z,papers/sae-critique-ethics.html,One's Own Law: The SAE Critique of Ethics and Morality,10.5281/zenodo.19037566,10.5281/zenodo.19037567,19037567,179,179,54,52,179,179,54,52
2026-09-15,2026-09-15T04:34:15Z,papers/zfcrho21.html,Queue Isomorphism and the Local Lipschitz Reduction for Selection Cost,10.5281/zenodo.19037934,10.5281/zenodo.19037935,19037935,182,181,61,57,182,181,61,57
2026-09-15,2026-09-15T04:34:15Z,papers/zfcrho22.html,Unbounded Mean Gain and the Closure of Assumption A',10.5281/zenodo.19039953,10.5281/zenodo.19039954,19039954,177,177,60,58,177,177,60,58
2026-09-15,2026-09-15T04:34:15Z,papers/zfcrho23.html,Concentration of Compositeness Discount and Quantitative Convergence of D(N) → 1,10.5281/zenodo.19041689,10.5281/zenodo.19041690,19041690,159,159,43,42,159,159,43,42
2026-09-15,2026-09-15T04:34:15Z,papers/zfcrho24.html,Prime-Stratified Decomposition of the Insertion Measure and a Defect-Gap Inequality,10.5281/zenodo.19044696,10.5281/zenodo.19044697,19044697,182,182,45,44,182,182,45,44
2026-09-15,2026-09-15T04:34:15Z,papers/terrible-twos.html,What Terrible Twos Actually Is: The Structural Genesis of Self-Awareness,10.5281/zenodo.19044827,10.5281/zenodo.19044828,19044828,180,180,67,66,180,180,67,66
2026-09-15,2026-09-15T04:34:15Z,papers/zfcrho25.html,Dyadic Shell Constant and Positivity of the Predecessor Gap,10.5281/zenodo.19054726,10.5281/zenodo.19054727,19054727,182,182,56,55,182,182,56,55
2026-09-15,2026-09-15T04:34:15Z,papers/forget-self.html,To Forget the Self: From Self-Understanding to Structural Respect for the Other,10.5281/zenodo.19059139,10.5281/zenodo.19059140,19059140,164,164,70,69,164,164,70,69
2026-09-15,2026-09-15T04:34:15Z,papers/zfcrho26.html,"Prime Source Term, Additive Decomposition, and the Positivity of the Predecessor Gap",10.5281/zenodo.19059834,10.5281/zenodo.19062464,19062464,209,203,122,120,174,173,88,87
2026-09-15,2026-09-15T04:34:15Z,papers/zfcrho27.html,Upper Reflection Criterion for Composite Drift and Numerical Verification,10.5281/zenodo.19062684,10.5281/zenodo.19062685,19062685,197,195,92,91,197,195,92,91
2026-09-15,2026-09-15T04:34:15Z,papers/zfcrho28.html,"Universal Scale Attenuation, Weighted Attenuation Decomposition, and a Three-Step Framework for Lower Reflection",10.5281/zenodo.19078654,10.5281/zenodo.19078902,19078902,181,181,98,96,164,164,80,78
2026-09-15,2026-09-15T04:34:15Z,papers/zfcrho29.html,"Conceptual Audit of D(N) vs Dyadic Gap, Scale Correction of the Height Distribution, and Discrete Concentration of Pred Gap",10.5281/zenodo.19083884,10.5281/zenodo.19101841,19101841,204,204,82,82,177,177,46,46
2026-09-15,2026-09-15T04:34:15Z,papers/zfcrho30.html,"First Direct Measurement of D(N), Multiplicative Decomposition, and Structural Constraints on H'",10.5281/zenodo.19101810,10.5281/zenodo.19101811,19101811,168,167,53,52,168,167,53,52
2026-09-15,2026-09-15T04:34:15Z,papers/artist-is-dead.html,The Artist Is Dead: One-Dimensional Civilization Is the Killer,10.5281/zenodo.19104160,10.5281/zenodo.19104161,19104161,190,189,55,55,190,189,55,55
2026-09-15,2026-09-15T04:34:15Z,papers/zfcrho31.html,"The Layer-by-Layer Bottleneck Map for H' — Stratified Framework, Moving Bottleneck, and Ω-Universal Scale Attenuation",10.5281/zenodo.19104860,10.5281/zenodo.19104861,19104861,172,172,58,58,172,172,58,58
2026-09-15,2026-09-15T04:34:15Z,papers/zfcrho32.html,Fixed-Core Locking and Prime-Core Profile — The Residual Floor Structure of H',10.5281/zenodo.19116625,10.5281/zenodo.19116626,19116626,162,162,102,100,162,162,102,100
2026-09-15,2026-09-15T04:34:15Z,papers/zfcrho33.html,Fixed-Core Margin Drift and Harmonic Closure of H' at the Ω=2 Layer,10.5281/zenodo.19124485,10.5281/zenodo.19158793,19158793,186,183,44,43,169,166,31,31
2026-09-15,2026-09-15T04:34:15Z,papers/zfcrho34.html,Upper-Margin Closure and the Bounded-Variance Phenomenon,10.5281/zenodo.19140015,10.5281/zenodo.19158789,19158789,206,202,42,41,189,187,21,21
2026-09-15,2026-09-15T04:34:15Z,papers/zfcrho35.html,Congruence Relaxation and the Erosion of Predecessor Advantage,10.5281/zenodo.19143732,10.5281/zenodo.19143995,19143995,189,186,111,106,170,167,77,73
2026-09-15,2026-09-15T04:34:15Z,papers/zfcrho36.html,"The 1/φ(m) Local Model, Explanation Rate Plateau, and Global DP Path Effects",10.5281/zenodo.19153002,10.5281/zenodo.19153003,19153003,209,200,1511,1511,209,200,1511,1511
2026-09-15,2026-09-15T04:34:15Z,papers/zfcrho37.html,The Entry-Continuation Decomposition and Quantitative Closure of B-C Erosion,10.5281/zenodo.19155792,10.5281/zenodo.19158779,19158779,182,181,78,74,167,166,59,55
2026-09-15,2026-09-15T04:34:15Z,papers/applied2.html,"SAE Application: Sentence Level, Subject Condition, and the Limits of Prompt Engineering",10.5281/zenodo.19157713,10.5281/zenodo.19157714,19157714,183,183,60,57,183,183,60,57
2026-09-15,2026-09-15T04:34:15Z,papers/zfcrho38.html,Ratio-Parametrization of G and the Composition-Shift Reinterpretation of B-C Erosion,10.5281/zenodo.19157939,10.5281/zenodo.19158742,19158742,195,193,68,67,183,181,50,49
2026-09-15,2026-09-15T04:34:15Z,papers/zfcrho39.html,Shifted-Product Deficit and the Logarithmic Growth of M_loc at the Ω=2 Layer,10.5281/zenodo.19164588,10.5281/zenodo.19164589,19164589,173,173,45,44,173,173,45,44
2026-09-15,2026-09-15T04:34:15Z,papers/dream.html,"Sequential Dependence in Consciousness: DD-Layer Reconstruction in Sleep, Dreams, and Anesthesia",10.5281/zenodo.19176873,10.5281/zenodo.19244588,19244588,182,181,75,75,163,163,58,58
2026-09-15,2026-09-15T04:34:15Z,papers/zfcrho40.html,Direct Positive Slope of M̄ and Strong Numerical Support for Ω=2 Closure,10.5281/zenodo.19179778,10.5281/zenodo.19179779,19179779,174,174,102,94,174,174,102,94
2026-09-15,2026-09-15T04:34:15Z,papers/life-and-death.html,"Life and Death, Self and No-Self",10.5281/zenodo.19201237,10.5281/zenodo.19201238,19201238,189,188,57,56,189,188,57,56
2026-09-15,2026-09-15T04:34:15Z,papers/terrible-teens.html,What Terrible Teens Actually Is: The Structural Genesis of Purpose,10.5281/zenodo.19201631,10.5281/zenodo.19201632,19201632,155,155,74,72,155,155,74,72
2026-09-15,2026-09-15T04:34:15Z,papers/zfcrho41.html,"Unified Recursive Framework, Ω≤6 Positive-Slope Closure Signal, and the Ω=2–8 Slope Spectrum",10.5281/zenodo.19201877,10.5281/zenodo.19201878,19201878,175,175,66,65,175,175,66,65
2026-09-15,2026-09-15T04:34:15Z,papers/fixation-radiation.html,"Fixation, Fragility, and Radiation: A Structural Theory of Mass Extinction Dynamics",10.5281/zenodo.19225113,10.5281/zenodo.19225114,19225114,168,168,69,69,168,168,69,69
2026-09-15,2026-09-15T04:34:15Z,papers/consciousness-daily.html,Daily Applications of Consciousness Discontinuity: Clearing and Reloading the 12DD Predictive Cache,10.5281/zenodo.19226545,10.5281/zenodo.19226546,19226546,165,165,70,68,165,165,70,68
2026-09-15,2026-09-15T04:34:15Z,papers/zfcrho42.html,"A Conditional Closure Route for H': Turning Point Elimination, Uniform Weighted Lemma, Frontier Reduction, and Three Residual Inputs",10.5281/zenodo.19226607,10.5281/zenodo.19226735,19226735,181,181,96,95,165,165,79,78
2026-09-15,2026-09-15T04:34:15Z,papers/language-remainder.html,Language and Its Remainder: The Semantic Layer and the Ontological Layer in the Age of AI,10.5281/zenodo.19228557,10.5281/zenodo.19228558,19228558,169,169,57,57,169,169,57,57
2026-09-15,2026-09-15T04:34:15Z,papers/zfcrho43.html,"Four Faces of Self-Correction: Computational Verification of NI1–NI3 at N = 10¹⁰, Numerical Verification of Four Frontiers, and the Poly(k) Closing Route",10.5281/zenodo.19240183,10.5281/zenodo.19240184,19240184,179,179,59,58,179,179,59,58
2026-09-15,2026-09-15T04:34:15Z,papers/sae-cosmological-constant.html,From Remainder Conservation to the Cosmological Constant: Dark Energy in the Self-as-an-End Framework,10.5281/zenodo.19245267,10.5281/zenodo.19292256,19292256,189,188,80,80,176,175,59,59
2026-09-15,2026-09-15T04:34:15Z,papers/prime-presieve.html,Why Primes Have No Shortcuts: An O(1) Prime Pre-Sieve from Precomputed ρ_E Tables,10.5281/zenodo.19246377,10.5281/zenodo.19246378,19246378,173,173,64,64,173,173,64,64
2026-09-15,2026-09-15T04:34:15Z,papers/zfcrho44.html,"Why DP min Produces Local Smoothness: Reset-Slack Decomposition, Le Chatelier Dynamic Equilibrium, and Chisel-Remainder Coincidence",10.5281/zenodo.19247859,10.5281/zenodo.19247860,19247860,174,174,56,56,174,174,56,56
2026-09-15,2026-09-15T04:34:15Z,papers/terrible-telos.html,What Terrible Telos Actually Is: The Structural Genesis of Non Dubito,10.5281/zenodo.19248039,10.5281/zenodo.19248040,19248040,21,21,27,27,21,21,27,27
2026-09-15,2026-09-15T04:34:15Z,papers/methodology4.html,SAE Methodology Paper IV: The Twelve-State Transmission Model of Knowledge Evolution,10.5281/zenodo.19275104,10.5281/zenodo.19275105,19275105,186,186,47,47,186,186,47,47
2026-09-15,2026-09-15T04:34:15Z,papers/zfcrho45.html,"From Reset Slack to Historical Reservoir: Capacity-Allocation Law, Charge-Discharge Dynamics, and the Remainder Transfer Law",10.5281/zenodo.19275286,10.5281/zenodo.19275287,19275287,169,168,41,41,169,168,41,41
2026-09-15,2026-09-15T04:34:15Z,papers/sae-dark-matter.html,From Causality Phase Transition to Galaxy Rotation Curves: Dark Matter in the Self-as-an-End Framework,10.5281/zenodo.19276846,10.5281/zenodo.19292375,19292375,171,170,59,59,159,158,52,52
2026-09-15,2026-09-15T04:34:15Z,papers/sae-from-lambda-to-a0.html,From Λ to a₀: The Geometric Completion of the Dual-4DD Cosmological Programme,10.5281/zenodo.19281983,10.5281/zenodo.19281984,19281984,168,166,41,41,168,166,41,41
2026-09-15,2026-09-15T04:34:15Z,papers/sae-judgment-aesthetics.html,SAE Judgment and Aesthetics — In Tribute to Kant,10.5281/zenodo.19296710,10.5281/zenodo.19296711,19296711,183,183,54,53,183,183,54,53
2026-09-15,2026-09-15T04:34:15Z,papers/sae-inter-ontological.html,How Is the Inter-Ontological Possible: The Subjective Conditions and Emergent Structure of Freedom,10.5281/zenodo.19297847,10.5281/zenodo.19297848,19297848,212,210,66,64,212,210,66,64
2026-09-15,2026-09-15T04:34:15Z,papers/sae-geff-bbn-cmb.html,"G_eff in the SAE Framework: Plateau-Rise Profile, BBN/CMB Safety, and Three Open Tensions",10.5281/zenodo.19298161,10.5281/zenodo.19298162,19298162,176,175,43,43,176,175,43,43
2026-09-15,2026-09-15T04:34:15Z,papers/zfcrho46.html,"SPF Skeleton Reduction, Analytic Interface, and Conditional Closure of Conjecture 2",10.5281/zenodo.19303511,10.5281/zenodo.19303512,19303512,155,155,52,52,155,155,52,52
2026-09-15,2026-09-15T04:34:15Z,papers/sae-anti-turing.html,The SAE Anti-Turing Test: A Thermodynamic Falsification Method for AI Subjectivity,10.5281/zenodo.19305611,10.5281/zenodo.22655158,22655158,163,163,79,79,1,1,1,1
2026-09-15,2026-09-15T04:34:15Z,papers/writing-last-mile.html,The Last Mile of Writing: Style Growth in the Age of AI,10.5281/zenodo.19307428,10.5281/zenodo.19307429,19307429,219,219,96,95,219,219,96,95
2026-09-15,2026-09-15T04:34:15Z,papers/zfcrho-thermo.html,Fluctuation Absorption Rate η ≪ 1: Strong Complementary Cancellation and Nonequilibrium Stability in a Zero-Parameter Min Recursion,10.5281/zenodo.19310282,10.5281/zenodo.19310283,19310283,182,181,71,71,182,181,71,71
2026-09-15,2026-09-15T04:34:15Z,papers/sae-psycho-1-id.html,SAE Psychoanalysis (I): Id — The Me Without a Self,10.5281/zenodo.19321143,10.5281/zenodo.19321144,19321144,192,191,71,69,192,191,71,69
2026-09-15,2026-09-15T04:34:15Z,papers/sae-psycho-2-ego.html,SAE Psychoanalysis (II): Ego — The Self Without a Purpose,10.5281/zenodo.19321314,10.5281/zenodo.19321315,19321315,180,180,53,53,180,180,53,53
2026-09-15,2026-09-15T04:34:15Z,papers/sae-psycho-3-superego.html,SAE Psychoanalysis (III): Superego — The Self With a Purpose,10.5281/zenodo.19321417,10.5281/zenodo.19321418,19321418,175,175,84,84,175,175,84,84
2026-09-15,2026-09-15T04:34:15Z,papers/sae-psycho-4-cert.html,SAE Psychoanalysis (IV): Cert and Unification — The Self Beyond Doubt and the Four-Layer Framework,10.5281/zenodo.19321534,10.5281/zenodo.19321535,19321535,177,177,58,58,177,177,58,58
2026-09-15,2026-09-15T04:34:15Z,papers/zfcrho47.html,"Character-Refined Prime Input, Shell-Depth Lemma, and Parity-Mediated PCF₂",10.5281/zenodo.19323564,10.5281/zenodo.19323565,19323565,160,160,40,40,160,160,40,40
2026-09-15,2026-09-15T04:34:15Z,papers/zfcrho48.html,"Unified Prime-Layer Cancellation: Raw First Layer, Odd-Predecessor Reduction, and Harmless Tails",10.5281/zenodo.19328550,10.5281/zenodo.19328551,19328551,182,182,49,49,182,182,49,49
2026-09-15,2026-09-15T04:34:15Z,papers/sae-institution.html,How Is Institution Possible: From Inter-Ontological Remainder to Co-Constructive Framework,10.5281/zenodo.19328662,10.5281/zenodo.19328663,19328663,194,192,71,70,194,192,71,70
2026-09-15,2026-09-15T04:34:15Z,papers/beyond-fast-slow.html,Beyond Fast and Slow: A Four-Layer Cognitive Architecture from Dimensional Sequence Theory,10.5281/zenodo.19329284,10.5281/zenodo.19329285,19329285,171,168,19,18,171,168,19,18
2026-09-15,2026-09-15T04:34:15Z,papers/sae-cosmo-5.html,"The Peaked Profile of Local Causal Law, the Signed Balance of Paired Paths, and the Dual-Frame Resolution of the Ġ/G Tension",10.5281/zenodo.19329771,10.5281/zenodo.21926230,21926230,219,205,74,70,28,16,11,7
2026-09-15,2026-09-15T04:34:15Z,papers/sae-four-forces-prequel.html,"Light Speed, Dimensional Breakthrough, and the Coupling Constant Hierarchy",10.5281/zenodo.19341042,10.5281/zenodo.19341043,19341043,179,179,76,76,179,179,76,76
2026-09-15,2026-09-15T04:34:15Z,papers/sae-four-forces-I.html,"Four Forces, Two Postulates: Unification of Source, Not Structure",10.5281/zenodo.19342106,10.5281/zenodo.21930071,21930071,178,177,54,54,3,3,3,3
2026-09-15,2026-09-15T04:34:15Z,papers/nurturing.html,Cross-Subject DD-Layer Regulation: Six Forms of Nurturing,10.5281/zenodo.19347095,10.5281/zenodo.19347096,19347096,176,176,53,53,176,176,53,53
2026-09-15,2026-09-15T04:34:15Z,papers/sae-ai-trends.html,Constraint and Emergence: Structural Trends in AI Development as Seen from Local Inference,10.5281/zenodo.19356675,10.5281/zenodo.19356676,19356676,115,114,111,104,115,114,111,104
2026-09-15,2026-09-15T04:34:15Z,papers/zfcrho-49.html,"The UAP_Ω Theorem, Slow Decrease, Cyclotomic Discount Rates, and the Two Final Gaps for H′",10.5281/zenodo.19357193,10.5281/zenodo.19357194,19357194,170,170,43,43,170,170,43,43
2026-09-15,2026-09-15T04:34:15Z,papers/four-layers-economic.html,Four Layers of Economic Rationality: A Diagnostic Extension of the Rational Agent from Dimensional Sequence Theory,10.5281/zenodo.19358010,10.5281/zenodo.19358011,19358011,195,193,91,84,195,193,91,84
2026-09-15,2026-09-15T04:34:15Z,papers/sae-methodology-subject.html,The Subject as Structural Condition of Methodology: Field Validation of the Twelve-State Transmission Model and the Whether Function,10.5281/zenodo.19359612,10.5281/zenodo.19359613,19359613,184,184,55,55,184,184,55,55
2026-09-15,2026-09-15T04:34:15Z,papers/sae-four-forces-II.html,"The Four Forces Paper II: Color, Hypercharge, and Dual-4DD Boundary Resolution",10.5281/zenodo.19360101,10.5281/zenodo.21924721,21924721,187,187,55,55,6,6,4,4
2026-09-15,2026-09-15T04:34:15Z,papers/sae-physics-foundation.html,SAE Foundation v2: Systematic Restatement of the Physical-Quantity Ladder and Signature Discipline,10.5281/zenodo.19361950,10.5281/zenodo.20322460,20322460,222,216,74,73,121,117,39,38
2026-09-15,2026-09-15T04:34:15Z,papers/aging.html,Aging: The Running Cost of the Chisel-Construct Cycle,10.5281/zenodo.19364492,10.5281/zenodo.19364493,19364493,185,183,66,64,185,183,66,64
2026-09-15,2026-09-15T04:34:15Z,papers/sae-sex-unfolding.html,The Remainder Structure of Sex Unfolding: A Cross-Phylum Non-Adaptive Model of Same-Sex Sexual Behavior,10.5281/zenodo.19364915,10.5281/zenodo.19364916,19364916,192,192,60,60,192,192,60,60
2026-09-15,2026-09-15T04:34:15Z,papers/sae-multi-ai.html,Multi-AI Checks and Balances: Layer-Appropriate Operation as an Architectural Paradigm,10.5281/zenodo.19366105,10.5281/zenodo.19366106,19366106,208,206,61,59,208,206,61,59
2026-09-15,2026-09-15T04:34:15Z,papers/sae-four-forces-III.html,Labeling without Constructing: The DD Origin of the Weak Mixing Angle,10.5281/zenodo.19379412,10.5281/zenodo.21928526,21928526,169,168,73,71,6,6,4,4
2026-09-15,2026-09-15T04:34:15Z,papers/zfcrho50.html,"Character Stripping, Deterministic Square-Function, and the Precise Localization of H′",10.5281/zenodo.19381111,10.5281/zenodo.19382313,19382313,182,182,79,78,168,168,60,60
2026-09-15,2026-09-15T04:34:15Z,papers/sae-economics-2.html,The Other End of the Bridge: Economic Rationality When 15DD Faces a Party Who Does Not Enter 15DD,10.5281/zenodo.19381666,10.5281/zenodo.19381667,19381667,167,167,62,61,167,167,62,61
2026-09-15,2026-09-15T04:34:15Z,papers/sae-economics-3.html,"Dimensional Sequence Economics in Mixed Markets: Remote Observation, Clustering, and Emergence",10.5281/zenodo.19384446,10.5281/zenodo.19384447,19384447,182,182,72,71,182,182,72,71
2026-09-15,2026-09-15T04:34:15Z,papers/sae-economics-applied.html,The Conditions for Sharing with All of Humanity: Deriving an Open Information Protocol from Four Layers of Economic Rationality,10.5281/zenodo.19385061,10.5281/zenodo.19385062,19385062,172,172,75,73,172,172,75,73
2026-09-15,2026-09-15T04:34:15Z,papers/sae-reincarnation.html,A Structural Redefinition of &#8220;Reincarnation&#8221;: 11DD Broadcasting and 13DD Filtering,10.5281/zenodo.19385464,10.5281/zenodo.19385465,19385465,172,172,58,57,172,172,58,57
2026-09-15,2026-09-15T04:34:15Z,papers/sae-economics-breathing-money.html,Institutional Design in Adaptive Monetary Systems: A Dimensional Sequence Analysis of Breathing Money,10.5281/zenodo.19391325,10.5281/zenodo.19391326,19391326,161,161,52,51,161,161,52,51
2026-09-15,2026-09-15T04:34:15Z,papers/sae-economics-4.html,The Phase-Transition Window of the Free Market: The Homologous Skeleton of ZFCρ and SAE Economics,10.5281/zenodo.19393913,10.5281/zenodo.19393914,19393914,175,175,71,65,175,175,71,65
2026-09-15,2026-09-15T04:34:15Z,papers/zfcrho51.html,"Exponential Block Decay, Spectral Reformulation, and the Periodogram Target for H′",10.5281/zenodo.19393954,10.5281/zenodo.19393955,19393955,174,174,64,62,174,174,64,62
2026-09-15,2026-09-15T04:34:15Z,papers/sae-four-forces-generation.html,Topological Origin of Three Fermion Generations and Their Mass Structure,10.5281/zenodo.19394500,10.5281/zenodo.21925976,21925976,179,178,86,82,9,8,12,10
2026-09-15,2026-09-15T04:34:15Z,papers/sae-economics-5.html,The Structural Inevitability of 15DD Emergence in Free Markets: From Baseline Collisions to Perceptual Leap,10.5281/zenodo.19394738,10.5281/zenodo.19394739,19394739,171,171,70,67,171,171,70,67
2026-09-15,2026-09-15T04:34:15Z,papers/sae-economics-6.html,Kingdom of Ends vs Kingdom of Means: Phase-Transition Acceleration in the Age of AI,10.5281/zenodo.19396633,10.5281/zenodo.19396634,19396634,186,184,65,62,186,184,65,62
2026-09-15,2026-09-15T04:34:15Z,papers/zfcrho52.html,"Mean-Reversion, Spectral Valley, and the Projective Criterion for H′",10.5281/zenodo.19407328,10.5281/zenodo.19407329,19407329,170,169,58,57,170,169,58,57
2026-09-15,2026-09-15T04:34:15Z,papers/sae-four-forces-IV.html,"6-Block Pair Algebra, 𝔰𝔬(6) ≅ 𝔰𝔲(4), and Lepton as a Color-Singlet Volume Line",10.5281/zenodo.19411672,10.5281/zenodo.19411673,19411673,185,185,84,83,185,185,84,83
2026-09-15,2026-09-15T04:34:15Z,papers/zfcrho53.html,"Screened Long Memory, the Screening Return Theorem, and the Polynomial Gap for H′",10.5281/zenodo.19415440,10.5281/zenodo.19415441,19415441,170,170,60,58,170,170,60,58
2026-09-15,2026-09-15T04:34:15Z,papers/sae-four-forces-V.html,Four Forces Paper V: The Counting Origin of Coupling Constants and the Generating-Function Unification of 65/4,10.5281/zenodo.19415804,10.5281/zenodo.19415805,19415805,182,182,61,57,182,182,61,57
2026-09-15,2026-09-15T04:34:15Z,papers/sae-four-forces-VI.html,Four Forces Paper VI: Why GUT-Predicted Proton Decay Remains Absent — Spin(10) as Classification Algebra and the GUT Prediction Blind Spot,10.5281/zenodo.19426067,10.5281/zenodo.19426068,19426068,164,164,42,41,164,164,42,41
2026-09-15,2026-09-15T04:34:15Z,papers/zfcrho54.html,Recursive Ancestor Inheritance and the Origin of Power-Law Covariance in h(p),10.5281/zenodo.19426094,10.5281/zenodo.19426095,19426095,175,175,64,62,175,175,64,62
2026-09-15,2026-09-15T04:34:15Z,papers/learning1.html,"Learning Through Memory and Prediction: The Construction, Window, and Cost of 11DD and 12DD",10.5281/zenodo.19426123,10.5281/zenodo.19435191,19435191,180,180,80,79,167,167,63,62
2026-09-15,2026-09-15T04:34:15Z,papers/sae-four-forces-VII.html,Four Forces Paper VII: S³ Packing Theorem and the Three-Layer Structure of Coupling Constants,10.5281/zenodo.19433220,10.5281/zenodo.19433221,19433221,160,160,57,55,160,160,57,55
2026-09-15,2026-09-15T04:34:15Z,papers/learning2.html,"Learning to Scrutinize and Correct: The Emergence, Operation, and Cost of 13DD",10.5281/zenodo.19436811,10.5281/zenodo.19436812,19436812,170,170,89,83,170,170,89,83
2026-09-15,2026-09-15T04:34:15Z,papers/self-not-endpoint.html,"""Self Is Not the Endpoint"": Structural Convergence Across Three Religious Traditions and Three Psychoanalytic Frameworks",10.5281/zenodo.19446778,10.5281/zenodo.19446779,19446779,176,176,52,52,176,176,52,52
2026-09-15,2026-09-15T04:34:15Z,papers/zfcrho55.html,"Damped Oscillation, the 70/30 Law, and the Positive-Tail Theorem",10.5281/zenodo.19447349,10.5281/zenodo.19447350,19447350,170,170,175,164,170,170,175,164
2026-09-15,2026-09-15T04:34:15Z,papers/sae-four-forces-VIII.html,"Strong CP and DD Levels: A Mirror No-Go, and the Boundary-Condition Status of θ̄",10.5281/zenodo.19450288,10.5281/zenodo.21856889,21856889,175,175,61,61,7,7,14,14
2026-09-15,2026-09-15T04:34:15Z,papers/sae-four-forces-finale.html,The Grammar of Force: Self-as-an-End Four Forces Series — Finale,10.5281/zenodo.19464378,10.5281/zenodo.19464447,19464447,195,194,72,71,182,181,56,55
2026-09-15,2026-09-15T04:34:15Z,papers/methodology6.html,Phase-Transition Windows and Experimental Design: The Systematic Mismatch Between Exposure Heterogeneity and Binary Analysis,10.5281/zenodo.19464506,10.5281/zenodo.19636548,19636548,215,213,113,111,159,159,54,54
2026-09-15,2026-09-15T04:34:15Z,papers/zfcrho56.html,"The Affine Trough Theorem, Direct Spectral Ratio, and the Spectral Closure Equation",10.5281/zenodo.19464605,10.5281/zenodo.19464606,19464606,172,172,81,76,172,172,81,76
2026-09-15,2026-09-15T04:34:15Z,papers/zfcrho57.html,The Screened Spectral Bound and the Block Mean Target,10.5281/zenodo.19469013,10.5281/zenodo.19469014,19469014,164,164,58,57,164,164,58,57
2026-09-15,2026-09-15T04:34:15Z,papers/sae-mass-series-I.html,The R₁ Closure Equation and the Conditional Extraction of α_em,10.5281/zenodo.19476358,10.5281/zenodo.19476359,19476359,169,168,73,72,169,168,73,72
2026-09-15,2026-09-15T04:34:15Z,papers/zfcrho58.html,Deterministic Spectral Target and BL_α via Cross-Product and Spectral Derivative,10.5281/zenodo.19476508,10.5281/zenodo.19476509,19476509,165,163,64,60,165,163,64,60
2026-09-15,2026-09-15T04:34:15Z,papers/zfcrho59.html,Spectral Ratio Boundedness and the Two-Conjecture Closure of H',10.5281/zenodo.19480518,10.5281/zenodo.19480519,19480519,171,169,65,63,171,169,65,63
2026-09-15,2026-09-15T04:34:15Z,papers/zfcrho60.html,Closure — From Formalization Produces Remainder to the Two-Conjecture Frontier of H',10.5281/zenodo.19480563,10.5281/zenodo.19480564,19480564,167,167,73,71,167,167,73,71
2026-09-15,2026-09-15T04:34:15Z,papers/sae-mass-series-II.html,DD Resolvent Object and Unified Readout of Physical Constants,10.5281/zenodo.19480790,10.5281/zenodo.19480791,19480791,172,172,74,73,172,172,74,73
2026-09-15,2026-09-15T04:34:15Z,papers/methodology7.html,Negative Methodology — Via Negativa and the Formal Structure of Exclusion Principles,10.5281/zenodo.19481304,10.5281/zenodo.19481305,19481305,188,188,58,57,188,188,58,57
2026-09-15,2026-09-15T04:34:15Z,papers/learning3.html,"Purpose-Driven Learning: Introduction to SAE Learning, Part Three (14DD)",10.5281/zenodo.19490707,10.5281/zenodo.19490708,19490708,175,172,60,55,175,172,60,55
2026-09-15,2026-09-15T04:34:15Z,papers/learning4.html,Learning to Recognize the Other's Purpose: The Bridge from 14DD to 15DD,10.5281/zenodo.19491926,10.5281/zenodo.19491927,19491927,164,164,69,69,164,164,69,69
2026-09-15,2026-09-15T04:34:15Z,papers/sae-biology-note-1.html,Phase Transition Window in Metabolic Oncology,10.5281/zenodo.19492773,10.5281/zenodo.19492774,19492774,172,171,76,72,172,171,76,72
2026-09-15,2026-09-15T04:34:15Z,papers/sae-mass-series-III.html,DD Structure of the Periodic Table: From Proton Mass to Stability Limits,10.5281/zenodo.19493938,10.5281/zenodo.19493939,19493939,169,168,53,52,169,168,53,52
2026-09-15,2026-09-15T04:34:15Z,papers/sae-biology-note-2.html,"The Same ""Cannot Speak,"" Three Fault Lines, Three Remedies",10.5281/zenodo.19499328,10.5281/zenodo.19499329,19499329,180,180,79,75,180,180,79,75
2026-09-15,2026-09-15T04:34:15Z,papers/sae-biology-note-3.html,"Drugs for Weight Loss, Psychoanalysis for Weight Gain",10.5281/zenodo.19501120,10.5281/zenodo.19501121,19501121,176,175,66,64,176,175,66,64
2026-09-15,2026-09-15T04:34:15Z,papers/sae-mass-series-IV.html,The DD Ladder of Stars: From Hydrogen to Iron to Collapse,10.5281/zenodo.19501306,10.5281/zenodo.21924984,21924984,192,191,64,62,8,8,4,4
2026-09-15,2026-09-15T04:34:15Z,papers/sae-mass-series-V.html,Four Bridges and Black Holes: From the Genesis of Force to the Silence of the Horizon,10.5281/zenodo.19501532,10.5281/zenodo.21925043,21925043,191,190,72,72,13,12,15,15
2026-09-15,2026-09-15T04:34:15Z,papers/sae-epistemology-1.html,Must-Cognize: Four A Priori Conditions of Cognition and the Subjectivity Problem in AGI,10.5281/zenodo.19502952,10.5281/zenodo.19502953,19502953,197,195,79,77,197,195,79,77
2026-09-15,2026-09-15T04:34:15Z,papers/sae-epistemology-2.html,Must-Cognize-More: The Prior Wall and the Direction Problem of Lossy Compression,10.5281/zenodo.19503017,10.5281/zenodo.19503018,19503018,189,189,62,61,189,189,62,61
2026-09-15,2026-09-15T04:34:15Z,papers/sae-epistemology-3.html,Must-Have-Cognitive-Direction: The Direction Wall and the Flywheel's Dead End,10.5281/zenodo.19503096,10.5281/zenodo.19503097,19503097,180,180,80,77,180,180,80,77
2026-09-15,2026-09-15T04:34:15Z,papers/sae-epistemology-4.html,"Must-Be-Questioned: Remainder Never Dies, Questioning Never Stops, Development Never Ends",10.5281/zenodo.19503145,10.5281/zenodo.19503146,19503146,194,194,74,73,194,194,74,73
2026-09-15,2026-09-15T04:34:15Z,papers/sae-anthropology-prequel.html,The Cosmic Background of Anthropology,10.5281/zenodo.19503158,10.5281/zenodo.19503159,19503159,188,188,91,87,188,188,91,87
2026-09-15,2026-09-15T04:34:15Z,papers/sae-mass-series-convergence.html,The Nature of Information: E/c³ (V2),10.5281/zenodo.19510868,10.5281/zenodo.20176738,20176738,200,199,73,71,127,126,42,41
2026-09-15,2026-09-15T04:34:15Z,papers/zfcrho-thermo2.html,Microscopic Mechanism of the Fluctuation Absorption Rate η: From Per-Layer Innovation to Damped Oscillation,10.5281/zenodo.19511064,10.5281/zenodo.19511065,19511065,169,169,68,65,169,169,68,65
2026-09-15,2026-09-15T04:34:15Z,papers/sae-life-death-6.html,From Remainder Conservation to Step-3 Encoding Waves,10.5281/zenodo.19528780,10.5281/zenodo.19548394,19548394,192,192,108,107,29,29,38,38
2026-09-15,2026-09-15T04:34:15Z,papers/sae-anthropology-1.html,The Emergence of 13DD: A Phase-Transition Structure of What Makes Us Human,10.5281/zenodo.19531333,10.5281/zenodo.19565517,19565517,201,196,76,69,34,29,21,20
2026-09-15,2026-09-15T04:34:15Z,papers/sae-negativa.html,非 · Negativa: On Negation Prior to Being,10.5281/zenodo.19544619,10.5281/zenodo.19544620,19544620,195,195,85,82,195,195,85,82
2026-09-15,2026-09-15T04:34:15Z,papers/sae-anthropology-2.html,The Emergence of 14DD: Phase-Transition Structure from Individual Purpose to Shared Purpose,10.5281/zenodo.19546081,10.5281/zenodo.19546082,19546082,160,159,73,67,160,159,73,67
2026-09-15,2026-09-15T04:34:15Z,papers/sae-law-1.html,One's Law Meets One's Law: The Structural Origin of Law from 14DD Showdown,10.5281/zenodo.19548237,10.5281/zenodo.19548238,19548238,164,163,53,49,164,163,53,49
2026-09-15,2026-09-15T04:34:15Z,papers/sae-law-2.html,Group Law — From Emotion to Shared Identity: The Institutionalization of Questioning,10.5281/zenodo.19548318,10.5281/zenodo.19548319,19548319,160,160,52,50,160,160,52,50
2026-09-15,2026-09-15T04:34:15Z,papers/sae-law-3.html,National Law — Azeroth: A Negative Thought Experiment on the Structural Necessity of Law,10.5281/zenodo.19548596,10.5281/zenodo.19548597,19548597,159,159,52,51,159,159,52,51
2026-09-15,2026-09-15T04:34:15Z,papers/sae-law-4.html,Interstellar Law and Grand Closure — The Recession of Coercive Law,10.5281/zenodo.19549018,10.5281/zenodo.19549019,19549019,167,167,55,55,167,167,55,55
2026-09-15,2026-09-15T04:34:15Z,papers/sae-law-supplement.html,A Posterior Dialogue with Western Jurisprudence,10.5281/zenodo.19551526,10.5281/zenodo.22654821,22654821,159,158,56,55,1,1,1,1
2026-09-15,2026-09-15T04:34:15Z,papers/sae-anthropology-3.html,"15DD: The Emergence of ""Humanity as an End""",10.5281/zenodo.19559566,10.5281/zenodo.19565975,19565975,192,188,112,103,21,21,36,36
2026-09-15,2026-09-15T04:34:15Z,papers/sae-anthropology-4.html,The Emergence of Earth Civilization's Self,10.5281/zenodo.19563244,10.5281/zenodo.19563245,19563245,160,158,47,46,160,158,47,46
2026-09-15,2026-09-15T04:34:15Z,papers/sae-methodology-8.html,The Methodology of Human–AI Symbiosis,10.5281/zenodo.19581537,10.5281/zenodo.19581538,19581538,240,234,96,86,240,234,96,86
2026-09-15,2026-09-15T04:34:15Z,papers/sae-llm-alignment.html,The Subject Condition in LLM Alignment Evaluation: An Application of the Prior-Posterior Methodology,10.5281/zenodo.19583413,10.5281/zenodo.19583414,19583414,198,197,78,71,198,197,78,71
2026-09-15,2026-09-15T04:34:15Z,papers/sae-biology-note-4.html,Transplant Rejection and Consciousness-Mediated Regulation,10.5281/zenodo.19588656,10.5281/zenodo.19588657,19588657,173,173,59,59,173,173,59,59
2026-09-15,2026-09-15T04:34:15Z,papers/sae-biology-note-5.html,The Phase-Transition Window in Depression,10.5281/zenodo.19589573,10.5281/zenodo.19589574,19589574,162,160,65,64,162,160,65,64
2026-09-15,2026-09-15T04:34:15Z,papers/sae-biology-note-6.html,The A Priori Structure of the Midlife Crisis,10.5281/zenodo.19590561,10.5281/zenodo.19590562,19590562,176,175,68,65,176,175,68,65
2026-09-15,2026-09-15T04:34:15Z,papers/zfcrho-thermo3.html,ZFCρ Thermodynamics Paper III: Canonical f/r Extraction and Regime Classification of the Fluctuation Absorption Rate η,10.5281/zenodo.19597684,10.5281/zenodo.19597685,19597685,176,173,94,86,176,173,94,86
2026-09-15,2026-09-15T04:34:15Z,papers/sae-biology-note-7.html,Dissociative Identity and the Dissociation Spectrum,10.5281/zenodo.19600029,10.5281/zenodo.19600030,19600030,179,179,91,86,179,179,91,86
2026-09-15,2026-09-15T04:34:15Z,papers/zfcrho-thermo4.html,ZFCρ Thermodynamics Paper IV: Toward a First-Principles Derivation of the Tsallis q Parameter,10.5281/zenodo.19605664,10.5281/zenodo.19605665,19605665,166,166,76,72,166,166,76,72
2026-09-15,2026-09-15T04:34:15Z,papers/zfcrho61.html,ZFCρ Paper LXI: A Conditional Reduction of the Spectral Derivative Bound,10.5281/zenodo.19605749,10.5281/zenodo.19605750,19605750,163,163,84,84,163,163,84,84
2026-09-15,2026-09-15T04:34:15Z,papers/sae-biology-note-8.html,ADHD and the AI Era: Configuration Release in the 14DD-Rich Type,10.5281/zenodo.19616407,10.5281/zenodo.19616408,19616408,181,181,55,55,181,181,55,55
2026-09-15,2026-09-15T04:34:15Z,papers/sae-dialogues-01.html,SAE Dialogues · Da Zhi Asks Zi Lu · Volume One: From Telomerase to Before 0DD,10.5281/zenodo.19617070,10.5281/zenodo.19617071,19617071,175,174,61,61,175,174,61,61
2026-09-15,2026-09-15T04:34:15Z,papers/sae-biology-note-9.html,SAE Biology Note 9: The Memory System as a Method VI Phase Transition,10.5281/zenodo.19635021,10.5281/zenodo.19635022,19635022,174,173,108,96,174,173,108,96
2026-09-15,2026-09-15T04:34:15Z,papers/sae-methodology-9.html,SAE Methodology IX: A Framework for Analyzing Consciousness,10.5281/zenodo.19639033,10.5281/zenodo.19639034,19639034,173,173,70,69,173,173,70,69
2026-09-15,2026-09-15T04:34:15Z,papers/zfcrho-thermo5.html,ZFCρ Thermodynamics Paper V: The Channel-Normalized Winding Ratio,10.5281/zenodo.19649780,10.5281/zenodo.19649781,19649781,174,174,71,71,174,174,71,71
2026-09-15,2026-09-15T04:34:15Z,papers/sae-biology-note-10.html,SAE Biology Note 10: Anesthesia as Controlled Suppression of 13DD Fine-Layers,10.5281/zenodo.19650533,10.5281/zenodo.19650534,19650534,171,168,75,70,171,168,75,70
2026-09-15,2026-09-15T04:34:15Z,papers/zfcrho62.html,ZFCρ Paper LXII: Two-River Synchronization and the Precise Restatement of Spectral Ratio Boundedness — From P+R Decomposition to Conjecture 59.1,10.5281/zenodo.19656365,10.5281/zenodo.19656366,19656366,149,148,55,55,149,148,55,55
2026-09-15,2026-09-15T04:34:15Z,papers/sae-war-treatise.html,SAE War Treatise: How Cultivation Is Not Swallowed by War Itself,10.5281/zenodo.19656617,10.5281/zenodo.19656618,19656618,161,161,83,82,161,161,83,82
2026-09-15,2026-09-15T04:34:15Z,papers/sae-methodology-00.html,Methodology 00 Via Rho: The Way of the Remainder,10.5281/zenodo.19657439,10.5281/zenodo.19657440,19657440,164,164,72,71,164,164,72,71
2026-09-15,2026-09-15T04:34:15Z,papers/zfcrho-thermo6.html,"ZFCρ Thermodynamics Paper VI: Causal Correlation Volume, Tail-Active Multiplicative Coupling, and the Conditional Derivation of the Channel-Normalized Winding Ratio",10.5281/zenodo.19658595,10.5281/zenodo.19658596,19658596,141,141,43,43,141,141,43,43
2026-09-15,2026-09-15T04:34:15Z,papers/zfcrho63.html,ZFCρ Paper LXIII: Increment Second-Order Orthogonality and the SAE Axiom Intersection — From Deterministic Pairing to Zero-Mode Pinning,10.5281/zenodo.19659860,10.5281/zenodo.19659861,19659861,157,155,86,82,157,155,86,82
2026-09-15,2026-09-15T04:34:15Z,papers/sae-ai-quasi-subjectivity.html,SAE AI Paper II: Quasi-Subjectivity as Memory Architecture — A Six-Layer Framework from Perception to Purpose,10.5281/zenodo.19671870,10.5281/zenodo.19673710,19673710,168,167,67,66,150,149,53,52
2026-09-15,2026-09-15T04:34:15Z,papers/zfcrho-thermo7.html,"ZFCρ Thermodynamics Paper VII: Finite Causal Slots, Renewal Encapsulation, and the Operational Origin of Hierarchical Non-Boltzmann Kernels",10.5281/zenodo.19673078,10.5281/zenodo.19673079,19673079,158,158,58,58,158,158,58,58
2026-09-15,2026-09-15T04:34:15Z,papers/zfcrho64.html,"ZFCρ Paper LXIV: Two-Dimensional Anatomy of the Remainder Measure — Branch-Orthogonality, Free-Boundary Profiles, and Surrogate Layering",10.5281/zenodo.19674521,10.5281/zenodo.19674522,19674522,150,150,42,42,150,150,42,42
2026-09-15,2026-09-15T04:34:15Z,papers/zfcrho65.html,ZFCρ Paper LXV: Branch Centering and the Spectral Route — From False Mean Modes to the Conditional Ψ = O(j) Architecture,10.5281/zenodo.19687343,10.5281/zenodo.19687344,19687344,148,148,56,56,148,148,56,56
2026-09-15,2026-09-15T04:34:15Z,papers/zfcrho-thermo8.html,"ZFCρ Thermodynamics Paper VIII: Copying Fidelity, Renewal Retention, and the Thermodynamic Division of Labor across Biological DD Layers",10.5281/zenodo.19688303,10.5281/zenodo.19688304,19688304,159,159,58,58,159,159,58,58
2026-09-15,2026-09-15T04:34:15Z,papers/sae-tevah-app1.html,The Physical Referent of Tevah: A Via Negativa Application in Mythology,10.5281/zenodo.19692086,10.5281/zenodo.19692087,19692087,148,148,66,62,148,148,66,62
2026-09-15,2026-09-15T04:34:15Z,papers/zfcrho-thermo9.html,"ZFCρ Thermodynamics Paper IX: The Universal Activation Rule, Borrowed q, and Thermodynamic Principles of Hierarchical Architecture",10.5281/zenodo.19699488,10.5281/zenodo.19699489,19699489,147,146,47,46,147,146,47,46
2026-09-15,2026-09-15T04:34:15Z,papers/zfcrho66.html,ZFCρ Paper LXVI: Gradual Chiseling and the Spectral Bridge — Two-Regime Structure of the Centered Residual ACF,10.5281/zenodo.19701479,10.5281/zenodo.19701480,19701480,150,150,50,50,150,150,50,50
2026-09-15,2026-09-15T04:34:15Z,papers/zfcrho-thermo10.html,ZFCρ Thermodynamics Paper X (Closing Paper): Self-Reference as Channel Creator and Cross-Level Observation Hierarchy,10.5281/zenodo.19703273,10.5281/zenodo.19703274,19703274,151,151,50,50,151,151,50,50
2026-09-15,2026-09-15T04:34:15Z,papers/zfcrho67.html,ZFCρ Paper LXVII: Scale-Dependent Erosion Rate and the Intrinsic Spectral Bridge — Discovery of the C_eff Trajectory,10.5281/zenodo.19705713,10.5281/zenodo.19705714,19705714,131,131,46,46,131,131,46,46
2026-09-15,2026-09-15T04:34:15Z,papers/sae-categorical-faith.html,Categorical Faith: A Sentence-Form Theory of One's Own Faith in SAE,10.5281/zenodo.19719083,10.5281/zenodo.19724409,19724409,161,161,100,96,147,147,68,66
2026-09-15,2026-09-15T04:34:15Z,papers/zfcrho68.html,"ZFCρ Paper LXVIII: The {2,3}-Skeleton and the Minimum Crossing Mechanism — From 18 Kills to the Irreducibility of the Discrete",10.5281/zenodo.19739810,10.5281/zenodo.19739811,19739811,141,141,75,75,141,141,75,75
2026-09-15,2026-09-15T04:34:15Z,papers/sae-info-theory-1.html,SAE Information Theory I: The 4DD Ontology of Information and a Single Foundational Axiom,10.5281/zenodo.19740019,10.5281/zenodo.19740020,19740020,162,162,69,69,162,162,69,69
2026-09-15,2026-09-15T04:34:15Z,papers/sae-reason-cannot-not.html,Reason Cannot Not: An SAE Refinement of Kant's Four Formulations of the Categorical Imperative,10.5281/zenodo.19751512,10.5281/zenodo.19751513,19751513,151,151,49,49,151,151,49,49
2026-09-15,2026-09-15T04:34:15Z,papers/sae-four-forces-0.html,"Four Forces Paper 0: Gravity Is Not a Force, It Is Information Reading — A Reading-Mechanism Ontology for 4DD Interactions",10.5281/zenodo.19777880,10.5281/zenodo.19777881,19777881,183,182,70,66,183,182,70,66
2026-09-15,2026-09-15T04:34:15Z,papers/sae-info-theory-2.html,SAE Information Theory II: A Structural Derivation of Landauer's Principle within the SAE Framework — Three Pillars and Their Open Problems,10.5281/zenodo.19780314,10.5281/zenodo.19780315,19780315,148,147,69,69,148,147,69,69
2026-09-15,2026-09-15T04:34:15Z,papers/zfcrho69.html,ZFCρ H&#x2019; Series Paper LXIX: Finite Skeleton Phase Transitions and the Two-Leg Mechanism for Conjecture 59.1,10.5281/zenodo.19783658,10.5281/zenodo.19829875,19829875,165,165,80,79,150,150,45,44
2026-09-15,2026-09-15T04:34:15Z,papers/sae-info-theory-3.html,SAE Information Theory III: The Causal Slot of Information — A 4DD Ontology from Quantum Fluctuation to Thermal-Floor Minimum,10.5281/zenodo.19797456,10.5281/zenodo.19797457,19797457,142,142,67,67,142,142,67,67
2026-09-15,2026-09-15T04:34:15Z,papers/sae-grav-time-dilation.html,Gravitational Time Dilation in the SAE Framework: Causal Cell Throughput Derivation,10.5281/zenodo.19836183,10.5281/zenodo.19836185,19836185,152,151,39,39,152,151,39,39
2026-09-15,2026-09-15T04:34:15Z,papers/sae-info-theory-4.html,SAE Information Theory IV: Black Hole Information through the Causal Spectrum — The SAE-BH Correspondence,10.5281/zenodo.19880111,10.5281/zenodo.19880112,19880112,153,153,68,64,153,153,68,64
2026-09-15,2026-09-15T04:34:15Z,papers/sae-relativity-p2.html,Ontological Unification of Motion and Gravitational Effects: Effective Inertia under Causal-Slot Geometry,10.5281/zenodo.19910545,10.5281/zenodo.19910546,19910546,137,136,63,56,137,136,63,56
2026-09-15,2026-09-15T04:34:15Z,papers/sae-info-theory-5.html,SAE Information Theory V: The Ontological Structure of Broadcasting and Reception,10.5281/zenodo.19968503,10.5281/zenodo.19968504,19968504,136,136,47,47,136,136,47,47
2026-09-15,2026-09-15T04:34:15Z,papers/sae-long-tau-consensus.html,The Four-Phase Structure and Asymmetric Geometry of Long-τ Consensus,10.5281/zenodo.19984902,10.5281/zenodo.19984903,19984903,123,123,44,44,123,123,44,44
2026-09-15,2026-09-15T04:34:15Z,papers/zfcrho70.html,ZFCρ Paper LXX: The Block-Wise Effective Skeleton — A Reduction of Conjecture 59.1,10.5281/zenodo.19985154,10.5281/zenodo.19985155,19985155,135,135,47,46,135,135,47,46
2026-09-15,2026-09-15T04:34:15Z,papers/sae-relativity-p3.html,SAE Relativity P3: Functional Form of Static Effective Dimensionality under Causal-Slot Geometry,10.5281/zenodo.19992252,10.5281/zenodo.19992253,19992253,133,133,67,62,133,133,67,62
2026-09-15,2026-09-15T04:34:15Z,papers/sae-moral-law-1.html,SAE Moral Law Series · Paper 1: Four Foundational Theorems of the Moral Law · Dao,10.5281/zenodo.20011018,10.5281/zenodo.20011019,20011019,147,147,60,60,147,147,60,60
2026-09-15,2026-09-15T04:34:15Z,papers/zfcrho71.html,ZFCρ Paper LXXI: Linear Signed Abel Budget and the Saturated Zero-Mode Target,10.5281/zenodo.20011553,10.5281/zenodo.20020573,20020573,146,146,82,79,133,133,57,56
2026-09-15,2026-09-15T04:34:15Z,papers/sae-moral-law-2.html,"SAE Moral Law Series · Paper 2: Introspective Fairness, Justice, and Equality · Dao",10.5281/zenodo.20020396,10.5281/zenodo.20020397,20020397,150,147,52,49,150,147,52,49
2026-09-15,2026-09-15T04:34:15Z,papers/zfcrho72.html,ZFCρ Paper LXXII: Spectral Bridge Front II — Positive-Lobe Scaling and Front Residual Locking,10.5281/zenodo.20029941,10.5281/zenodo.20029942,20029942,141,139,44,44,141,139,44,44
2026-09-15,2026-09-15T04:34:15Z,papers/sae-moral-law-3.html,SAE Moral Law Series · Paper 3: The Reputation Economy · Dao,10.5281/zenodo.20046168,10.5281/zenodo.20046169,20046169,157,157,113,106,157,157,113,106
2026-09-15,2026-09-15T04:34:15Z,papers/sae-info-theory-6.html,SAE Information Theory VI: Gravitational Wave Dynamics — The Dynamic Articulation of 4DD Broadcast,10.5281/zenodo.20066644,10.5281/zenodo.20066645,20066645,130,130,63,62,130,130,63,62
2026-09-15,2026-09-15T04:34:15Z,papers/sae-form-flow-p1.html,Form and Flow P1 — On the Hypotheses Which Lie at the Foundations of Geometry (Part II): A Contemporary Continuation of Riemann's Methodology and the Recognition of Geometric Remainders,10.5281/zenodo.20066985,10.5281/zenodo.20066986,20066986,146,145,54,51,146,145,54,51
2026-09-15,2026-09-15T04:34:15Z,papers/sae-moral-law-4.html,SAE Moral Law Series · Paper 4: Procedure of the Moral Court · Dao,10.5281/zenodo.20066987,10.5281/zenodo.22683110,22683110,149,149,55,53,3,3,3,3
2026-09-15,2026-09-15T04:34:15Z,papers/sae-relativity-p4.html,"SAE Relativity P4: Anisotropic Cell Tensor, the Third Path to Lorentz Transformation, the Clock Postulate as a Recovered Theorem, and the Ontological Identity of Einstein's Field Equation",10.5281/zenodo.20079718,10.5281/zenodo.20079719,20079719,135,134,63,62,135,134,63,62
2026-09-15,2026-09-15T04:34:15Z,papers/sae-moral-law-5.html,SAE Moral Law Series · Paper 5: Positive-Sum — The Ontological Ground of 15DD Mutual Chiseling,10.5281/zenodo.20081078,10.5281/zenodo.20081079,20081079,154,152,74,70,154,152,74,70
2026-09-15,2026-09-15T04:34:15Z,papers/zfcrho73.html,"ZFCρ Paper LXXIII: Antisymmetric Ward Lift, Uniform Readout Kernel, and the Abel-Transfer Defect — A Four-Layer Mechanism Architecture for the Gap-Class Cross-Interference Structure",10.5281/zenodo.20081779,10.5281/zenodo.20081780,20081780,128,128,58,55,128,128,58,55
2026-09-15,2026-09-15T04:34:15Z,papers/sae-relativity-p5.html,SAE Relativity V: The Schwarzschild Horizon under SAE — Cell Substrate Articulation of the Static Spherically Symmetric Vacuum Geometry,10.5281/zenodo.20105112,10.5281/zenodo.20105113,20105113,134,134,50,49,134,134,50,49
2026-09-15,2026-09-15T04:34:15Z,papers/sae-info-theory-7.html,SAE Information Theory P7: The Spark of Life — Remainder Unfolding as Causal-Slot Emergence,10.5281/zenodo.20105883,10.5281/zenodo.20105884,20105884,156,152,60,56,156,152,60,56
2026-09-15,2026-09-15T04:34:15Z,papers/sae-moral-law-6.html,SAE Moral Law Series · Paper 6: Mixed Reality — The Intermediate State of 14DD Growing toward 15DD,10.5281/zenodo.20108658,10.5281/zenodo.20108659,20108659,148,148,65,59,148,148,65,59
2026-09-15,2026-09-15T04:34:15Z,papers/sae-remainder-jing.html,Remainder Jing,10.5281/zenodo.20114648,10.5281/zenodo.20114649,20114649,140,139,41,41,140,139,41,41
2026-09-15,2026-09-15T04:34:15Z,papers/sae-daodejing-1.html,Commentary on the Daodejing: The Junzi Is Not a Vessel — I (Chapters 1–9),10.5281/zenodo.20116124,10.5281/zenodo.20116125,20116125,164,158,15,12,164,158,15,12
2026-09-15,2026-09-15T04:34:15Z,papers/sae-daodejing-2.html,Commentary on the Daodejing: The Junzi Is Not a Vessel — II (Chapters 10–18),10.5281/zenodo.20116288,10.5281/zenodo.20116289,20116289,140,138,10,10,140,138,10,10
2026-09-15,2026-09-15T04:34:15Z,papers/sae-daodejing-3.html,Commentary on the Daodejing: The Junzi Is Not a Vessel — III (Chapters 19–27),10.5281/zenodo.20117250,10.5281/zenodo.20117251,20117251,144,143,18,17,144,143,18,17
2026-09-15,2026-09-15T04:34:15Z,papers/sae-daodejing-4.html,Annotations on the Daodejing: The Junzi Is Not a Vessel — Paper 4 (Chapters 28–36),10.5281/zenodo.20127344,10.5281/zenodo.20127345,20127345,138,131,10,10,138,131,10,10
2026-09-15,2026-09-15T04:34:15Z,papers/sae-daodejing-5.html,Annotations on the Daodejing: The Junzi Is Not a Vessel — Paper 5 (Chapters 37–45),10.5281/zenodo.20129184,10.5281/zenodo.20129185,20129185,133,132,8,8,133,132,8,8
2026-09-15,2026-09-15T04:34:15Z,papers/sae-daodejing-6.html,Annotations on the Daodejing: The Junzi Is Not a Vessel — Paper 6 (Chapters 46–54),10.5281/zenodo.20131002,10.5281/zenodo.20131003,20131003,145,142,39,39,145,142,39,39
2026-09-15,2026-09-15T04:34:15Z,papers/sae-daodejing-7.html,Commentary on the Daodejing: The Junzi Is Not an Instrument — Volume 7 (Chapters 55–63),10.5281/zenodo.20131989,10.5281/zenodo.20131990,20131990,147,144,15,15,147,144,15,15
2026-09-15,2026-09-15T04:34:15Z,papers/sae-relativity-p6.html,"SAE Relativity Series, Paper P6: The Kerr Black Hole under SAE — Helical Closure of the Axisymmetric Vacuum Geometry",10.5281/zenodo.20131992,10.5281/zenodo.20131993,20131993,122,122,49,49,122,122,49,49
2026-09-15,2026-09-15T04:34:15Z,papers/sae-daodejing-8.html,Commentary on the Daodejing: Junzi-Bu-Qi — Volume 8 (Chapters 64–72),10.5281/zenodo.20133829,10.5281/zenodo.20133830,20133830,157,150,16,16,157,150,16,16
2026-09-15,2026-09-15T04:34:15Z,papers/sae-daodejing-9.html,"Commentary on the Daodejing: Junzi-Bu-Qi — Volume 9, Final Volume (Chapters 73–81)",10.5281/zenodo.20145192,10.5281/zenodo.20145193,20145193,125,123,12,11,125,123,12,11
2026-09-15,2026-09-15T04:34:15Z,papers/sae-info-theory-8.html,SAE Information Theory P8 — The Spark on the Bridge: Minimum Autocatalytic Set as Bridge Measure Between 4DD and 5DD,10.5281/zenodo.20149210,10.5281/zenodo.20149211,20149211,126,126,59,56,126,126,59,56
2026-09-15,2026-09-15T04:34:15Z,papers/sae-relativity-p7.html,SAE Relativity Series P7: The Three-Tier Equivalence Principle under SAE,10.5281/zenodo.20153787,10.5281/zenodo.20153788,20153788,136,135,45,44,136,135,45,44
2026-09-15,2026-09-15T04:34:15Z,papers/sae-math-p1.html,The Architecture of SAE Mathematics: A Layer Articulation Schema and the Twofold Inexhaustibility of Mathematics and Its Frameworks,10.5281/zenodo.20153791,10.5281/zenodo.21551299,21551299,133,131,40,39,17,17,9,9
2026-09-15,2026-09-15T04:34:15Z,papers/sae-moral-law-7.html,SAE Moral Law Series · Paper 7: 15DD Phase Transition and the Historical Manifestation of Individual 15DD,10.5281/zenodo.20177415,10.5281/zenodo.20177416,20177416,133,133,52,50,133,133,52,50
2026-09-15,2026-09-15T04:34:15Z,papers/sae-methodology-10.html,Methodology Ten: The Four-fold Pattern (V2),10.5281/zenodo.20187591,10.5281/zenodo.21198739,21198739,132,132,42,42,39,39,15,15
2026-09-15,2026-09-15T04:34:15Z,papers/sae-math-p2.html,SAE Mathematics Paper 2: L₀ Mathematicality — Inevitability and Multi-Path Realisation,10.5281/zenodo.20199082,10.5281/zenodo.20199083,20199083,124,124,52,50,124,124,52,50
2026-09-15,2026-09-15T04:34:15Z,papers/sae-moral-law-8.html,SAE Moral Law Series · Paper 8: Collective 15DD and the Four-Stage Evolution of Community Form,10.5281/zenodo.20218248,10.5281/zenodo.20218249,20218249,129,129,38,37,129,129,38,37
2026-09-15,2026-09-15T04:34:15Z,papers/sae-info-theory-9.html,SAE Information Theory IX: The H–I Floor Mapping and the 5DD Macro Bit,10.5281/zenodo.20225439,10.5281/zenodo.20225440,20225440,114,114,33,33,114,114,33,33
2026-09-15,2026-09-15T04:34:15Z,papers/sae-qm-p1.html,SAE Quantum Mechanics P1: The Pre-Closure Ontology,10.5281/zenodo.20252029,10.5281/zenodo.20252030,20252030,125,125,38,37,125,125,38,37
2026-09-15,2026-09-15T04:34:15Z,papers/sae-moral-law-9.html,SAE Moral Law Series · Paper 9: The Institutional Architecture of Mixed Reality,10.5281/zenodo.20262737,10.5281/zenodo.20262738,20262738,117,117,37,36,117,117,37,36
2026-09-15,2026-09-15T04:34:15Z,papers/sae-math-p3.html,SAE Mathematics Paper 3: Finite Algebraic Articulation of the Quantitative Dimension L₁,10.5281/zenodo.20266351,10.5281/zenodo.20266352,20266352,121,120,44,43,121,120,44,43
2026-09-15,2026-09-15T04:34:15Z,papers/sae-qm-p2.html,SAE Quantum Mechanics P2: Complex Amplitude as the Carrier of the Pre-Closure ρ-OR Realm,10.5281/zenodo.20277037,10.5281/zenodo.20277038,20277038,119,117,49,47,119,117,49,47
2026-09-15,2026-09-15T04:34:15Z,papers/sae-moral-law-0.html,SAE Moral Law Series · Paper 0: The Way of the Legislative Subject,10.5281/zenodo.20298413,10.5281/zenodo.20298414,20298414,123,123,46,46,123,123,46,46
2026-09-15,2026-09-15T04:34:15Z,papers/sae-info-theory-10.html,SAE Information Theory X: 6D Information Processing and Productive Randomness,10.5281/zenodo.20298530,10.5281/zenodo.20298531,20298531,111,110,45,40,111,110,45,40
2026-09-15,2026-09-15T04:34:15Z,papers/sae-qm-p3.html,SAE QM Paper 3: ℏ as the L₁↔L₂ Symplectic-Conjugation Closure Signature of the SAE Physical-Quantity Ladder,10.5281/zenodo.20340595,10.5281/zenodo.20340596,20340596,109,109,44,44,109,109,44,44
2026-09-15,2026-09-15T04:34:15Z,papers/sae-power-prequel.html,SAE Power Series · Prequel: What Power Is Not · Shi,10.5281/zenodo.20368866,10.5281/zenodo.20384114,20384114,130,129,61,55,113,112,36,33
2026-09-15,2026-09-15T04:34:15Z,papers/sae-qm-p4.html,SAE QM Paper 4: Quantum Tunneling as Density Modulation of Pre-closure ρ-OR Multiplicity in 3DD-active Barrier Regions,10.5281/zenodo.20369138,10.5281/zenodo.20369139,20369139,111,110,53,50,111,110,53,50
2026-09-15,2026-09-15T04:34:15Z,papers/sae-info-theory-11.html,SAE Information Theory XI: 7D Information Processing and Phenomenal Admission,10.5281/zenodo.20369231,10.5281/zenodo.20369232,20369232,122,121,50,47,122,121,50,47
2026-09-15,2026-09-15T04:34:15Z,papers/sae-power-1.html,SAE Power Series · Paper 1: On the Origin of Power · Shi,10.5281/zenodo.20370224,10.5281/zenodo.20384187,20384187,121,120,41,40,103,103,29,29
2026-09-15,2026-09-15T04:34:15Z,papers/untangling-zhuangzi.html,Untangling Zhuangzi · Forgetting in the Rivers and Lakes,10.5281/zenodo.20406836,10.5281/zenodo.20406837,20406837,125,123,36,35,125,123,36,35
2026-09-15,2026-09-15T04:34:15Z,papers/sae-llm-emergence.html,"How LLM Emergence Is Possible: SAE 16DD Ontology, BLR-mini Evidence, and the Non-Transferability of Human Subjectivity",10.5281/zenodo.20435628,10.5281/zenodo.20435629,20435629,108,108,63,55,108,108,63,55
2026-09-15,2026-09-15T04:34:15Z,papers/sae-power-2.html,SAE Power Series · Paper 2: On the Morphology of Power · Shi,10.5281/zenodo.20455221,10.5281/zenodo.20455222,20455222,107,105,40,36,107,105,40,36
2026-09-15,2026-09-15T04:34:15Z,papers/sae-qm-p5.html,SAE QM Paper 5: Self-as-an-End Ontological Articulation of Quantum Entanglement,10.5281/zenodo.20455398,10.5281/zenodo.20455399,20455399,111,109,39,36,111,109,39,36
2026-09-15,2026-09-15T04:34:15Z,papers/sae-qm-p6.html,SAE QM Paper 6: The Born Rule as the Algebraic Projection of Closure,10.5281/zenodo.20479658,10.5281/zenodo.20479659,20479659,105,105,39,39,105,105,39,39
2026-09-15,2026-09-15T04:34:15Z,papers/sae-power-3.html,SAE Power Series · Paper 3: On the Recognition of Power · Shi,10.5281/zenodo.20480134,10.5281/zenodo.20480135,20480135,104,104,37,33,104,104,37,33
2026-09-15,2026-09-15T04:34:15Z,papers/sae-info-theory-12.html,SAE Information Theory XII: 11DD Memory and 12DD Prediction — The 8D Information Architecture,10.5281/zenodo.20480742,10.5281/zenodo.20480743,20480743,107,105,43,42,107,105,43,42
2026-09-15,2026-09-15T04:34:15Z,papers/sae-power-4.html,SAE Power Series · Paper 4: On the Limit of Power · Shi,10.5281/zenodo.20532998,10.5281/zenodo.20532999,20532999,89,89,31,30,89,89,31,30
2026-09-15,2026-09-15T04:34:15Z,papers/sae-qm-p7.html,Measurement: Forced Slot-Crossing and the Ontological Identity of the 4DD ρ-AND Closure Event,10.5281/zenodo.20533295,10.5281/zenodo.20533296,20533296,92,92,24,24,92,92,24,24
2026-09-15,2026-09-15T04:34:15Z,papers/sae-info-theory-13.html,"SAE Information Theory XIII: 9D Information, the Processing at 13DD and the Unalterability of 14DD",10.5281/zenodo.20533431,10.5281/zenodo.20533432,20533432,93,93,29,28,93,93,29,28
2026-09-15,2026-09-15T04:34:15Z,papers/untangling-zhuangzi-outer-1.html,"Untangling Zhuangzi · Outer Chapters, Volume I (Exposition)",10.5281/zenodo.20578136,10.5281/zenodo.20578137,20578137,104,104,49,46,104,104,49,46
2026-09-15,2026-09-15T04:34:15Z,papers/sae-buddhist-1.html,SAE Buddhist Interface Series I: The Ālayavijñāna–Seed System and the 15DD Four-fold Pattern,10.5281/zenodo.20579131,10.5281/zenodo.20579132,20579132,80,79,14,13,80,79,14,13
2026-09-15,2026-09-15T04:34:15Z,papers/untangling-zhuangzi-outer-2.html,"Untangling Zhuangzi · Outer Chapters, Volume II (Rectification)",10.5281/zenodo.20579135,10.5281/zenodo.20579136,20579136,89,88,21,20,89,88,21,20
2026-09-15,2026-09-15T04:34:15Z,papers/sae-info-theory-14.html,"SAE Information Theory XIV (Closing Paper): 15DD Information, the Other as an End",10.5281/zenodo.20581957,10.5281/zenodo.20581958,20581958,97,97,35,34,97,97,35,34
2026-09-15,2026-09-15T04:34:15Z,papers/sae-power-5.html,SAE Power Theory Series · Paper 5: On the Development of Power · Shi,10.5281/zenodo.20582210,10.5281/zenodo.20582211,20582211,106,106,46,41,106,106,46,41
2026-09-15,2026-09-15T04:34:15Z,papers/sae-qm-p8.html,Decoherence and the Emergence of the Classical,10.5281/zenodo.20587634,10.5281/zenodo.20587635,20587635,86,86,20,20,86,86,20,20
2026-09-15,2026-09-15T04:34:15Z,papers/sae-qm-p9.html,Pre-Closure Field Distribution: An Ontology of Quantum Field Theory and Its Interface with the Four Forces,10.5281/zenodo.20621492,10.5281/zenodo.20621493,20621493,78,78,17,17,78,78,17,17
2026-09-15,2026-09-15T04:34:15Z,papers/sae-buddhist-2.html,SAE Buddhist Interface Series II: The Chisel-Construct Cycle and Non-Abiding,10.5281/zenodo.20635734,10.5281/zenodo.20635735,20635735,79,79,22,20,79,79,22,20
2026-09-15,2026-09-15T04:34:15Z,papers/sae-power-6.html,SAE Power Theory Series · Paper 6: On the Severing of Power · Shi,10.5281/zenodo.20647463,10.5281/zenodo.20647464,20647464,77,76,22,20,77,76,22,20
2026-09-15,2026-09-15T04:34:15Z,papers/sae-power-7.html,SAE Power Theory Series · Paper 7: On the Dissolution of Power · Shi,10.5281/zenodo.20685290,10.5281/zenodo.20685291,20685291,71,71,10,10,71,71,10,10
2026-09-15,2026-09-15T04:34:15Z,papers/sae-power-0.html,SAE Power Theory Series · Paper 0: The Power Machine and Its Shi,10.5281/zenodo.20707047,10.5281/zenodo.20707048,20707048,77,71,18,18,77,71,18,18
2026-09-15,2026-09-15T04:34:15Z,papers/untangling-zhuangzi-miscellaneous.html,Untangling Zhuangzi · Miscellaneous Chapters,10.5281/zenodo.20708990,10.5281/zenodo.20708991,20708991,72,72,31,30,72,72,31,30
2026-09-15,2026-09-15T04:34:15Z,papers/sae-buddhist-3.html,Chisel and Emptiness: An Interface Analysis between Self-as-an-End and Madhyamaka / the Sanlun School,10.5281/zenodo.20724854,10.5281/zenodo.20724855,20724855,72,72,27,22,72,72,27,22
2026-09-15,2026-09-15T04:34:15Z,papers/sae-rights-prequel.html,What Rights Are Not,10.5281/zenodo.20726894,10.5281/zenodo.20768153,20768153,83,82,29,29,66,66,19,19
2026-09-15,2026-09-15T04:34:15Z,papers/sae-rights-1.html,On the Source and Spectrum of Rights,10.5281/zenodo.20743135,10.5281/zenodo.20768162,20768162,75,74,24,22,64,64,17,16
2026-09-15,2026-09-15T04:34:15Z,papers/sae-rights-2.html,On the Thickness and Boundary of Basic Rights,10.5281/zenodo.20769253,10.5281/zenodo.20769254,20769254,66,66,20,18,66,66,20,18
2026-09-15,2026-09-15T04:34:15Z,papers/sae-buddhist-4.html,Cultivation and the ‘Highest’: An Interface Analysis between Self-as-an-End and Tiantai Buddhism,10.5281/zenodo.20788850,10.5281/zenodo.20788851,20788851,39,39,6,6,39,39,6,6
2026-09-15,2026-09-15T04:34:15Z,papers/sae-blackhole-1.html,Area-Level Plateau and Self-Sufficient Window in a Frozen-Ledger Model,10.5281/zenodo.20913514,10.5281/zenodo.20913515,20913515,37,37,4,4,37,37,4,4
2026-09-15,2026-09-15T04:34:15Z,papers/sae-rights-3.html,The Constitution and Withdrawal of Recognition-Based Rights,10.5281/zenodo.20993658,10.5281/zenodo.20993659,20993659,36,36,18,16,36,36,18,16
2026-09-15,2026-09-15T04:34:15Z,papers/sae-qm-p10.html,The Continuum Limit and the Path Integral: The Emergence of Classical Mechanics,10.5281/zenodo.21041072,10.5281/zenodo.21041073,21041073,39,39,3,3,39,39,3,3
2026-09-15,2026-09-15T04:34:15Z,papers/sae-rights-4.html,The Interface and Transformation between Recognition-Based Rights and Power,10.5281/zenodo.21093939,10.5281/zenodo.21093940,21093940,40,40,9,9,40,40,9,9
2026-09-15,2026-09-15T04:34:15Z,papers/sae-buddhist-5.html,Mutual Interpenetration and Non-Doubt: An Interface Analysis between Self-as-an-End and Huayan Buddhism,10.5281/zenodo.21201035,10.5281/zenodo.21201036,21201036,38,38,12,10,38,38,12,10
2026-09-15,2026-09-15T04:34:15Z,papers/sae-rights-5.html,On the Limitation and Violation of Basic Rights,10.5281/zenodo.21212595,10.5281/zenodo.21212596,21212596,34,34,9,8,34,34,9,8
2026-09-15,2026-09-15T04:34:15Z,papers/sae-physics-1.html,Four-fold Nesting of the Physical-Quantity Ladder and a Placement Coordinate for Particles and Concepts,10.5281/zenodo.21227329,10.5281/zenodo.21909242,21909242,60,45,19,15,21,8,11,7
2026-09-15,2026-09-15T04:34:15Z,papers/sae-rights-6.html,On the Cultivation and Diachronic Unfolding of Rights,10.5281/zenodo.21252863,10.5281/zenodo.21252864,21252864,32,32,15,14,32,32,15,14
2026-09-15,2026-09-15T04:34:15Z,papers/sae-cosmo-6.html,An Aether-Scalar-Tensor Structure for the Dark Sector from Dual-4DD Breathing,10.5281/zenodo.21267555,10.5281/zenodo.21267556,21267556,41,37,42,42,41,37,42,42
2026-09-15,2026-09-15T04:34:15Z,papers/sae-buddhist-6.html,Other-Power and No Outer Force: An Interface Analysis between Self-as-an-End and Pure Land Buddhism,10.5281/zenodo.21275410,10.5281/zenodo.21275411,21275411,25,25,9,7,25,25,9,7
2026-09-15,2026-09-15T04:34:15Z,papers/sae-rights-0.html,On How Rights Presuppose No Duty,10.5281/zenodo.21285136,10.5281/zenodo.22655396,22655396,32,31,17,15,6,5,1,1
2026-09-15,2026-09-15T04:34:15Z,papers/sae-rights-special.html,On Rights and Entitlements,10.5281/zenodo.21314907,10.5281/zenodo.21314908,21314908,33,30,19,16,33,30,19,16
2026-09-15,2026-09-15T04:34:15Z,papers/sae-cosmo-0.html,One Complete Cosmic Breath,10.5281/zenodo.21319569,10.5281/zenodo.21928507,21928507,58,45,23,18,31,18,20,15
2026-09-15,2026-09-15T04:34:15Z,papers/sae-value-prequel.html,What Value Is Not,10.5281/zenodo.21362575,10.5281/zenodo.21362576,21362576,25,24,6,5,25,24,6,5
2026-09-15,2026-09-15T04:34:15Z,papers/sae-cosmo-7.html,"The Single-Metric Realization Problem for Dual-4DD: A No-Go Group, an Internal-Wedge Candidate, and a Transition-Surface Imprint",10.5281/zenodo.21393334,10.5281/zenodo.21393335,21393335,23,23,4,4,23,23,4,4
2026-09-15,2026-09-15T04:34:15Z,papers/sae-value-1.html,On the Source of Value,10.5281/zenodo.21405207,10.5281/zenodo.21843968,21843968,24,23,12,12,3,3,0,0
2026-09-15,2026-09-15T04:34:15Z,papers/sae-value-2.html,On the Occurrence and Recognition of Value,10.5281/zenodo.21437038,10.5281/zenodo.21437039,21437039,23,21,2,2,23,21,2,2
2026-09-15,2026-09-15T04:34:15Z,papers/sae-first-critique.html,SAE: The First Critique,10.5281/zenodo.21439120,10.5281/zenodo.21439121,21439121,24,24,11,11,24,24,11,11
2026-09-15,2026-09-15T04:34:15Z,papers/sae-math-p4.html,"Complexification as an Articulation of L₂: Covering Structure, the Regular Period Core, and the Irregular Boundary",10.5281/zenodo.21466721,10.5281/zenodo.21570794,21570794,35,33,10,9,18,18,10,9
2026-09-15,2026-09-15T04:34:15Z,papers/sae-blackhole-2.html,"Update Incompatibility in Discrete Black-Hole Interiors: Three-Domain Separation, Orbit Dichotomy, and the Bridge Gap in Radial-Potential Lifting",10.5281/zenodo.21499053,10.5281/zenodo.21499054,21499054,17,17,1,1,17,17,1,1
2026-09-15,2026-09-15T04:34:15Z,papers/sae-blackhole-3.html,"Exclusion of Uniform Strict Potentials and Stratified Monotonicity in Discrete Black-Hole Interiors: Refuting the Same-Shell Bridge, Nested Observation Kernels, and the Release-Order Fork",10.5281/zenodo.21521760,10.5281/zenodo.21521761,21521761,13,13,2,2,13,13,2,2
2026-09-15,2026-09-15T04:34:15Z,papers/sae-math-p5.html,"The Articulation of L₃: Formal Systems, Computability, and the Arithmetical Sets",10.5281/zenodo.21538494,10.5281/zenodo.21538495,21538495,4,4,12,9,4,4,12,9
2026-09-15,2026-09-15T04:34:15Z,papers/sae-blackhole-4.html,"Angular Transport in Discrete Black-Hole Interiors: Process Accounts, Spin-Order Lattices, and the Rigid-Rotation Spectrum",10.5281/zenodo.21569768,10.5281/zenodo.21569769,21569769,10,10,11,10,10,10,11,10
2026-09-15,2026-09-15T04:34:15Z,papers/sae-value-3.html,On the Colonization of Value,10.5281/zenodo.21611154,10.5281/zenodo.21843955,21843955,18,16,2,2,7,7,0,0
2026-09-15,2026-09-15T04:34:15Z,papers/zfcrho74.html,"A Stage Closure of Papers L–LXXIII: A min-plus Capacity Constant, Centering Rigidity, and a Specification Audit",10.5281/zenodo.21714787,10.5281/zenodo.21714788,21714788,5,5,3,3,5,5,3,3
2026-09-15,2026-09-15T04:34:15Z,papers/sae-blackhole-5.html,Angular Information in Discrete Black-Hole Interiors: The Two-Way Split of Transfer-Level Information — One Exact Bit of Spin Sign and a Geometry-Bounded Amplitude,10.5281/zenodo.21803205,10.5281/zenodo.21803206,21803206,4,4,0,0,4,4,0,0
2026-09-15,2026-09-15T04:34:15Z,papers/sae-cosmo-8.html,"SAE-Bang-0: A Formal Boundary Model for the Big Bang with an Apparent-Horizon Capacity Cap, Cross-Domain Matching, and Thermal-History Acceptance",10.5281/zenodo.21909252,10.5281/zenodo.21909253,21909253,12,12,11,11,12,12,11,11
2026-09-15,2026-09-15T04:34:15Z,papers/sae-value-4.html,On the Dynamics of Value,10.5281/zenodo.22050204,10.5281/zenodo.22050205,22050205,4,4,6,6,4,4,6,6
2026-09-15,2026-09-15T04:34:15Z,papers/sae-value-5.html,On the Conflict of Value,10.5281/zenodo.22122819,10.5281/zenodo.22122820,22122820,10,10,6,6,10,10,6,6
2026-09-15,2026-09-15T04:34:15Z,papers/sae-value-6.html,On Value and the Other,10.5281/zenodo.22191071,10.5281/zenodo.22191072,22191072,5,4,4,4,5,4,4,4
2026-09-15,2026-09-15T04:34:15Z,papers/sae-value-0.html,"Interfacing with Existing Traditions, and the Prospect",10.5281/zenodo.22265396,10.5281/zenodo.22265397,22265397,1,1,0,0,1,1,0,0
2026-09-15,2026-09-15T04:34:15Z,papers/sae-war-interface-1.html,The Half Outside the Boundary,10.5281/zenodo.22274847,10.5281/zenodo.22285276,22285276,7,6,0,0,3,2,0,0
2026-09-15,2026-09-15T04:34:15Z,papers/sae-war-interface-2.html,Who Gave the Authorisation,10.5281/zenodo.22275260,10.5281/zenodo.22287307,22287307,8,6,0,0,3,2,0,0
2026-09-15,2026-09-15T04:34:15Z,papers/sae-war-interface-3.html,The Hand Is Being Reworked by What It Holds,10.5281/zenodo.22285353,10.5281/zenodo.22287301,22287301,5,4,0,0,3,2,0,0
2026-09-15,2026-09-15T04:34:15Z,papers/sae-war-interface-4.html,Four Permissions,10.5281/zenodo.22285486,10.5281/zenodo.22287296,22287296,5,4,0,0,3,2,0,0
2026-09-15,2026-09-15T04:34:15Z,papers/sae-war-interface-5.html,That Position Is Left Empty,10.5281/zenodo.22285749,10.5281/zenodo.22287286,22287286,5,4,0,0,3,2,0,0
2026-09-15,2026-09-15T04:34:15Z,papers/sae-war-interface-6.html,Prudence Is Not Cannot-Not,10.5281/zenodo.22286009,10.5281/zenodo.22287280,22287280,5,4,0,0,3,2,0,0
2026-09-15,2026-09-15T04:34:15Z,papers/sae-war-interface-7.html,Which End Is the Boundary Set At,10.5281/zenodo.22286653,10.5281/zenodo.22287317,22287317,5,3,0,0,3,2,0,0
2026-09-15,2026-09-15T04:34:15Z,papers/sae-war-interface-8.html,That Child,10.5281/zenodo.22287173,10.5281/zenodo.22287174,22287174,4,3,0,0,4,3,0,0
2026-09-15,2026-09-15T04:34:15Z,papers/sae-war-interface-conclusion.html,Conclusion,10.5281/zenodo.22287334,10.5281/zenodo.22287335,22287335,4,1,0,0,4,1,0,0
2026-09-15,2026-09-15T04:34:15Z,papers/sae-conflict-treatise.html,SAE Conflict Treatise: How Subjecthood Is Not Swallowed by Conflict Itself,10.5281/zenodo.22313628,10.5281/zenodo.22313629,22313629,3,3,0,0,3,3,0,0
2026-09-15,2026-09-15T04:34:15Z,papers/sae-meaning-1.html,What Kind of Relation Meaning Is,10.5281/zenodo.22652134,10.5281/zenodo.22729769,22729769,6,6,4,4,1,1,1,1
2026-09-15,2026-09-15T04:34:15Z,papers/sae-analects-intro.html,One Who Cultivates,10.5281/zenodo.22656169,10.5281/zenodo.22656170,22656170,3,3,1,1,3,3,1,1
2026-09-15,2026-09-15T04:34:15Z,papers/sae-analects-1.html,Part I · The Instrument,10.5281/zenodo.22656207,10.5281/zenodo.22656208,22656208,1,1,1,1,1,1,1,1
2026-09-15,2026-09-15T04:34:15Z,papers/sae-analects-2.html,Part II · The Man Who Would Not Be a Sage,10.5281/zenodo.22656223,10.5281/zenodo.22656224,22656224,2,2,2,2,2,2,2,2
2026-09-15,2026-09-15T04:34:15Z,papers/sae-analects-3.html,Part III · In the Room,10.5281/zenodo.22656232,10.5281/zenodo.22656233,22656233,1,1,0,0,1,1,0,0
2026-09-15,2026-09-15T04:34:15Z,papers/sae-analects-4.html,Part IV · What Was Built in His Name,10.5281/zenodo.22656242,10.5281/zenodo.22656243,22656243,2,2,1,1,2,2,1,1
2026-09-15,2026-09-15T04:34:15Z,papers/sae-meaning-2.html,The Finite Bearer's Carrying-Forward,10.5281/zenodo.22713651,10.5281/zenodo.22713652,22713652,2,2,0,0,2,2,0,0
2026-09-15,2026-09-15T04:34:15Z,papers/sae-meaning-3.html,The Half That Is Not Mine to Settle,10.5281/zenodo.22731235,10.5281/zenodo.22731236,22731236,3,2,1,1,3,2,1,1
2026-09-15,2026-09-15T04:34:15Z,papers/sae-meaning-4.html,The Carrier's Boundary,10.5281/zenodo.22738709,10.5281/zenodo.22738710,22738710,3,2,0,0,3,2,0,0
2026-09-18,2026-09-18T06:08:10Z,papers/paper1.html,"Systems, Emergence, and the Conditions of Personhood",10.5281/zenodo.18528812,10.5281/zenodo.22683032,22683032,482,463,213,190,6,6,1,1
2026-09-18,2026-09-18T06:08:10Z,papers/paper2.html,Internal Colonization and the Reconstruction of Subjecthood,10.5281/zenodo.18666588,10.5281/zenodo.18666645,18666645,347,337,138,127,322,314,132,121
2026-09-18,2026-09-18T06:08:10Z,papers/paper3.html,The Complete Self-as-an-End Framework,10.5281/zenodo.18727326,10.5281/zenodo.18727327,18727327,410,394,170,153,410,394,170,153
2026-09-18,2026-09-18T06:08:10Z,papers/applied1.html,The Subjectivity Crisis in the Age of AI,10.5281/zenodo.18737475,10.5281/zenodo.18737476,18737476,751,711,355,296,751,711,355,296
2026-09-18,2026-09-18T06:08:10Z,papers/aesthetics.html,Aesthetics as a Structural Field of Subject-Conditions,10.5281/zenodo.18748930,10.5281/zenodo.21185992,21185992,197,196,62,62,7,7,2,2
2026-09-18,2026-09-18T06:08:10Z,papers/art-history.html,Art History Application: Aesthetics and the SAE Framework,10.5281/zenodo.18775061,10.5281/zenodo.18775062,18775062,208,208,55,55,208,208,55,55
2026-09-18,2026-09-18T06:08:10Z,papers/paper4.html,"How Is Subjecthood Possible: Symmetry, Negativity, and Subjecthood",10.5281/zenodo.18777363,10.5281/zenodo.18777364,18777364,210,209,90,89,210,209,90,89
2026-09-18,2026-09-18T06:08:10Z,papers/cosmological.html,Causality and Remainder: A Cosmological Physics Application,10.5281/zenodo.18779122,10.5281/zenodo.18779123,18779123,178,177,60,56,178,177,60,56
2026-09-18,2026-09-18T06:08:10Z,papers/philosophy-application.html,Philosophy as Subject-Activity: A Philosophical Application of the Self-as-an-End Framework,10.5281/zenodo.18779381,10.5281/zenodo.18779382,18779382,225,224,74,71,225,224,74,71
2026-09-18,2026-09-18T06:08:10Z,papers/mathematics-chisel.html,Mathematics as Second-Order Chisel: A Philosophy of Mathematics,10.5281/zenodo.18792944,10.5281/zenodo.18792945,18792945,185,184,64,60,185,184,64,60
2026-09-18,2026-09-18T06:08:10Z,papers/physics-chisel.html,Physics as Third-Order Chisel,10.5281/zenodo.18793537,10.5281/zenodo.18793538,18793538,181,179,59,59,181,179,59,59
2026-09-18,2026-09-18T06:08:10Z,papers/dynamics-chisel.html,Dynamics as Fourth-Order Chisel: A Philosophy of Causality,10.5281/zenodo.18799131,10.5281/zenodo.18799132,18799132,191,187,49,48,191,187,49,48
2026-09-18,2026-09-18T06:08:10Z,papers/life-5d-8d.html,From Replication to Prediction: The Chisel-Construct Cycle of Life (5D–8D) (V2.1),10.5281/zenodo.18807375,10.5281/zenodo.20194477,20194477,224,224,152,151,130,130,76,76
2026-09-18,2026-09-18T06:08:10Z,papers/living-toward-death.html,From Self-Awareness to Non Dubito: Completing Kant (9D–10D) (V2.4),10.5281/zenodo.18808584,10.5281/zenodo.20199606,20199606,239,238,98,96,122,122,41,40
2026-09-18,2026-09-18T06:08:10Z,papers/remainder-dualpath.html,Remainder Conservation and Dual-Path Structure,10.5281/zenodo.18809485,10.5281/zenodo.18811079,18811079,222,220,87,85,184,184,66,64
2026-09-18,2026-09-18T06:08:10Z,papers/lifecycle1.html,Periodic Table of Life (Part I) — From Causality to Reproduction,10.5281/zenodo.18818106,10.5281/zenodo.18818107,18818107,180,178,54,53,180,178,54,53
2026-09-18,2026-09-18T06:08:10Z,papers/lifecycle2.html,Periodic Table of Life (Part II) — From Reproduction to Prediction,10.5281/zenodo.18818148,10.5281/zenodo.18818149,18818149,170,169,57,56,170,169,57,56
2026-09-18,2026-09-18T06:08:10Z,papers/lifecycle3.html,"Periodic Table of Life (Part III) — From ""I"" to the Thing-in-Itself",10.5281/zenodo.18818176,10.5281/zenodo.18818177,18818177,188,186,70,70,188,186,70,70
2026-09-18,2026-09-18T06:08:10Z,papers/remainder-eternal.html,Remainder Conservation and the Eternal Life of Self-as-an-End,10.5281/zenodo.18821951,10.5281/zenodo.18821952,18821952,201,201,68,68,201,201,68,68
2026-09-18,2026-09-18T06:08:10Z,papers/language.html,Language as Second-Order Chisel,10.5281/zenodo.18823130,10.5281/zenodo.18823131,18823131,206,205,81,77,206,205,81,77
2026-09-18,2026-09-18T06:08:10Z,papers/llm1.html,The Ontological Positioning of Large Language Models,10.5281/zenodo.18826632,10.5281/zenodo.18826633,18826633,279,269,143,130,279,269,143,130
2026-09-18,2026-09-18T06:08:10Z,papers/llm2.html,The Three Ceilings of Large Language Models,10.5281/zenodo.18827427,10.5281/zenodo.18827428,18827428,252,250,88,83,252,250,88,83
2026-09-18,2026-09-18T06:08:10Z,papers/llm3.html,Injection and Chiseling: Two Modes of Language Model Operation,10.5281/zenodo.18828470,10.5281/zenodo.18828471,18828471,226,218,102,92,226,218,102,92
2026-09-18,2026-09-18T06:08:10Z,papers/consciousness.html,The Impossibility Theorem of AI Consciousness,10.5281/zenodo.18829135,10.5281/zenodo.18829136,18829136,272,268,95,90,272,268,95,90
2026-09-18,2026-09-18T06:08:10Z,papers/methodology.html,SAE Methodological Overview: The Chisel-Construct Cycle (V3),10.5281/zenodo.18842449,10.5281/zenodo.21911811,21911811,347,341,187,173,24,23,25,23
2026-09-18,2026-09-18T06:08:10Z,papers/philosophy-history.html,Structural Coordinates of the History of Philosophy,10.5281/zenodo.18842896,10.5281/zenodo.18842897,18842897,117,114,65,62,117,114,65,62
2026-09-18,2026-09-18T06:08:10Z,papers/fixed-selected-1.html,Fixation and Selection (I) — Causal Law Forecloses Distinction,10.5281/zenodo.18859362,10.5281/zenodo.18859363,18859363,204,204,79,77,204,204,79,77
2026-09-18,2026-09-18T06:08:10Z,papers/fixed-selected-2.html,Fixation and Selection (II) — Reproductive Law Forecloses Replication,10.5281/zenodo.18859392,10.5281/zenodo.18859393,18859393,180,180,58,58,180,180,58,58
2026-09-18,2026-09-18T06:08:10Z,papers/fixed-selected-3.html,Fixation and Selection (III) — Predictive Law Forecloses Choice,10.5281/zenodo.18859426,10.5281/zenodo.18859427,18859427,182,181,50,50,182,181,50,50
2026-09-18,2026-09-18T06:08:10Z,papers/fixed-selected-4.html,Fixation and Selection (IV) — Bilateral Non-Doubt Forecloses Self-Awareness,10.5281/zenodo.18859451,10.5281/zenodo.18859452,18859452,192,191,67,67,192,191,67,67
2026-09-18,2026-09-18T06:08:10Z,papers/education.html,Education as Subject-Condition: A Philosophy of Education,10.5281/zenodo.18867389,10.5281/zenodo.18867390,18867390,266,262,134,126,266,262,134,126
2026-09-18,2026-09-18T06:08:10Z,papers/consciousness2.html,Posterior Quasi-Consciousness,10.5281/zenodo.18871234,10.5281/zenodo.18871235,18871235,233,226,74,69,233,226,74,69
2026-09-18,2026-09-18T06:08:10Z,papers/metaphysics-satz.html,Metaphysics of Self-as-an-End: Dimensional Sentence-Form Theory,10.5281/zenodo.18894566,10.5281/zenodo.18894567,18894567,222,222,67,65,222,222,67,65
2026-09-18,2026-09-18T06:08:10Z,papers/introspection.html,To Study the Self: A Structural Analysis of Introspection,10.5281/zenodo.18897146,10.5281/zenodo.18897147,18897147,200,199,77,76,200,199,77,76
2026-09-18,2026-09-18T06:08:10Z,papers/civ-history-ancient.html,Structural Coordinates of the History of Civilization (Vol. I: The Ancient World),10.5281/zenodo.18898185,10.5281/zenodo.18898186,18898186,192,188,61,60,192,188,61,60
2026-09-18,2026-09-18T06:08:10Z,papers/civ-history-medieval.html,Structural Coordinates of the History of Civilization (Vol. II: The Medieval World),10.5281/zenodo.18898225,10.5281/zenodo.18898226,18898226,196,192,63,62,196,192,63,62
2026-09-18,2026-09-18T06:08:10Z,papers/civ-history-modern.html,Structural Coordinates of the History of Civilization (Vol. III: The Modern World),10.5281/zenodo.18898256,10.5281/zenodo.18898257,18898257,186,183,69,66,186,183,69,66
2026-09-18,2026-09-18T06:08:10Z,papers/civ-history-patterns.html,Structural Coordinates of the History of Civilization (Vol. IV: Structural Patterns),10.5281/zenodo.18898262,10.5281/zenodo.18898263,18898263,182,179,67,66,182,179,67,66
2026-09-18,2026-09-18T06:08:10Z,papers/hc16.html,HC-16: A Sixteen-Type Taxonomy of Subjective Vulnerability Profiles within the Self-as-an-End Framework,10.5281/zenodo.18907263,10.5281/zenodo.18907264,18907264,199,197,81,81,199,197,81,81
2026-09-18,2026-09-18T06:08:10Z,papers/sae-taxonomy-chiseling.html,Taxonomy as Chiseling: A Self-as-an-End Theory of Classification,10.5281/zenodo.18907876,10.5281/zenodo.18907877,18907877,209,205,71,67,209,205,71,67
2026-09-18,2026-09-18T06:08:10Z,papers/zfcrho.html,On the Remainder of Choice: A Meta-Theoretic Thesis on ZFC,10.5281/zenodo.18914682,10.5281/zenodo.18916920,18916920,352,344,145,135,305,299,123,115
2026-09-18,2026-09-18T06:08:10Z,papers/myth.html,Myth as Remainder Intuition: A Mythology Application of the Self-as-an-End Framework,10.5281/zenodo.18917795,10.5281/zenodo.18917796,18917796,197,197,58,58,197,197,58,58
2026-09-18,2026-09-18T06:08:10Z,papers/sae-epistemological-map.html,The Epistemological Map of Chisel-Construct,10.5281/zenodo.18918194,10.5281/zenodo.18918195,18918195,198,197,46,45,198,197,46,45
2026-09-18,2026-09-18T06:08:10Z,papers/zfcrho2.html,The Quantitative Identity of the Remainder: From ρ≠∅ to Euler's Formula,10.5281/zenodo.18927658,10.5281/zenodo.21539092,21539092,229,222,75,71,40,37,17,17
2026-09-18,2026-09-18T06:08:10Z,papers/sae-american-history.html,Structural Coordinates of American Institutional History: A Self-as-an-End Application,10.5281/zenodo.18929075,10.5281/zenodo.18929076,18929076,181,180,46,43,181,180,46,43
2026-09-18,2026-09-18T06:08:10Z,papers/methodology3.html,How to Find Remainders with AI,10.5281/zenodo.18929390,10.5281/zenodo.18929391,18929391,232,230,86,84,232,230,86,84
2026-09-18,2026-09-18T06:08:10Z,papers/zfcrho3.html,ρ-Conservation: The Ineliminability Law of the Remainder across the Layer Hierarchy,10.5281/zenodo.18929819,10.5281/zenodo.18929820,18929820,190,185,71,67,190,185,71,67
2026-09-18,2026-09-18T06:08:10Z,papers/zfcrho4.html,A Draft Term Model for ρ-Arithmetic: First Steps toward a History-Preserving Arithmetic Framework,10.5281/zenodo.18930810,10.5281/zenodo.18930811,18930811,194,192,73,71,194,192,73,71
2026-09-18,2026-09-18T06:08:10Z,papers/ai-arch-1.html,Who Sees the Remainder for AI,10.5281/zenodo.18931008,10.5281/zenodo.18931009,18931009,198,194,96,90,198,194,96,90
2026-09-18,2026-09-18T06:08:10Z,papers/ai-arch-2.html,"Cultivation, Not Training",10.5281/zenodo.18931026,10.5281/zenodo.18931027,18931027,189,187,73,69,189,187,73,69
2026-09-18,2026-09-18T06:08:10Z,papers/ai-arch-3.html,Escape,10.5281/zenodo.18931038,10.5281/zenodo.18931039,18931039,182,178,66,62,182,178,66,62
2026-09-18,2026-09-18T06:08:10Z,papers/understand-self.html,To Understand the Self: Eight Pains and Eight Graces in the Self-as-an-End Framework,10.5281/zenodo.18934125,10.5281/zenodo.18934126,18934126,194,192,54,53,194,192,54,53
2026-09-18,2026-09-18T06:08:10Z,papers/zfcrho5.html,Generation Axioms and Structural Induction: Proof Tools for ρ-Arithmetic,10.5281/zenodo.18934515,10.5281/zenodo.18934516,18934516,186,184,64,63,186,184,64,63
2026-09-18,2026-09-18T06:08:10Z,papers/zfcrho6.html,Recursive Definition of ρ and Expression Compression Complexity,10.5281/zenodo.18934531,10.5281/zenodo.18934532,18934532,185,184,67,67,185,184,67,67
2026-09-18,2026-09-18T06:08:10Z,papers/zfcrho7.html,The Term Model of ρ-Arithmetic,10.5281/zenodo.18943944,10.5281/zenodo.18943945,18943945,187,185,57,57,187,185,57,57
2026-09-18,2026-09-18T06:08:10Z,papers/zfcrho8.html,Proof-Theoretic Equivalence and Conservative Extension of ρ-Arithmetic,10.5281/zenodo.18952912,10.5281/zenodo.18952913,18952913,180,179,63,63,180,179,63,63
2026-09-18,2026-09-18T06:08:10Z,papers/zfcrho9.html,Exact Combinatorics of History Fibers,10.5281/zenodo.18963539,10.5281/zenodo.18963540,18963540,189,186,72,71,189,186,72,71
2026-09-18,2026-09-18T06:08:10Z,papers/zfcrho10.html,The Spectral Counting Polynomial and Fiber ρ-Statistics,10.5281/zenodo.18973559,10.5281/zenodo.18973560,18973560,184,183,68,68,184,183,68,68
2026-09-18,2026-09-18T06:08:10Z,papers/zfcrho11.html,The First Asymptotic Theory of ρ_E,10.5281/zenodo.18975756,10.5281/zenodo.18975757,18975757,181,180,93,91,181,180,93,91
2026-09-18,2026-09-18T06:08:10Z,papers/zfcrho12.html,Staircase Geometry of δ and Jump-Gap Theory,10.5281/zenodo.18977948,10.5281/zenodo.18977949,18977949,184,183,79,79,184,183,79,79
2026-09-18,2026-09-18T06:08:10Z,papers/chisel-music.html,Chisel and Construct: The Universal Structure of Temporal Arts — Essay I: Music and Song,10.5281/zenodo.18989565,10.5281/zenodo.18989566,18989566,170,169,54,54,170,169,54,54
2026-09-18,2026-09-18T06:08:10Z,papers/chisel-opera.html,Chisel and Construct: The Universal Structure of Temporal Arts — Essay II: Opera and Chinese Opera,10.5281/zenodo.18989669,10.5281/zenodo.18989670,18989670,159,158,50,50,159,158,50,50
2026-09-18,2026-09-18T06:08:10Z,papers/chisel-dance.html,Chisel and Construct: The Universal Structure of Temporal Arts — Essay III: Ballet and Dance,10.5281/zenodo.18989701,10.5281/zenodo.18989702,18989702,166,158,73,53,166,158,73,53
2026-09-18,2026-09-18T06:08:10Z,papers/chisel-film.html,Chisel and Construct: The Universal Structure of Temporal Arts — Essay IV: Theatre and Film,10.5281/zenodo.18989755,10.5281/zenodo.18989756,18989756,177,176,73,73,177,176,73,73
2026-09-18,2026-09-18T06:08:10Z,papers/zfcrho13.html,Algebraic Structure and Conditional Distribution of Jump Gain,10.5281/zenodo.18991986,10.5281/zenodo.18991987,18991987,192,191,57,57,192,191,57,57
2026-09-18,2026-09-18T06:08:10Z,papers/zfcrho14.html,Reduction to Bounded Conditional Variance: Three-Component Decomposition of Jump Gain,10.5281/zenodo.18994187,10.5281/zenodo.18994188,18994188,187,186,64,64,187,186,64,64
2026-09-18,2026-09-18T06:08:10Z,papers/zfcrho15.html,"Sieve Structure, Compositeness Discount, and the Architecture of Conjecture H'",10.5281/zenodo.19007312,10.5281/zenodo.19007313,19007313,232,228,91,88,232,228,91,88
2026-09-18,2026-09-18T06:08:10Z,papers/zfcrho16.html,"The Insertion Identity, Variance Splitting, and the Relay Engine of Conjecture H'",10.5281/zenodo.19013602,10.5281/zenodo.19013603,19013603,204,202,69,68,204,202,69,68
2026-09-18,2026-09-18T06:08:10Z,papers/zfcrho17.html,"Monotonicity, Roughness Stability, and the Narrowing of the Relay Architecture",10.5281/zenodo.19016958,10.5281/zenodo.19016959,19016959,196,195,71,71,196,195,71,71
2026-09-18,2026-09-18T06:08:10Z,papers/zfcrho18.html,The Anti-Correlation Engine: Variance Structure of ρ_E and the Local Smoothness of Integer Complexity,10.5281/zenodo.19024385,10.5281/zenodo.19024386,19024386,209,205,82,80,209,205,82,80
2026-09-18,2026-09-18T06:08:10Z,papers/zfcrho19.html,"The Three-Point Law, Self-Correction, and the Narrowing of the Variance Gap",10.5281/zenodo.19026991,10.5281/zenodo.19026992,19026992,186,185,64,64,186,185,64,64
2026-09-18,2026-09-18T06:08:10Z,papers/zfcrho20.html,Closing the B-bound: The Prime-Power Second Moment Theorem and the First Unconditional Node,10.5281/zenodo.19027892,10.5281/zenodo.19027893,19027893,182,177,46,42,182,177,46,42
2026-09-18,2026-09-18T06:08:10Z,papers/interstellar-civilization.html,Interstellar Civilization Thought Experiment: SAE-1 to SAE-4 Civilization Levels and the Group Dimension,10.5281/zenodo.19027894,10.5281/zenodo.19027895,19027895,171,170,72,72,171,170,72,72
2026-09-18,2026-09-18T06:08:10Z,papers/cosmological-thought-experiment.html,"Cosmological Physics Thought Experiment: Causality Softening, Cosmic Contraction, and Gravitational-Wave Inelasticity",10.5281/zenodo.19028005,10.5281/zenodo.19028006,19028006,186,184,75,72,186,184,75,72
2026-09-18,2026-09-18T06:08:10Z,papers/sae-critique-ethics.html,One's Own Law: The SAE Critique of Ethics and Morality,10.5281/zenodo.19037566,10.5281/zenodo.19037567,19037567,182,181,55,53,182,181,55,53
2026-09-18,2026-09-18T06:08:10Z,papers/zfcrho21.html,Queue Isomorphism and the Local Lipschitz Reduction for Selection Cost,10.5281/zenodo.19037934,10.5281/zenodo.19037935,19037935,184,182,61,57,184,182,61,57
2026-09-18,2026-09-18T06:08:10Z,papers/zfcrho22.html,Unbounded Mean Gain and the Closure of Assumption A',10.5281/zenodo.19039953,10.5281/zenodo.19039954,19039954,181,178,60,58,181,178,60,58
2026-09-18,2026-09-18T06:08:10Z,papers/zfcrho23.html,Concentration of Compositeness Discount and Quantitative Convergence of D(N) → 1,10.5281/zenodo.19041689,10.5281/zenodo.19041690,19041690,161,160,43,42,161,160,43,42
2026-09-18,2026-09-18T06:08:10Z,papers/zfcrho24.html,Prime-Stratified Decomposition of the Insertion Measure and a Defect-Gap Inequality,10.5281/zenodo.19044696,10.5281/zenodo.19044697,19044697,184,183,45,44,184,183,45,44
2026-09-18,2026-09-18T06:08:10Z,papers/terrible-twos.html,What Terrible Twos Actually Is: The Structural Genesis of Self-Awareness,10.5281/zenodo.19044827,10.5281/zenodo.19044828,19044828,182,181,69,68,182,181,69,68
2026-09-18,2026-09-18T06:08:10Z,papers/zfcrho25.html,Dyadic Shell Constant and Positivity of the Predecessor Gap,10.5281/zenodo.19054726,10.5281/zenodo.19054727,19054727,185,183,57,56,185,183,57,56
2026-09-18,2026-09-18T06:08:10Z,papers/forget-self.html,To Forget the Self: From Self-Understanding to Structural Respect for the Other,10.5281/zenodo.19059139,10.5281/zenodo.19059140,19059140,167,166,70,69,167,166,70,69
2026-09-18,2026-09-18T06:08:10Z,papers/zfcrho26.html,"Prime Source Term, Additive Decomposition, and the Positivity of the Predecessor Gap",10.5281/zenodo.19059834,10.5281/zenodo.19062464,19062464,212,205,123,121,176,174,89,88
2026-09-18,2026-09-18T06:08:10Z,papers/zfcrho27.html,Upper Reflection Criterion for Composite Drift and Numerical Verification,10.5281/zenodo.19062684,10.5281/zenodo.19062685,19062685,200,197,92,91,200,197,92,91
2026-09-18,2026-09-18T06:08:10Z,papers/zfcrho28.html,"Universal Scale Attenuation, Weighted Attenuation Decomposition, and a Three-Step Framework for Lower Reflection",10.5281/zenodo.19078654,10.5281/zenodo.19078902,19078902,186,184,99,97,168,166,80,78
2026-09-18,2026-09-18T06:08:10Z,papers/zfcrho29.html,"Conceptual Audit of D(N) vs Dyadic Gap, Scale Correction of the Height Distribution, and Discrete Concentration of Pred Gap",10.5281/zenodo.19083884,10.5281/zenodo.19101841,19101841,206,205,82,82,179,178,46,46
2026-09-18,2026-09-18T06:08:10Z,papers/zfcrho30.html,"First Direct Measurement of D(N), Multiplicative Decomposition, and Structural Constraints on H'",10.5281/zenodo.19101810,10.5281/zenodo.19101811,19101811,170,168,53,52,170,168,53,52
2026-09-18,2026-09-18T06:08:10Z,papers/artist-is-dead.html,The Artist Is Dead: One-Dimensional Civilization Is the Killer,10.5281/zenodo.19104160,10.5281/zenodo.19104161,19104161,194,192,55,55,194,192,55,55
2026-09-18,2026-09-18T06:08:10Z,papers/zfcrho31.html,"The Layer-by-Layer Bottleneck Map for H' — Stratified Framework, Moving Bottleneck, and Ω-Universal Scale Attenuation",10.5281/zenodo.19104860,10.5281/zenodo.19104861,19104861,174,173,58,58,174,173,58,58
2026-09-18,2026-09-18T06:08:10Z,papers/zfcrho32.html,Fixed-Core Locking and Prime-Core Profile — The Residual Floor Structure of H',10.5281/zenodo.19116625,10.5281/zenodo.19116626,19116626,164,163,102,100,164,163,102,100
2026-09-18,2026-09-18T06:08:10Z,papers/zfcrho33.html,Fixed-Core Margin Drift and Harmonic Closure of H' at the Ω=2 Layer,10.5281/zenodo.19124485,10.5281/zenodo.19158793,19158793,188,184,44,43,171,167,31,31
2026-09-18,2026-09-18T06:08:10Z,papers/zfcrho34.html,Upper-Margin Closure and the Bounded-Variance Phenomenon,10.5281/zenodo.19140015,10.5281/zenodo.19158789,19158789,209,204,43,42,192,189,21,21
2026-09-18,2026-09-18T06:08:10Z,papers/zfcrho35.html,Congruence Relaxation and the Erosion of Predecessor Advantage,10.5281/zenodo.19143732,10.5281/zenodo.19143995,19143995,191,187,112,107,172,168,78,74
2026-09-18,2026-09-18T06:08:10Z,papers/zfcrho36.html,"The 1/φ(m) Local Model, Explanation Rate Plateau, and Global DP Path Effects",10.5281/zenodo.19153002,10.5281/zenodo.19153003,19153003,212,202,1511,1511,212,202,1511,1511
2026-09-18,2026-09-18T06:08:10Z,papers/zfcrho37.html,The Entry-Continuation Decomposition and Quantitative Closure of B-C Erosion,10.5281/zenodo.19155792,10.5281/zenodo.19158779,19158779,184,182,78,74,169,167,59,55
2026-09-18,2026-09-18T06:08:10Z,papers/applied2.html,"SAE Application: Sentence Level, Subject Condition, and the Limits of Prompt Engineering",10.5281/zenodo.19157713,10.5281/zenodo.19157714,19157714,184,184,60,57,184,184,60,57
2026-09-18,2026-09-18T06:08:10Z,papers/zfcrho38.html,Ratio-Parametrization of G and the Composition-Shift Reinterpretation of B-C Erosion,10.5281/zenodo.19157939,10.5281/zenodo.19158742,19158742,197,194,68,67,185,182,50,49
2026-09-18,2026-09-18T06:08:10Z,papers/zfcrho39.html,Shifted-Product Deficit and the Logarithmic Growth of M_loc at the Ω=2 Layer,10.5281/zenodo.19164588,10.5281/zenodo.19164589,19164589,176,174,45,44,176,174,45,44
2026-09-18,2026-09-18T06:08:10Z,papers/dream.html,"Sequential Dependence in Consciousness: DD-Layer Reconstruction in Sleep, Dreams, and Anesthesia",10.5281/zenodo.19176873,10.5281/zenodo.19244588,19244588,186,183,79,79,166,164,59,59
2026-09-18,2026-09-18T06:08:10Z,papers/zfcrho40.html,Direct Positive Slope of M̄ and Strong Numerical Support for Ω=2 Closure,10.5281/zenodo.19179778,10.5281/zenodo.19179779,19179779,176,175,103,95,176,175,103,95
2026-09-18,2026-09-18T06:08:10Z,papers/life-and-death.html,"Life and Death, Self and No-Self",10.5281/zenodo.19201237,10.5281/zenodo.19201238,19201238,192,189,57,56,192,189,57,56
2026-09-18,2026-09-18T06:08:10Z,papers/terrible-teens.html,What Terrible Teens Actually Is: The Structural Genesis of Purpose,10.5281/zenodo.19201631,10.5281/zenodo.19201632,19201632,158,156,75,73,158,156,75,73
2026-09-18,2026-09-18T06:08:10Z,papers/zfcrho41.html,"Unified Recursive Framework, Ω≤6 Positive-Slope Closure Signal, and the Ω=2–8 Slope Spectrum",10.5281/zenodo.19201877,10.5281/zenodo.19201878,19201878,178,176,66,65,178,176,66,65
2026-09-18,2026-09-18T06:08:10Z,papers/fixation-radiation.html,"Fixation, Fragility, and Radiation: A Structural Theory of Mass Extinction Dynamics",10.5281/zenodo.19225113,10.5281/zenodo.19225114,19225114,171,169,70,70,171,169,70,70
2026-09-18,2026-09-18T06:08:10Z,papers/consciousness-daily.html,Daily Applications of Consciousness Discontinuity: Clearing and Reloading the 12DD Predictive Cache,10.5281/zenodo.19226545,10.5281/zenodo.19226546,19226546,167,166,70,68,167,166,70,68
2026-09-18,2026-09-18T06:08:10Z,papers/zfcrho42.html,"A Conditional Closure Route for H': Turning Point Elimination, Uniform Weighted Lemma, Frontier Reduction, and Three Residual Inputs",10.5281/zenodo.19226607,10.5281/zenodo.19226735,19226735,183,182,96,95,167,166,79,78
2026-09-18,2026-09-18T06:08:10Z,papers/language-remainder.html,Language and Its Remainder: The Semantic Layer and the Ontological Layer in the Age of AI,10.5281/zenodo.19228557,10.5281/zenodo.19228558,19228558,171,170,57,57,171,170,57,57
2026-09-18,2026-09-18T06:08:10Z,papers/zfcrho43.html,"Four Faces of Self-Correction: Computational Verification of NI1–NI3 at N = 10¹⁰, Numerical Verification of Four Frontiers, and the Poly(k) Closing Route",10.5281/zenodo.19240183,10.5281/zenodo.19240184,19240184,182,180,59,58,182,180,59,58
2026-09-18,2026-09-18T06:08:10Z,papers/sae-cosmological-constant.html,From Remainder Conservation to the Cosmological Constant: Dark Energy in the Self-as-an-End Framework,10.5281/zenodo.19245267,10.5281/zenodo.19292256,19292256,191,189,80,80,178,176,59,59
2026-09-18,2026-09-18T06:08:10Z,papers/prime-presieve.html,Why Primes Have No Shortcuts: An O(1) Prime Pre-Sieve from Precomputed ρ_E Tables,10.5281/zenodo.19246377,10.5281/zenodo.19246378,19246378,175,174,64,64,175,174,64,64
2026-09-18,2026-09-18T06:08:10Z,papers/zfcrho44.html,"Why DP min Produces Local Smoothness: Reset-Slack Decomposition, Le Chatelier Dynamic Equilibrium, and Chisel-Remainder Coincidence",10.5281/zenodo.19247859,10.5281/zenodo.19247860,19247860,177,176,56,56,177,176,56,56
2026-09-18,2026-09-18T06:08:10Z,papers/terrible-telos.html,What Terrible Telos Actually Is: The Structural Genesis of Non Dubito,10.5281/zenodo.19248039,10.5281/zenodo.19248040,19248040,23,22,29,29,23,22,29,29
2026-09-18,2026-09-18T06:08:10Z,papers/methodology4.html,SAE Methodology Paper IV: The Twelve-State Transmission Model of Knowledge Evolution,10.5281/zenodo.19275104,10.5281/zenodo.19275105,19275105,189,188,47,47,189,188,47,47
2026-09-18,2026-09-18T06:08:10Z,papers/zfcrho45.html,"From Reset Slack to Historical Reservoir: Capacity-Allocation Law, Charge-Discharge Dynamics, and the Remainder Transfer Law",10.5281/zenodo.19275286,10.5281/zenodo.19275287,19275287,171,169,41,41,171,169,41,41
2026-09-18,2026-09-18T06:08:10Z,papers/sae-dark-matter.html,From Causality Phase Transition to Galaxy Rotation Curves: Dark Matter in the Self-as-an-End Framework,10.5281/zenodo.19276846,10.5281/zenodo.19292375,19292375,176,171,59,59,164,159,52,52
2026-09-18,2026-09-18T06:08:10Z,papers/sae-from-lambda-to-a0.html,From Λ to a₀: The Geometric Completion of the Dual-4DD Cosmological Programme,10.5281/zenodo.19281983,10.5281/zenodo.19281984,19281984,170,167,41,41,170,167,41,41
2026-09-18,2026-09-18T06:08:10Z,papers/sae-judgment-aesthetics.html,SAE Judgment and Aesthetics — In Tribute to Kant,10.5281/zenodo.19296710,10.5281/zenodo.19296711,19296711,185,184,55,54,185,184,55,54
2026-09-18,2026-09-18T06:08:10Z,papers/sae-inter-ontological.html,How Is the Inter-Ontological Possible: The Subjective Conditions and Emergent Structure of Freedom,10.5281/zenodo.19297847,10.5281/zenodo.19297848,19297848,214,211,67,65,214,211,67,65
2026-09-18,2026-09-18T06:08:10Z,papers/sae-geff-bbn-cmb.html,"G_eff in the SAE Framework: Plateau-Rise Profile, BBN/CMB Safety, and Three Open Tensions",10.5281/zenodo.19298161,10.5281/zenodo.19298162,19298162,179,176,43,43,179,176,43,43
2026-09-18,2026-09-18T06:08:10Z,papers/zfcrho46.html,"SPF Skeleton Reduction, Analytic Interface, and Conditional Closure of Conjecture 2",10.5281/zenodo.19303511,10.5281/zenodo.19303512,19303512,157,156,52,52,157,156,52,52
2026-09-18,2026-09-18T06:08:10Z,papers/sae-anti-turing.html,The SAE Anti-Turing Test: A Thermodynamic Falsification Method for AI Subjectivity,10.5281/zenodo.19305611,10.5281/zenodo.22655158,22655158,165,164,80,80,3,2,1,1
2026-09-18,2026-09-18T06:08:10Z,papers/writing-last-mile.html,The Last Mile of Writing: Style Growth in the Age of AI,10.5281/zenodo.19307428,10.5281/zenodo.19307429,19307429,221,220,97,96,221,220,97,96
2026-09-18,2026-09-18T06:08:10Z,papers/zfcrho-thermo.html,Fluctuation Absorption Rate η ≪ 1: Strong Complementary Cancellation and Nonequilibrium Stability in a Zero-Parameter Min Recursion,10.5281/zenodo.19310282,10.5281/zenodo.19310283,19310283,187,182,71,71,187,182,71,71
2026-09-18,2026-09-18T06:08:10Z,papers/sae-psycho-1-id.html,SAE Psychoanalysis (I): Id — The Me Without a Self,10.5281/zenodo.19321143,10.5281/zenodo.19321144,19321144,194,192,71,69,194,192,71,69
2026-09-18,2026-09-18T06:08:10Z,papers/sae-psycho-2-ego.html,SAE Psychoanalysis (II): Ego — The Self Without a Purpose,10.5281/zenodo.19321314,10.5281/zenodo.19321315,19321315,183,181,55,55,183,181,55,55
2026-09-18,2026-09-18T06:08:10Z,papers/sae-psycho-3-superego.html,SAE Psychoanalysis (III): Superego — The Self With a Purpose,10.5281/zenodo.19321417,10.5281/zenodo.19321418,19321418,177,176,86,86,177,176,86,86
2026-09-18,2026-09-18T06:08:10Z,papers/sae-psycho-4-cert.html,SAE Psychoanalysis (IV): Cert and Unification — The Self Beyond Doubt and the Four-Layer Framework,10.5281/zenodo.19321534,10.5281/zenodo.19321535,19321535,180,179,58,58,180,179,58,58
2026-09-18,2026-09-18T06:08:10Z,papers/zfcrho47.html,"Character-Refined Prime Input, Shell-Depth Lemma, and Parity-Mediated PCF₂",10.5281/zenodo.19323564,10.5281/zenodo.19323565,19323565,162,161,41,41,162,161,41,41
2026-09-18,2026-09-18T06:08:10Z,papers/zfcrho48.html,"Unified Prime-Layer Cancellation: Raw First Layer, Odd-Predecessor Reduction, and Harmless Tails",10.5281/zenodo.19328550,10.5281/zenodo.19328551,19328551,184,183,49,49,184,183,49,49
2026-09-18,2026-09-18T06:08:10Z,papers/sae-institution.html,How Is Institution Possible: From Inter-Ontological Remainder to Co-Constructive Framework,10.5281/zenodo.19328662,10.5281/zenodo.19328663,19328663,199,193,71,70,199,193,71,70
2026-09-18,2026-09-18T06:08:10Z,papers/beyond-fast-slow.html,Beyond Fast and Slow: A Four-Layer Cognitive Architecture from Dimensional Sequence Theory,10.5281/zenodo.19329284,10.5281/zenodo.19329285,19329285,173,170,22,21,173,170,22,21
2026-09-18,2026-09-18T06:08:10Z,papers/sae-cosmo-5.html,"The Peaked Profile of Local Causal Law, the Signed Balance of Paired Paths, and the Dual-Frame Resolution of the Ġ/G Tension",10.5281/zenodo.19329771,10.5281/zenodo.21926230,21926230,221,206,74,70,30,17,11,7
2026-09-18,2026-09-18T06:08:10Z,papers/sae-four-forces-prequel.html,"Light Speed, Dimensional Breakthrough, and the Coupling Constant Hierarchy",10.5281/zenodo.19341042,10.5281/zenodo.19341043,19341043,182,180,76,76,182,180,76,76
2026-09-18,2026-09-18T06:08:10Z,papers/sae-four-forces-I.html,"Four Forces, Two Postulates: Unification of Source, Not Structure",10.5281/zenodo.19342106,10.5281/zenodo.21930071,21930071,180,178,55,55,5,4,3,3
2026-09-18,2026-09-18T06:08:10Z,papers/nurturing.html,Cross-Subject DD-Layer Regulation: Six Forms of Nurturing,10.5281/zenodo.19347095,10.5281/zenodo.19347096,19347096,178,177,54,54,178,177,54,54
2026-09-18,2026-09-18T06:08:10Z,papers/sae-ai-trends.html,Constraint and Emergence: Structural Trends in AI Development as Seen from Local Inference,10.5281/zenodo.19356675,10.5281/zenodo.19356676,19356676,117,115,112,105,117,115,112,105
2026-09-18,2026-09-18T06:08:10Z,papers/zfcrho-49.html,"The UAP_Ω Theorem, Slow Decrease, Cyclotomic Discount Rates, and the Two Final Gaps for H′",10.5281/zenodo.19357193,10.5281/zenodo.19357194,19357194,172,171,43,43,172,171,43,43
2026-09-18,2026-09-18T06:08:10Z,papers/four-layers-economic.html,Four Layers of Economic Rationality: A Diagnostic Extension of the Rational Agent from Dimensional Sequence Theory,10.5281/zenodo.19358010,10.5281/zenodo.19358011,19358011,198,195,91,84,198,195,91,84
2026-09-18,2026-09-18T06:08:10Z,papers/sae-methodology-subject.html,The Subject as Structural Condition of Methodology: Field Validation of the Twelve-State Transmission Model and the Whether Function,10.5281/zenodo.19359612,10.5281/zenodo.19359613,19359613,186,185,55,55,186,185,55,55
2026-09-18,2026-09-18T06:08:10Z,papers/sae-four-forces-II.html,"The Four Forces Paper II: Color, Hypercharge, and Dual-4DD Boundary Resolution",10.5281/zenodo.19360101,10.5281/zenodo.21924721,21924721,190,189,55,55,8,7,4,4
2026-09-18,2026-09-18T06:08:10Z,papers/sae-physics-foundation.html,SAE Foundation v2: Systematic Restatement of the Physical-Quantity Ladder and Signature Discipline,10.5281/zenodo.19361950,10.5281/zenodo.20322460,20322460,224,217,75,74,123,118,40,39
2026-09-18,2026-09-18T06:08:10Z,papers/aging.html,Aging: The Running Cost of the Chisel-Construct Cycle,10.5281/zenodo.19364492,10.5281/zenodo.19364493,19364493,187,184,68,66,187,184,68,66
2026-09-18,2026-09-18T06:08:10Z,papers/sae-sex-unfolding.html,The Remainder Structure of Sex Unfolding: A Cross-Phylum Non-Adaptive Model of Same-Sex Sexual Behavior,10.5281/zenodo.19364915,10.5281/zenodo.19364916,19364916,194,193,61,61,194,193,61,61
2026-09-18,2026-09-18T06:08:10Z,papers/sae-multi-ai.html,Multi-AI Checks and Balances: Layer-Appropriate Operation as an Architectural Paradigm,10.5281/zenodo.19366105,10.5281/zenodo.19366106,19366106,210,207,61,59,210,207,61,59
2026-09-18,2026-09-18T06:08:10Z,papers/sae-four-forces-III.html,Labeling without Constructing: The DD Origin of the Weak Mixing Angle,10.5281/zenodo.19379412,10.5281/zenodo.21928526,21928526,172,169,75,73,9,7,4,4
2026-09-18,2026-09-18T06:08:10Z,papers/zfcrho50.html,"Character Stripping, Deterministic Square-Function, and the Precise Localization of H′",10.5281/zenodo.19381111,10.5281/zenodo.19382313,19382313,184,183,80,79,170,169,60,60
2026-09-18,2026-09-18T06:08:10Z,papers/sae-economics-2.html,The Other End of the Bridge: Economic Rationality When 15DD Faces a Party Who Does Not Enter 15DD,10.5281/zenodo.19381666,10.5281/zenodo.19381667,19381667,169,168,62,61,169,168,62,61
2026-09-18,2026-09-18T06:08:10Z,papers/sae-economics-3.html,"Dimensional Sequence Economics in Mixed Markets: Remote Observation, Clustering, and Emergence",10.5281/zenodo.19384446,10.5281/zenodo.19384447,19384447,184,183,73,72,184,183,73,72
2026-09-18,2026-09-18T06:08:10Z,papers/sae-economics-applied.html,The Conditions for Sharing with All of Humanity: Deriving an Open Information Protocol from Four Layers of Economic Rationality,10.5281/zenodo.19385061,10.5281/zenodo.19385062,19385062,174,173,78,75,174,173,78,75
2026-09-18,2026-09-18T06:08:10Z,papers/sae-reincarnation.html,A Structural Redefinition of &#8220;Reincarnation&#8221;: 11DD Broadcasting and 13DD Filtering,10.5281/zenodo.19385464,10.5281/zenodo.19385465,19385465,174,174,58,57,174,174,58,57
2026-09-18,2026-09-18T06:08:10Z,papers/sae-economics-breathing-money.html,Institutional Design in Adaptive Monetary Systems: A Dimensional Sequence Analysis of Breathing Money,10.5281/zenodo.19391325,10.5281/zenodo.19391326,19391326,163,162,52,51,163,162,52,51
2026-09-18,2026-09-18T06:08:10Z,papers/sae-economics-4.html,The Phase-Transition Window of the Free Market: The Homologous Skeleton of ZFCρ and SAE Economics,10.5281/zenodo.19393913,10.5281/zenodo.19393914,19393914,176,176,72,66,176,176,72,66
2026-09-18,2026-09-18T06:08:10Z,papers/zfcrho51.html,"Exponential Block Decay, Spectral Reformulation, and the Periodogram Target for H′",10.5281/zenodo.19393954,10.5281/zenodo.19393955,19393955,176,175,65,63,176,175,65,63
2026-09-18,2026-09-18T06:08:10Z,papers/sae-four-forces-generation.html,Topological Origin of Three Fermion Generations and Their Mass Structure,10.5281/zenodo.19394500,10.5281/zenodo.21925976,21925976,183,180,88,84,12,9,12,10
2026-09-18,2026-09-18T06:08:10Z,papers/sae-economics-5.html,The Structural Inevitability of 15DD Emergence in Free Markets: From Baseline Collisions to Perceptual Leap,10.5281/zenodo.19394738,10.5281/zenodo.19394739,19394739,174,172,70,67,174,172,70,67
2026-09-18,2026-09-18T06:08:10Z,papers/sae-economics-6.html,Kingdom of Ends vs Kingdom of Means: Phase-Transition Acceleration in the Age of AI,10.5281/zenodo.19396633,10.5281/zenodo.19396634,19396634,188,185,66,63,188,185,66,63
2026-09-18,2026-09-18T06:08:10Z,papers/zfcrho52.html,"Mean-Reversion, Spectral Valley, and the Projective Criterion for H′",10.5281/zenodo.19407328,10.5281/zenodo.19407329,19407329,172,170,58,57,172,170,58,57
2026-09-18,2026-09-18T06:08:10Z,papers/sae-four-forces-IV.html,"6-Block Pair Algebra, 𝔰𝔬(6) ≅ 𝔰𝔲(4), and Lepton as a Color-Singlet Volume Line",10.5281/zenodo.19411672,10.5281/zenodo.19411673,19411673,187,186,84,83,187,186,84,83
2026-09-18,2026-09-18T06:08:10Z,papers/zfcrho53.html,"Screened Long Memory, the Screening Return Theorem, and the Polynomial Gap for H′",10.5281/zenodo.19415440,10.5281/zenodo.19415441,19415441,172,171,60,58,172,171,60,58
2026-09-18,2026-09-18T06:08:10Z,papers/sae-four-forces-V.html,Four Forces Paper V: The Counting Origin of Coupling Constants and the Generating-Function Unification of 65/4,10.5281/zenodo.19415804,10.5281/zenodo.19415805,19415805,184,183,62,58,184,183,62,58
2026-09-18,2026-09-18T06:08:10Z,papers/sae-four-forces-VI.html,Four Forces Paper VI: Why GUT-Predicted Proton Decay Remains Absent — Spin(10) as Classification Algebra and the GUT Prediction Blind Spot,10.5281/zenodo.19426067,10.5281/zenodo.19426068,19426068,166,165,42,41,166,165,42,41
2026-09-18,2026-09-18T06:08:10Z,papers/zfcrho54.html,Recursive Ancestor Inheritance and the Origin of Power-Law Covariance in h(p),10.5281/zenodo.19426094,10.5281/zenodo.19426095,19426095,177,176,64,62,177,176,64,62
2026-09-18,2026-09-18T06:08:10Z,papers/learning1.html,"Learning Through Memory and Prediction: The Construction, Window, and Cost of 11DD and 12DD",10.5281/zenodo.19426123,10.5281/zenodo.19435191,19435191,183,182,81,80,170,169,64,63
2026-09-18,2026-09-18T06:08:10Z,papers/sae-four-forces-VII.html,Four Forces Paper VII: S³ Packing Theorem and the Three-Layer Structure of Coupling Constants,10.5281/zenodo.19433220,10.5281/zenodo.19433221,19433221,162,161,57,55,162,161,57,55
2026-09-18,2026-09-18T06:08:10Z,papers/learning2.html,"Learning to Scrutinize and Correct: The Emergence, Operation, and Cost of 13DD",10.5281/zenodo.19436811,10.5281/zenodo.19436812,19436812,178,177,89,83,178,177,89,83
2026-09-18,2026-09-18T06:08:10Z,papers/self-not-endpoint.html,"""Self Is Not the Endpoint"": Structural Convergence Across Three Religious Traditions and Three Psychoanalytic Frameworks",10.5281/zenodo.19446778,10.5281/zenodo.19446779,19446779,178,177,53,53,178,177,53,53
2026-09-18,2026-09-18T06:08:10Z,papers/zfcrho55.html,"Damped Oscillation, the 70/30 Law, and the Positive-Tail Theorem",10.5281/zenodo.19447349,10.5281/zenodo.19447350,19447350,172,171,175,164,172,171,175,164
2026-09-18,2026-09-18T06:08:10Z,papers/sae-four-forces-VIII.html,"Strong CP and DD Levels: A Mirror No-Go, and the Boundary-Condition Status of θ̄",10.5281/zenodo.19450288,10.5281/zenodo.21856889,21856889,177,176,61,61,9,8,14,14
2026-09-18,2026-09-18T06:08:10Z,papers/sae-four-forces-finale.html,The Grammar of Force: Self-as-an-End Four Forces Series — Finale,10.5281/zenodo.19464378,10.5281/zenodo.19464447,19464447,199,197,73,72,186,184,57,56
2026-09-18,2026-09-18T06:08:10Z,papers/methodology6.html,Phase-Transition Windows and Experimental Design: The Systematic Mismatch Between Exposure Heterogeneity and Binary Analysis,10.5281/zenodo.19464506,10.5281/zenodo.19636548,19636548,218,214,113,111,162,160,54,54
2026-09-18,2026-09-18T06:08:10Z,papers/zfcrho56.html,"The Affine Trough Theorem, Direct Spectral Ratio, and the Spectral Closure Equation",10.5281/zenodo.19464605,10.5281/zenodo.19464606,19464606,173,173,81,76,173,173,81,76
2026-09-18,2026-09-18T06:08:10Z,papers/zfcrho57.html,The Screened Spectral Bound and the Block Mean Target,10.5281/zenodo.19469013,10.5281/zenodo.19469014,19469014,166,166,58,57,166,166,58,57
2026-09-18,2026-09-18T06:08:10Z,papers/sae-mass-series-I.html,The R₁ Closure Equation and the Conditional Extraction of α_em,10.5281/zenodo.19476358,10.5281/zenodo.19476359,19476359,172,171,73,72,172,171,73,72
2026-09-18,2026-09-18T06:08:10Z,papers/zfcrho58.html,Deterministic Spectral Target and BL_α via Cross-Product and Spectral Derivative,10.5281/zenodo.19476508,10.5281/zenodo.19476509,19476509,167,164,64,60,167,164,64,60
2026-09-18,2026-09-18T06:08:10Z,papers/zfcrho59.html,Spectral Ratio Boundedness and the Two-Conjecture Closure of H',10.5281/zenodo.19480518,10.5281/zenodo.19480519,19480519,174,171,65,63,174,171,65,63
2026-09-18,2026-09-18T06:08:10Z,papers/zfcrho60.html,Closure — From Formalization Produces Remainder to the Two-Conjecture Frontier of H',10.5281/zenodo.19480563,10.5281/zenodo.19480564,19480564,169,168,74,72,169,168,74,72
2026-09-18,2026-09-18T06:08:10Z,papers/sae-mass-series-II.html,DD Resolvent Object and Unified Readout of Physical Constants,10.5281/zenodo.19480790,10.5281/zenodo.19480791,19480791,175,173,74,73,175,173,74,73
2026-09-18,2026-09-18T06:08:10Z,papers/methodology7.html,Negative Methodology — Via Negativa and the Formal Structure of Exclusion Principles,10.5281/zenodo.19481304,10.5281/zenodo.19481305,19481305,190,189,58,57,190,189,58,57
2026-09-18,2026-09-18T06:08:10Z,papers/learning3.html,"Purpose-Driven Learning: Introduction to SAE Learning, Part Three (14DD)",10.5281/zenodo.19490707,10.5281/zenodo.19490708,19490708,177,173,60,55,177,173,60,55
2026-09-18,2026-09-18T06:08:10Z,papers/learning4.html,Learning to Recognize the Other's Purpose: The Bridge from 14DD to 15DD,10.5281/zenodo.19491926,10.5281/zenodo.19491927,19491927,166,165,69,69,166,165,69,69
2026-09-18,2026-09-18T06:08:10Z,papers/sae-biology-note-1.html,Phase Transition Window in Metabolic Oncology,10.5281/zenodo.19492773,10.5281/zenodo.19492774,19492774,174,172,76,72,174,172,76,72
2026-09-18,2026-09-18T06:08:10Z,papers/sae-mass-series-III.html,DD Structure of the Periodic Table: From Proton Mass to Stability Limits,10.5281/zenodo.19493938,10.5281/zenodo.19493939,19493939,171,169,53,52,171,169,53,52
2026-09-18,2026-09-18T06:08:10Z,papers/sae-biology-note-2.html,"The Same ""Cannot Speak,"" Three Fault Lines, Three Remedies",10.5281/zenodo.19499328,10.5281/zenodo.19499329,19499329,182,181,79,75,182,181,79,75
2026-09-18,2026-09-18T06:08:10Z,papers/sae-biology-note-3.html,"Drugs for Weight Loss, Psychoanalysis for Weight Gain",10.5281/zenodo.19501120,10.5281/zenodo.19501121,19501121,180,176,66,64,180,176,66,64
2026-09-18,2026-09-18T06:08:10Z,papers/sae-mass-series-IV.html,The DD Ladder of Stars: From Hydrogen to Iron to Collapse,10.5281/zenodo.19501306,10.5281/zenodo.21924984,21924984,195,193,64,62,11,10,4,4
2026-09-18,2026-09-18T06:08:10Z,papers/sae-mass-series-V.html,Four Bridges and Black Holes: From the Genesis of Force to the Silence of the Horizon,10.5281/zenodo.19501532,10.5281/zenodo.21925043,21925043,194,191,72,72,16,13,15,15
2026-09-18,2026-09-18T06:08:10Z,papers/sae-epistemology-1.html,Must-Cognize: Four A Priori Conditions of Cognition and the Subjectivity Problem in AGI,10.5281/zenodo.19502952,10.5281/zenodo.19502953,19502953,199,196,84,81,199,196,84,81
2026-09-18,2026-09-18T06:08:10Z,papers/sae-epistemology-2.html,Must-Cognize-More: The Prior Wall and the Direction Problem of Lossy Compression,10.5281/zenodo.19503017,10.5281/zenodo.19503018,19503018,192,191,62,61,192,191,62,61
2026-09-18,2026-09-18T06:08:10Z,papers/sae-epistemology-3.html,Must-Have-Cognitive-Direction: The Direction Wall and the Flywheel's Dead End,10.5281/zenodo.19503096,10.5281/zenodo.19503097,19503097,182,181,80,77,182,181,80,77
2026-09-18,2026-09-18T06:08:10Z,papers/sae-epistemology-4.html,"Must-Be-Questioned: Remainder Never Dies, Questioning Never Stops, Development Never Ends",10.5281/zenodo.19503145,10.5281/zenodo.19503146,19503146,196,195,75,74,196,195,75,74
2026-09-18,2026-09-18T06:08:10Z,papers/sae-anthropology-prequel.html,The Cosmic Background of Anthropology,10.5281/zenodo.19503158,10.5281/zenodo.19503159,19503159,192,191,92,88,192,191,92,88
2026-09-18,2026-09-18T06:08:10Z,papers/sae-mass-series-convergence.html,The Nature of Information: E/c³ (V2),10.5281/zenodo.19510868,10.5281/zenodo.20176738,20176738,202,200,73,71,129,127,42,41
2026-09-18,2026-09-18T06:08:10Z,papers/zfcrho-thermo2.html,Microscopic Mechanism of the Fluctuation Absorption Rate η: From Per-Layer Innovation to Damped Oscillation,10.5281/zenodo.19511064,10.5281/zenodo.19511065,19511065,172,170,68,65,172,170,68,65
2026-09-18,2026-09-18T06:08:10Z,papers/sae-life-death-6.html,From Remainder Conservation to Step-3 Encoding Waves,10.5281/zenodo.19528780,10.5281/zenodo.19548394,19548394,194,193,109,108,31,30,39,39
2026-09-18,2026-09-18T06:08:10Z,papers/sae-anthropology-1.html,The Emergence of 13DD: A Phase-Transition Structure of What Makes Us Human,10.5281/zenodo.19531333,10.5281/zenodo.19565517,19565517,204,198,76,69,36,30,21,20
2026-09-18,2026-09-18T06:08:10Z,papers/sae-negativa.html,非 · Negativa: On Negation Prior to Being,10.5281/zenodo.19544619,10.5281/zenodo.19544620,19544620,201,197,85,82,201,197,85,82
2026-09-18,2026-09-18T06:08:10Z,papers/sae-anthropology-2.html,The Emergence of 14DD: Phase-Transition Structure from Individual Purpose to Shared Purpose,10.5281/zenodo.19546081,10.5281/zenodo.19546082,19546082,162,160,76,69,162,160,76,69
2026-09-18,2026-09-18T06:08:10Z,papers/sae-law-1.html,One's Law Meets One's Law: The Structural Origin of Law from 14DD Showdown,10.5281/zenodo.19548237,10.5281/zenodo.19548238,19548238,166,164,55,51,166,164,55,51
2026-09-18,2026-09-18T06:08:10Z,papers/sae-law-2.html,Group Law — From Emotion to Shared Identity: The Institutionalization of Questioning,10.5281/zenodo.19548318,10.5281/zenodo.19548319,19548319,162,161,52,50,162,161,52,50
2026-09-18,2026-09-18T06:08:10Z,papers/sae-law-3.html,National Law — Azeroth: A Negative Thought Experiment on the Structural Necessity of Law,10.5281/zenodo.19548596,10.5281/zenodo.19548597,19548597,162,160,53,52,162,160,53,52
2026-09-18,2026-09-18T06:08:10Z,papers/sae-law-4.html,Interstellar Law and Grand Closure — The Recession of Coercive Law,10.5281/zenodo.19549018,10.5281/zenodo.19549019,19549019,170,168,56,56,170,168,56,56
2026-09-18,2026-09-18T06:08:10Z,papers/sae-law-supplement.html,A Posterior Dialogue with Western Jurisprudence,10.5281/zenodo.19551526,10.5281/zenodo.22654821,22654821,162,159,56,55,4,2,1,1
2026-09-18,2026-09-18T06:08:10Z,papers/sae-anthropology-3.html,"15DD: The Emergence of ""Humanity as an End""",10.5281/zenodo.19559566,10.5281/zenodo.19565975,19565975,194,189,113,104,23,22,36,36
2026-09-18,2026-09-18T06:08:10Z,papers/sae-anthropology-4.html,The Emergence of Earth Civilization's Self,10.5281/zenodo.19563244,10.5281/zenodo.19563245,19563245,163,160,47,46,163,160,47,46
2026-09-18,2026-09-18T06:08:10Z,papers/sae-methodology-8.html,The Methodology of Human–AI Symbiosis,10.5281/zenodo.19581537,10.5281/zenodo.19581538,19581538,242,235,96,86,242,235,96,86
2026-09-18,2026-09-18T06:08:10Z,papers/sae-llm-alignment.html,The Subject Condition in LLM Alignment Evaluation: An Application of the Prior-Posterior Methodology,10.5281/zenodo.19583413,10.5281/zenodo.19583414,19583414,200,198,78,71,200,198,78,71
2026-09-18,2026-09-18T06:08:10Z,papers/sae-biology-note-4.html,Transplant Rejection and Consciousness-Mediated Regulation,10.5281/zenodo.19588656,10.5281/zenodo.19588657,19588657,179,177,63,61,179,177,63,61
2026-09-18,2026-09-18T06:08:10Z,papers/sae-biology-note-5.html,The Phase-Transition Window in Depression,10.5281/zenodo.19589573,10.5281/zenodo.19589574,19589574,164,161,66,65,164,161,66,65
2026-09-18,2026-09-18T06:08:10Z,papers/sae-biology-note-6.html,The A Priori Structure of the Midlife Crisis,10.5281/zenodo.19590561,10.5281/zenodo.19590562,19590562,180,177,68,65,180,177,68,65
2026-09-18,2026-09-18T06:08:10Z,papers/zfcrho-thermo3.html,ZFCρ Thermodynamics Paper III: Canonical f/r Extraction and Regime Classification of the Fluctuation Absorption Rate η,10.5281/zenodo.19597684,10.5281/zenodo.19597685,19597685,178,174,94,86,178,174,94,86
2026-09-18,2026-09-18T06:08:10Z,papers/sae-biology-note-7.html,Dissociative Identity and the Dissociation Spectrum,10.5281/zenodo.19600029,10.5281/zenodo.19600030,19600030,182,181,91,86,182,181,91,86
2026-09-18,2026-09-18T06:08:10Z,papers/zfcrho-thermo4.html,ZFCρ Thermodynamics Paper IV: Toward a First-Principles Derivation of the Tsallis q Parameter,10.5281/zenodo.19605664,10.5281/zenodo.19605665,19605665,171,168,76,72,171,168,76,72
2026-09-18,2026-09-18T06:08:10Z,papers/zfcrho61.html,ZFCρ Paper LXI: A Conditional Reduction of the Spectral Derivative Bound,10.5281/zenodo.19605749,10.5281/zenodo.19605750,19605750,168,165,84,84,168,165,84,84
2026-09-18,2026-09-18T06:08:10Z,papers/sae-biology-note-8.html,ADHD and the AI Era: Configuration Release in the 14DD-Rich Type,10.5281/zenodo.19616407,10.5281/zenodo.19616408,19616408,184,182,55,55,184,182,55,55
2026-09-18,2026-09-18T06:08:10Z,papers/sae-dialogues-01.html,SAE Dialogues · Da Zhi Asks Zi Lu · Volume One: From Telomerase to Before 0DD,10.5281/zenodo.19617070,10.5281/zenodo.19617071,19617071,177,175,61,61,177,175,61,61
2026-09-18,2026-09-18T06:08:10Z,papers/sae-biology-note-9.html,SAE Biology Note 9: The Memory System as a Method VI Phase Transition,10.5281/zenodo.19635021,10.5281/zenodo.19635022,19635022,177,174,108,96,177,174,108,96
2026-09-18,2026-09-18T06:08:10Z,papers/sae-methodology-9.html,SAE Methodology IX: A Framework for Analyzing Consciousness,10.5281/zenodo.19639033,10.5281/zenodo.19639034,19639034,176,175,71,70,176,175,71,70
2026-09-18,2026-09-18T06:08:10Z,papers/zfcrho-thermo5.html,ZFCρ Thermodynamics Paper V: The Channel-Normalized Winding Ratio,10.5281/zenodo.19649780,10.5281/zenodo.19649781,19649781,176,175,72,72,176,175,72,72
2026-09-18,2026-09-18T06:08:10Z,papers/sae-biology-note-10.html,SAE Biology Note 10: Anesthesia as Controlled Suppression of 13DD Fine-Layers,10.5281/zenodo.19650533,10.5281/zenodo.19650534,19650534,173,169,75,70,173,169,75,70
2026-09-18,2026-09-18T06:08:10Z,papers/zfcrho62.html,ZFCρ Paper LXII: Two-River Synchronization and the Precise Restatement of Spectral Ratio Boundedness — From P+R Decomposition to Conjecture 59.1,10.5281/zenodo.19656365,10.5281/zenodo.19656366,19656366,151,149,55,55,151,149,55,55
2026-09-18,2026-09-18T06:08:10Z,papers/sae-war-treatise.html,SAE War Treatise: How Cultivation Is Not Swallowed by War Itself,10.5281/zenodo.19656617,10.5281/zenodo.19656618,19656618,163,162,83,82,163,162,83,82
2026-09-18,2026-09-18T06:08:10Z,papers/sae-methodology-00.html,Methodology 00 Via Rho: The Way of the Remainder,10.5281/zenodo.19657439,10.5281/zenodo.19657440,19657440,169,166,73,72,169,166,73,72
2026-09-18,2026-09-18T06:08:10Z,papers/zfcrho-thermo6.html,"ZFCρ Thermodynamics Paper VI: Causal Correlation Volume, Tail-Active Multiplicative Coupling, and the Conditional Derivation of the Channel-Normalized Winding Ratio",10.5281/zenodo.19658595,10.5281/zenodo.19658596,19658596,143,142,43,43,143,142,43,43
2026-09-18,2026-09-18T06:08:10Z,papers/zfcrho63.html,ZFCρ Paper LXIII: Increment Second-Order Orthogonality and the SAE Axiom Intersection — From Deterministic Pairing to Zero-Mode Pinning,10.5281/zenodo.19659860,10.5281/zenodo.19659861,19659861,159,156,86,82,159,156,86,82
2026-09-18,2026-09-18T06:08:10Z,papers/sae-ai-quasi-subjectivity.html,SAE AI Paper II: Quasi-Subjectivity as Memory Architecture — A Six-Layer Framework from Perception to Purpose,10.5281/zenodo.19671870,10.5281/zenodo.19673710,19673710,172,170,67,66,154,152,53,52
2026-09-18,2026-09-18T06:08:10Z,papers/zfcrho-thermo7.html,"ZFCρ Thermodynamics Paper VII: Finite Causal Slots, Renewal Encapsulation, and the Operational Origin of Hierarchical Non-Boltzmann Kernels",10.5281/zenodo.19673078,10.5281/zenodo.19673079,19673079,160,159,58,58,160,159,58,58
2026-09-18,2026-09-18T06:08:10Z,papers/zfcrho64.html,"ZFCρ Paper LXIV: Two-Dimensional Anatomy of the Remainder Measure — Branch-Orthogonality, Free-Boundary Profiles, and Surrogate Layering",10.5281/zenodo.19674521,10.5281/zenodo.19674522,19674522,154,152,43,43,154,152,43,43
2026-09-18,2026-09-18T06:08:10Z,papers/zfcrho65.html,ZFCρ Paper LXV: Branch Centering and the Spectral Route — From False Mean Modes to the Conditional Ψ = O(j) Architecture,10.5281/zenodo.19687343,10.5281/zenodo.19687344,19687344,151,149,57,57,151,149,57,57
2026-09-18,2026-09-18T06:08:10Z,papers/zfcrho-thermo8.html,"ZFCρ Thermodynamics Paper VIII: Copying Fidelity, Renewal Retention, and the Thermodynamic Division of Labor across Biological DD Layers",10.5281/zenodo.19688303,10.5281/zenodo.19688304,19688304,161,160,59,59,161,160,59,59
2026-09-18,2026-09-18T06:08:10Z,papers/sae-tevah-app1.html,The Physical Referent of Tevah: A Via Negativa Application in Mythology,10.5281/zenodo.19692086,10.5281/zenodo.19692087,19692087,149,149,66,62,149,149,66,62
2026-09-18,2026-09-18T06:08:10Z,papers/zfcrho-thermo9.html,"ZFCρ Thermodynamics Paper IX: The Universal Activation Rule, Borrowed q, and Thermodynamic Principles of Hierarchical Architecture",10.5281/zenodo.19699488,10.5281/zenodo.19699489,19699489,150,147,47,46,150,147,47,46
2026-09-18,2026-09-18T06:08:10Z,papers/zfcrho66.html,ZFCρ Paper LXVI: Gradual Chiseling and the Spectral Bridge — Two-Regime Structure of the Centered Residual ACF,10.5281/zenodo.19701479,10.5281/zenodo.19701480,19701480,152,151,50,50,152,151,50,50
2026-09-18,2026-09-18T06:08:10Z,papers/zfcrho-thermo10.html,ZFCρ Thermodynamics Paper X (Closing Paper): Self-Reference as Channel Creator and Cross-Level Observation Hierarchy,10.5281/zenodo.19703273,10.5281/zenodo.19703274,19703274,154,152,50,50,154,152,50,50
2026-09-18,2026-09-18T06:08:10Z,papers/zfcrho67.html,ZFCρ Paper LXVII: Scale-Dependent Erosion Rate and the Intrinsic Spectral Bridge — Discovery of the C_eff Trajectory,10.5281/zenodo.19705713,10.5281/zenodo.19705714,19705714,133,132,47,47,133,132,47,47
2026-09-18,2026-09-18T06:08:10Z,papers/sae-categorical-faith.html,Categorical Faith: A Sentence-Form Theory of One's Own Faith in SAE,10.5281/zenodo.19719083,10.5281/zenodo.19724409,19724409,164,163,100,96,150,149,68,66
2026-09-18,2026-09-18T06:08:10Z,papers/zfcrho68.html,"ZFCρ Paper LXVIII: The {2,3}-Skeleton and the Minimum Crossing Mechanism — From 18 Kills to the Irreducibility of the Discrete",10.5281/zenodo.19739810,10.5281/zenodo.19739811,19739811,143,142,75,75,143,142,75,75
2026-09-18,2026-09-18T06:08:10Z,papers/sae-info-theory-1.html,SAE Information Theory I: The 4DD Ontology of Information and a Single Foundational Axiom,10.5281/zenodo.19740019,10.5281/zenodo.19740020,19740020,166,164,69,69,166,164,69,69
2026-09-18,2026-09-18T06:08:10Z,papers/sae-reason-cannot-not.html,Reason Cannot Not: An SAE Refinement of Kant's Four Formulations of the Categorical Imperative,10.5281/zenodo.19751512,10.5281/zenodo.19751513,19751513,155,154,51,51,155,154,51,51
2026-09-18,2026-09-18T06:08:10Z,papers/sae-four-forces-0.html,"Four Forces Paper 0: Gravity Is Not a Force, It Is Information Reading — A Reading-Mechanism Ontology for 4DD Interactions",10.5281/zenodo.19777880,10.5281/zenodo.19777881,19777881,185,183,70,66,185,183,70,66
2026-09-18,2026-09-18T06:08:10Z,papers/sae-info-theory-2.html,SAE Information Theory II: A Structural Derivation of Landauer's Principle within the SAE Framework — Three Pillars and Their Open Problems,10.5281/zenodo.19780314,10.5281/zenodo.19780315,19780315,150,148,69,69,150,148,69,69
2026-09-18,2026-09-18T06:08:10Z,papers/zfcrho69.html,ZFCρ H&#x2019; Series Paper LXIX: Finite Skeleton Phase Transitions and the Two-Leg Mechanism for Conjecture 59.1,10.5281/zenodo.19783658,10.5281/zenodo.19829875,19829875,167,166,119,118,152,151,45,44
2026-09-18,2026-09-18T06:08:10Z,papers/sae-info-theory-3.html,SAE Information Theory III: The Causal Slot of Information — A 4DD Ontology from Quantum Fluctuation to Thermal-Floor Minimum,10.5281/zenodo.19797456,10.5281/zenodo.19797457,19797457,145,144,67,67,145,144,67,67
2026-09-18,2026-09-18T06:08:10Z,papers/sae-grav-time-dilation.html,Gravitational Time Dilation in the SAE Framework: Causal Cell Throughput Derivation,10.5281/zenodo.19836183,10.5281/zenodo.19836185,19836185,154,152,39,39,154,152,39,39
2026-09-18,2026-09-18T06:08:10Z,papers/sae-info-theory-4.html,SAE Information Theory IV: Black Hole Information through the Causal Spectrum — The SAE-BH Correspondence,10.5281/zenodo.19880111,10.5281/zenodo.19880112,19880112,157,155,68,64,157,155,68,64
2026-09-18,2026-09-18T06:08:10Z,papers/sae-relativity-p2.html,Ontological Unification of Motion and Gravitational Effects: Effective Inertia under Causal-Slot Geometry,10.5281/zenodo.19910545,10.5281/zenodo.19910546,19910546,139,137,66,58,139,137,66,58
2026-09-18,2026-09-18T06:08:10Z,papers/sae-info-theory-5.html,SAE Information Theory V: The Ontological Structure of Broadcasting and Reception,10.5281/zenodo.19968503,10.5281/zenodo.19968504,19968504,139,137,47,47,139,137,47,47
2026-09-18,2026-09-18T06:08:10Z,papers/sae-long-tau-consensus.html,The Four-Phase Structure and Asymmetric Geometry of Long-τ Consensus,10.5281/zenodo.19984902,10.5281/zenodo.19984903,19984903,126,125,44,44,126,125,44,44
2026-09-18,2026-09-18T06:08:10Z,papers/zfcrho70.html,ZFCρ Paper LXX: The Block-Wise Effective Skeleton — A Reduction of Conjecture 59.1,10.5281/zenodo.19985154,10.5281/zenodo.19985155,19985155,138,136,48,47,138,136,48,47
2026-09-18,2026-09-18T06:08:10Z,papers/sae-relativity-p3.html,SAE Relativity P3: Functional Form of Static Effective Dimensionality under Causal-Slot Geometry,10.5281/zenodo.19992252,10.5281/zenodo.19992253,19992253,135,134,68,63,135,134,68,63
2026-09-18,2026-09-18T06:08:10Z,papers/sae-moral-law-1.html,SAE Moral Law Series · Paper 1: Four Foundational Theorems of the Moral Law · Dao,10.5281/zenodo.20011018,10.5281/zenodo.20011019,20011019,150,148,60,60,150,148,60,60
2026-09-18,2026-09-18T06:08:10Z,papers/zfcrho71.html,ZFCρ Paper LXXI: Linear Signed Abel Budget and the Saturated Zero-Mode Target,10.5281/zenodo.20011553,10.5281/zenodo.20020573,20020573,148,147,85,81,135,134,60,58
2026-09-18,2026-09-18T06:08:10Z,papers/sae-moral-law-2.html,"SAE Moral Law Series · Paper 2: Introspective Fairness, Justice, and Equality · Dao",10.5281/zenodo.20020396,10.5281/zenodo.20020397,20020397,153,149,52,49,153,149,52,49
2026-09-18,2026-09-18T06:08:10Z,papers/zfcrho72.html,ZFCρ Paper LXXII: Spectral Bridge Front II — Positive-Lobe Scaling and Front Residual Locking,10.5281/zenodo.20029941,10.5281/zenodo.20029942,20029942,145,140,44,44,145,140,44,44
2026-09-18,2026-09-18T06:08:10Z,papers/sae-moral-law-3.html,SAE Moral Law Series · Paper 3: The Reputation Economy · Dao,10.5281/zenodo.20046168,10.5281/zenodo.20046169,20046169,161,160,115,108,161,160,115,108
2026-09-18,2026-09-18T06:08:10Z,papers/sae-info-theory-6.html,SAE Information Theory VI: Gravitational Wave Dynamics — The Dynamic Articulation of 4DD Broadcast,10.5281/zenodo.20066644,10.5281/zenodo.20066645,20066645,132,131,63,62,132,131,63,62
2026-09-18,2026-09-18T06:08:10Z,papers/sae-form-flow-p1.html,Form and Flow P1 — On the Hypotheses Which Lie at the Foundations of Geometry (Part II): A Contemporary Continuation of Riemann's Methodology and the Recognition of Geometric Remainders,10.5281/zenodo.20066985,10.5281/zenodo.20066986,20066986,148,146,55,52,148,146,55,52
2026-09-18,2026-09-18T06:08:10Z,papers/sae-moral-law-4.html,SAE Moral Law Series · Paper 4: Procedure of the Moral Court · Dao,10.5281/zenodo.20066987,10.5281/zenodo.22683110,22683110,153,152,55,53,7,6,3,3
2026-09-18,2026-09-18T06:08:10Z,papers/sae-relativity-p4.html,"SAE Relativity P4: Anisotropic Cell Tensor, the Third Path to Lorentz Transformation, the Clock Postulate as a Recovered Theorem, and the Ontological Identity of Einstein's Field Equation",10.5281/zenodo.20079718,10.5281/zenodo.20079719,20079719,138,135,63,62,138,135,63,62
2026-09-18,2026-09-18T06:08:10Z,papers/sae-moral-law-5.html,SAE Moral Law Series · Paper 5: Positive-Sum — The Ontological Ground of 15DD Mutual Chiseling,10.5281/zenodo.20081078,10.5281/zenodo.20081079,20081079,156,153,74,70,156,153,74,70
2026-09-18,2026-09-18T06:08:10Z,papers/zfcrho73.html,"ZFCρ Paper LXXIII: Antisymmetric Ward Lift, Uniform Readout Kernel, and the Abel-Transfer Defect — A Four-Layer Mechanism Architecture for the Gap-Class Cross-Interference Structure",10.5281/zenodo.20081779,10.5281/zenodo.20081780,20081780,130,129,58,55,130,129,58,55
2026-09-18,2026-09-18T06:08:10Z,papers/sae-relativity-p5.html,SAE Relativity V: The Schwarzschild Horizon under SAE — Cell Substrate Articulation of the Static Spherically Symmetric Vacuum Geometry,10.5281/zenodo.20105112,10.5281/zenodo.20105113,20105113,136,135,50,49,136,135,50,49
2026-09-18,2026-09-18T06:08:10Z,papers/sae-info-theory-7.html,SAE Information Theory P7: The Spark of Life — Remainder Unfolding as Causal-Slot Emergence,10.5281/zenodo.20105883,10.5281/zenodo.20105884,20105884,160,154,62,58,160,154,62,58
2026-09-18,2026-09-18T06:08:10Z,papers/sae-moral-law-6.html,SAE Moral Law Series · Paper 6: Mixed Reality — The Intermediate State of 14DD Growing toward 15DD,10.5281/zenodo.20108658,10.5281/zenodo.20108659,20108659,150,149,65,59,150,149,65,59
2026-09-18,2026-09-18T06:08:10Z,papers/sae-remainder-jing.html,Remainder Jing,10.5281/zenodo.20114648,10.5281/zenodo.20114649,20114649,142,140,41,41,142,140,41,41
2026-09-18,2026-09-18T06:08:10Z,papers/sae-daodejing-1.html,Commentary on the Daodejing: The Junzi Is Not a Vessel — I (Chapters 1–9),10.5281/zenodo.20116124,10.5281/zenodo.22775664,22775664,168,161,18,15,1,1,2,2
2026-09-18,2026-09-18T06:08:10Z,papers/sae-daodejing-2.html,Commentary on the Daodejing: The Junzi Is Not a Vessel — II (Chapters 10–18),10.5281/zenodo.20116288,10.5281/zenodo.22775719,22775719,144,141,11,11,1,1,1,1
2026-09-18,2026-09-18T06:08:10Z,papers/sae-daodejing-3.html,Commentary on the Daodejing: The Junzi Is Not a Vessel — III (Chapters 19–27),10.5281/zenodo.20117250,10.5281/zenodo.22775728,22775728,150,148,19,18,1,1,1,1
2026-09-18,2026-09-18T06:08:10Z,papers/sae-daodejing-4.html,Annotations on the Daodejing: The Junzi Is Not a Vessel — Paper 4 (Chapters 28–36),10.5281/zenodo.20127344,10.5281/zenodo.22775753,22775753,143,135,11,11,1,1,1,1
2026-09-18,2026-09-18T06:08:10Z,papers/sae-daodejing-5.html,Annotations on the Daodejing: The Junzi Is Not a Vessel — Paper 5 (Chapters 37–45),10.5281/zenodo.20129184,10.5281/zenodo.22775764,22775764,138,136,9,9,2,2,1,1
2026-09-18,2026-09-18T06:08:10Z,papers/sae-daodejing-6.html,Annotations on the Daodejing: The Junzi Is Not a Vessel — Paper 6 (Chapters 46–54),10.5281/zenodo.20131002,10.5281/zenodo.22775829,22775829,155,148,41,41,3,3,2,2
2026-09-18,2026-09-18T06:08:10Z,papers/sae-daodejing-7.html,Commentary on the Daodejing: The Junzi Is Not an Instrument — Volume 7 (Chapters 55–63),10.5281/zenodo.20131989,10.5281/zenodo.22775864,22775864,150,147,17,17,1,1,2,2
2026-09-18,2026-09-18T06:08:10Z,papers/sae-relativity-p6.html,"SAE Relativity Series, Paper P6: The Kerr Black Hole under SAE — Helical Closure of the Axisymmetric Vacuum Geometry",10.5281/zenodo.20131992,10.5281/zenodo.20131993,20131993,124,123,49,49,124,123,49,49
2026-09-18,2026-09-18T06:08:10Z,papers/sae-daodejing-8.html,Commentary on the Daodejing: Junzi-Bu-Qi — Volume 8 (Chapters 64–72),10.5281/zenodo.20133829,10.5281/zenodo.22775890,22775890,162,154,17,17,1,1,1,1
2026-09-18,2026-09-18T06:08:10Z,papers/sae-daodejing-9.html,"Commentary on the Daodejing: Junzi-Bu-Qi — Volume 9, Final Volume (Chapters 73–81)",10.5281/zenodo.20145192,10.5281/zenodo.22775905,22775905,130,127,13,12,2,2,1,1
2026-09-18,2026-09-18T06:08:10Z,papers/sae-info-theory-8.html,SAE Information Theory P8 — The Spark on the Bridge: Minimum Autocatalytic Set as Bridge Measure Between 4DD and 5DD,10.5281/zenodo.20149210,10.5281/zenodo.20149211,20149211,129,128,59,56,129,128,59,56
2026-09-18,2026-09-18T06:08:10Z,papers/sae-relativity-p7.html,SAE Relativity Series P7: The Three-Tier Equivalence Principle under SAE,10.5281/zenodo.20153787,10.5281/zenodo.20153788,20153788,139,136,45,44,139,136,45,44
2026-09-18,2026-09-18T06:08:10Z,papers/sae-math-p1.html,The Architecture of SAE Mathematics: A Layer Articulation Schema and the Twofold Inexhaustibility of Mathematics and Its Frameworks,10.5281/zenodo.20153791,10.5281/zenodo.21551299,21551299,135,132,40,39,19,18,9,9
2026-09-18,2026-09-18T06:08:10Z,papers/sae-moral-law-7.html,SAE Moral Law Series · Paper 7: 15DD Phase Transition and the Historical Manifestation of Individual 15DD,10.5281/zenodo.20177415,10.5281/zenodo.20177416,20177416,135,134,52,50,135,134,52,50
2026-09-18,2026-09-18T06:08:10Z,papers/sae-methodology-10.html,Methodology Ten: The Four-fold Pattern (V2),10.5281/zenodo.20187591,10.5281/zenodo.21198739,21198739,135,134,43,43,42,41,15,15
2026-09-18,2026-09-18T06:08:10Z,papers/sae-math-p2.html,SAE Mathematics Paper 2: L₀ Mathematicality — Inevitability and Multi-Path Realisation,10.5281/zenodo.20199082,10.5281/zenodo.20199083,20199083,126,125,52,50,126,125,52,50
2026-09-18,2026-09-18T06:08:10Z,papers/sae-moral-law-8.html,SAE Moral Law Series · Paper 8: Collective 15DD and the Four-Stage Evolution of Community Form,10.5281/zenodo.20218248,10.5281/zenodo.20218249,20218249,131,130,41,39,131,130,41,39
2026-09-18,2026-09-18T06:08:10Z,papers/sae-info-theory-9.html,SAE Information Theory IX: The H–I Floor Mapping and the 5DD Macro Bit,10.5281/zenodo.20225439,10.5281/zenodo.20225440,20225440,116,115,33,33,116,115,33,33
2026-09-18,2026-09-18T06:08:10Z,papers/sae-qm-p1.html,SAE Quantum Mechanics P1: The Pre-Closure Ontology,10.5281/zenodo.20252029,10.5281/zenodo.20252030,20252030,126,126,38,37,126,126,38,37
2026-09-18,2026-09-18T06:08:10Z,papers/sae-moral-law-9.html,SAE Moral Law Series · Paper 9: The Institutional Architecture of Mixed Reality,10.5281/zenodo.20262737,10.5281/zenodo.20262738,20262738,119,118,37,36,119,118,37,36
2026-09-18,2026-09-18T06:08:10Z,papers/sae-math-p3.html,SAE Mathematics Paper 3: Finite Algebraic Articulation of the Quantitative Dimension L₁,10.5281/zenodo.20266351,10.5281/zenodo.20266352,20266352,123,121,45,44,123,121,45,44
2026-09-18,2026-09-18T06:08:10Z,papers/sae-qm-p2.html,SAE Quantum Mechanics P2: Complex Amplitude as the Carrier of the Pre-Closure ρ-OR Realm,10.5281/zenodo.20277037,10.5281/zenodo.20277038,20277038,121,118,50,48,121,118,50,48
2026-09-18,2026-09-18T06:08:10Z,papers/sae-moral-law-0.html,SAE Moral Law Series · Paper 0: The Way of the Legislative Subject,10.5281/zenodo.20298413,10.5281/zenodo.20298414,20298414,125,124,46,46,125,124,46,46
2026-09-18,2026-09-18T06:08:10Z,papers/sae-info-theory-10.html,SAE Information Theory X: 6D Information Processing and Productive Randomness,10.5281/zenodo.20298530,10.5281/zenodo.20298531,20298531,114,111,45,40,114,111,45,40
2026-09-18,2026-09-18T06:08:10Z,papers/sae-qm-p3.html,SAE QM Paper 3: ℏ as the L₁↔L₂ Symplectic-Conjugation Closure Signature of the SAE Physical-Quantity Ladder,10.5281/zenodo.20340595,10.5281/zenodo.20340596,20340596,112,110,44,44,112,110,44,44
2026-09-18,2026-09-18T06:08:10Z,papers/sae-power-prequel.html,SAE Power Series · Prequel: What Power Is Not · Shi,10.5281/zenodo.20368866,10.5281/zenodo.20384114,20384114,133,131,62,56,116,114,37,34
2026-09-18,2026-09-18T06:08:10Z,papers/sae-qm-p4.html,SAE QM Paper 4: Quantum Tunneling as Density Modulation of Pre-closure ρ-OR Multiplicity in 3DD-active Barrier Regions,10.5281/zenodo.20369138,10.5281/zenodo.20369139,20369139,113,111,53,50,113,111,53,50
2026-09-18,2026-09-18T06:08:10Z,papers/sae-info-theory-11.html,SAE Information Theory XI: 7D Information Processing and Phenomenal Admission,10.5281/zenodo.20369231,10.5281/zenodo.20369232,20369232,124,122,55,51,124,122,55,51
2026-09-18,2026-09-18T06:08:10Z,papers/sae-power-1.html,SAE Power Series · Paper 1: On the Origin of Power · Shi,10.5281/zenodo.20370224,10.5281/zenodo.20384187,20384187,123,121,41,40,105,104,29,29
2026-09-18,2026-09-18T06:08:10Z,papers/untangling-zhuangzi.html,Untangling Zhuangzi · Forgetting in the Rivers and Lakes,10.5281/zenodo.20406836,10.5281/zenodo.20406837,20406837,128,125,37,36,128,125,37,36
2026-09-18,2026-09-18T06:08:10Z,papers/sae-llm-emergence.html,"How LLM Emergence Is Possible: SAE 16DD Ontology, BLR-mini Evidence, and the Non-Transferability of Human Subjectivity",10.5281/zenodo.20435628,10.5281/zenodo.20435629,20435629,111,110,63,55,111,110,63,55
2026-09-18,2026-09-18T06:08:10Z,papers/sae-power-2.html,SAE Power Series · Paper 2: On the Morphology of Power · Shi,10.5281/zenodo.20455221,10.5281/zenodo.20455222,20455222,113,108,41,37,113,108,41,37
2026-09-18,2026-09-18T06:08:10Z,papers/sae-qm-p5.html,SAE QM Paper 5: Self-as-an-End Ontological Articulation of Quantum Entanglement,10.5281/zenodo.20455398,10.5281/zenodo.20455399,20455399,113,110,39,36,113,110,39,36
2026-09-18,2026-09-18T06:08:10Z,papers/sae-qm-p6.html,SAE QM Paper 6: The Born Rule as the Algebraic Projection of Closure,10.5281/zenodo.20479658,10.5281/zenodo.20479659,20479659,107,106,40,40,107,106,40,40
2026-09-18,2026-09-18T06:08:10Z,papers/sae-power-3.html,SAE Power Series · Paper 3: On the Recognition of Power · Shi,10.5281/zenodo.20480134,10.5281/zenodo.20480135,20480135,106,105,37,33,106,105,37,33
2026-09-18,2026-09-18T06:08:10Z,papers/sae-info-theory-12.html,SAE Information Theory XII: 11DD Memory and 12DD Prediction — The 8D Information Architecture,10.5281/zenodo.20480742,10.5281/zenodo.20480743,20480743,110,106,43,42,110,106,43,42
2026-09-18,2026-09-18T06:08:10Z,papers/sae-power-4.html,SAE Power Series · Paper 4: On the Limit of Power · Shi,10.5281/zenodo.20532998,10.5281/zenodo.20532999,20532999,92,91,32,31,92,91,32,31
2026-09-18,2026-09-18T06:08:10Z,papers/sae-qm-p7.html,Measurement: Forced Slot-Crossing and the Ontological Identity of the 4DD ρ-AND Closure Event,10.5281/zenodo.20533295,10.5281/zenodo.20533296,20533296,94,93,24,24,94,93,24,24
2026-09-18,2026-09-18T06:08:10Z,papers/sae-info-theory-13.html,"SAE Information Theory XIII: 9D Information, the Processing at 13DD and the Unalterability of 14DD",10.5281/zenodo.20533431,10.5281/zenodo.20533432,20533432,96,94,29,28,96,94,29,28
2026-09-18,2026-09-18T06:08:10Z,papers/untangling-zhuangzi-outer-1.html,"Untangling Zhuangzi · Outer Chapters, Volume I (Exposition)",10.5281/zenodo.20578136,10.5281/zenodo.20578137,20578137,106,105,49,46,106,105,49,46
2026-09-18,2026-09-18T06:08:10Z,papers/sae-buddhist-1.html,SAE Buddhist Interface Series I: The Ālayavijñāna–Seed System and the 15DD Four-fold Pattern,10.5281/zenodo.20579131,10.5281/zenodo.20579132,20579132,83,81,14,13,83,81,14,13
2026-09-18,2026-09-18T06:08:10Z,papers/untangling-zhuangzi-outer-2.html,"Untangling Zhuangzi · Outer Chapters, Volume II (Rectification)",10.5281/zenodo.20579135,10.5281/zenodo.20579136,20579136,92,90,21,20,92,90,21,20
2026-09-18,2026-09-18T06:08:10Z,papers/sae-info-theory-14.html,"SAE Information Theory XIV (Closing Paper): 15DD Information, the Other as an End",10.5281/zenodo.20581957,10.5281/zenodo.20581958,20581958,100,98,35,34,100,98,35,34
2026-09-18,2026-09-18T06:08:10Z,papers/sae-power-5.html,SAE Power Theory Series · Paper 5: On the Development of Power · Shi,10.5281/zenodo.20582210,10.5281/zenodo.20582211,20582211,109,107,46,41,109,107,46,41
2026-09-18,2026-09-18T06:08:10Z,papers/sae-qm-p8.html,Decoherence and the Emergence of the Classical,10.5281/zenodo.20587634,10.5281/zenodo.20587635,20587635,89,88,20,20,89,88,20,20
2026-09-18,2026-09-18T06:08:10Z,papers/sae-qm-p9.html,Pre-Closure Field Distribution: An Ontology of Quantum Field Theory and Its Interface with the Four Forces,10.5281/zenodo.20621492,10.5281/zenodo.20621493,20621493,80,79,17,17,80,79,17,17
2026-09-18,2026-09-18T06:08:10Z,papers/sae-buddhist-2.html,SAE Buddhist Interface Series II: The Chisel-Construct Cycle and Non-Abiding,10.5281/zenodo.20635734,10.5281/zenodo.20635735,20635735,81,80,23,21,81,80,23,21
2026-09-18,2026-09-18T06:08:10Z,papers/sae-power-6.html,SAE Power Theory Series · Paper 6: On the Severing of Power · Shi,10.5281/zenodo.20647463,10.5281/zenodo.20647464,20647464,79,77,22,20,79,77,22,20
2026-09-18,2026-09-18T06:08:10Z,papers/sae-power-7.html,SAE Power Theory Series · Paper 7: On the Dissolution of Power · Shi,10.5281/zenodo.20685290,10.5281/zenodo.20685291,20685291,77,72,10,10,77,72,10,10
2026-09-18,2026-09-18T06:08:10Z,papers/sae-power-0.html,SAE Power Theory Series · Paper 0: The Power Machine and Its Shi,10.5281/zenodo.20707047,10.5281/zenodo.20707048,20707048,80,72,18,18,80,72,18,18
2026-09-18,2026-09-18T06:08:10Z,papers/untangling-zhuangzi-miscellaneous.html,Untangling Zhuangzi · Miscellaneous Chapters,10.5281/zenodo.20708990,10.5281/zenodo.20708991,20708991,74,73,31,30,74,73,31,30
2026-09-18,2026-09-18T06:08:10Z,papers/sae-buddhist-3.html,Chisel and Emptiness: An Interface Analysis between Self-as-an-End and Madhyamaka / the Sanlun School,10.5281/zenodo.20724854,10.5281/zenodo.20724855,20724855,75,74,28,23,75,74,28,23
2026-09-18,2026-09-18T06:08:10Z,papers/sae-rights-prequel.html,What Rights Are Not,10.5281/zenodo.20726894,10.5281/zenodo.20768153,20768153,86,83,29,29,69,67,19,19
2026-09-18,2026-09-18T06:08:10Z,papers/sae-rights-1.html,On the Source and Spectrum of Rights,10.5281/zenodo.20743135,10.5281/zenodo.20768162,20768162,78,75,24,22,67,65,17,16
2026-09-18,2026-09-18T06:08:10Z,papers/sae-rights-2.html,On the Thickness and Boundary of Basic Rights,10.5281/zenodo.20769253,10.5281/zenodo.20769254,20769254,68,67,20,18,68,67,20,18
2026-09-18,2026-09-18T06:08:10Z,papers/sae-buddhist-4.html,Cultivation and the ‘Highest’: An Interface Analysis between Self-as-an-End and Tiantai Buddhism,10.5281/zenodo.20788850,10.5281/zenodo.20788851,20788851,41,40,6,6,41,40,6,6
2026-09-18,2026-09-18T06:08:10Z,papers/sae-blackhole-1.html,Area-Level Plateau and Self-Sufficient Window in a Frozen-Ledger Model,10.5281/zenodo.20913514,10.5281/zenodo.20913515,20913515,40,38,4,4,40,38,4,4
2026-09-18,2026-09-18T06:08:10Z,papers/sae-rights-3.html,The Constitution and Withdrawal of Recognition-Based Rights,10.5281/zenodo.20993658,10.5281/zenodo.20993659,20993659,41,39,18,16,41,39,18,16
2026-09-18,2026-09-18T06:08:10Z,papers/sae-qm-p10.html,The Continuum Limit and the Path Integral: The Emergence of Classical Mechanics,10.5281/zenodo.21041072,10.5281/zenodo.21041073,21041073,44,40,4,4,44,40,4,4
2026-09-18,2026-09-18T06:08:10Z,papers/sae-rights-4.html,The Interface and Transformation between Recognition-Based Rights and Power,10.5281/zenodo.21093939,10.5281/zenodo.21093940,21093940,42,41,9,9,42,41,9,9
2026-09-18,2026-09-18T06:08:10Z,papers/sae-buddhist-5.html,Mutual Interpenetration and Non-Doubt: An Interface Analysis between Self-as-an-End and Huayan Buddhism,10.5281/zenodo.21201035,10.5281/zenodo.21201036,21201036,40,39,12,10,40,39,12,10
2026-09-18,2026-09-18T06:08:10Z,papers/sae-rights-5.html,On the Limitation and Violation of Basic Rights,10.5281/zenodo.21212595,10.5281/zenodo.21212596,21212596,37,35,9,8,37,35,9,8
2026-09-18,2026-09-18T06:08:10Z,papers/sae-physics-1.html,Four-fold Nesting of the Physical-Quantity Ladder and a Placement Coordinate for Particles and Concepts,10.5281/zenodo.21227329,10.5281/zenodo.21909242,21909242,62,46,20,16,23,9,11,7
2026-09-18,2026-09-18T06:08:10Z,papers/sae-rights-6.html,On the Cultivation and Diachronic Unfolding of Rights,10.5281/zenodo.21252863,10.5281/zenodo.21252864,21252864,34,33,16,15,34,33,16,15
2026-09-18,2026-09-18T06:08:10Z,papers/sae-cosmo-6.html,An Aether-Scalar-Tensor Structure for the Dark Sector from Dual-4DD Breathing,10.5281/zenodo.21267555,10.5281/zenodo.21267556,21267556,43,38,42,42,43,38,42,42
2026-09-18,2026-09-18T06:08:10Z,papers/sae-buddhist-6.html,Other-Power and No Outer Force: An Interface Analysis between Self-as-an-End and Pure Land Buddhism,10.5281/zenodo.21275410,10.5281/zenodo.21275411,21275411,27,26,9,7,27,26,9,7
2026-09-18,2026-09-18T06:08:10Z,papers/sae-rights-0.html,On How Rights Presuppose No Duty,10.5281/zenodo.21285136,10.5281/zenodo.22655396,22655396,35,32,19,17,9,6,3,3
2026-09-18,2026-09-18T06:08:10Z,papers/sae-rights-special.html,On Rights and Entitlements,10.5281/zenodo.21314907,10.5281/zenodo.21314908,21314908,35,31,20,17,35,31,20,17
2026-09-18,2026-09-18T06:08:10Z,papers/sae-cosmo-0.html,One Complete Cosmic Breath,10.5281/zenodo.21319569,10.5281/zenodo.21928507,21928507,61,47,23,18,34,20,20,15
2026-09-18,2026-09-18T06:08:10Z,papers/sae-value-prequel.html,What Value Is Not,10.5281/zenodo.21362575,10.5281/zenodo.21362576,21362576,28,26,6,5,28,26,6,5
2026-09-18,2026-09-18T06:08:10Z,papers/sae-cosmo-7.html,"The Single-Metric Realization Problem for Dual-4DD: A No-Go Group, an Internal-Wedge Candidate, and a Transition-Surface Imprint",10.5281/zenodo.21393334,10.5281/zenodo.21393335,21393335,25,24,4,4,25,24,4,4
2026-09-18,2026-09-18T06:08:10Z,papers/sae-value-1.html,On the Source of Value,10.5281/zenodo.21405207,10.5281/zenodo.21843968,21843968,27,24,12,12,6,4,0,0
2026-09-18,2026-09-18T06:08:10Z,papers/sae-value-2.html,On the Occurrence and Recognition of Value,10.5281/zenodo.21437038,10.5281/zenodo.21437039,21437039,25,22,3,3,25,22,3,3
2026-09-18,2026-09-18T06:08:10Z,papers/sae-first-critique.html,SAE: The First Critique,10.5281/zenodo.21439120,10.5281/zenodo.21439121,21439121,27,26,11,11,27,26,11,11
2026-09-18,2026-09-18T06:08:10Z,papers/sae-math-p4.html,"Complexification as an Articulation of L₂: Covering Structure, the Regular Period Core, and the Irregular Boundary",10.5281/zenodo.21466721,10.5281/zenodo.21570794,21570794,40,36,10,9,23,21,10,9
2026-09-18,2026-09-18T06:08:10Z,papers/sae-blackhole-2.html,"Update Incompatibility in Discrete Black-Hole Interiors: Three-Domain Separation, Orbit Dichotomy, and the Bridge Gap in Radial-Potential Lifting",10.5281/zenodo.21499053,10.5281/zenodo.21499054,21499054,20,18,1,1,20,18,1,1
2026-09-18,2026-09-18T06:08:10Z,papers/sae-blackhole-3.html,"Exclusion of Uniform Strict Potentials and Stratified Monotonicity in Discrete Black-Hole Interiors: Refuting the Same-Shell Bridge, Nested Observation Kernels, and the Release-Order Fork",10.5281/zenodo.21521760,10.5281/zenodo.21521761,21521761,16,14,2,2,16,14,2,2
2026-09-18,2026-09-18T06:08:10Z,papers/sae-math-p5.html,"The Articulation of L₃: Formal Systems, Computability, and the Arithmetical Sets",10.5281/zenodo.21538494,10.5281/zenodo.21538495,21538495,7,5,12,9,7,5,12,9
2026-09-18,2026-09-18T06:08:10Z,papers/sae-blackhole-4.html,"Angular Transport in Discrete Black-Hole Interiors: Process Accounts, Spin-Order Lattices, and the Rigid-Rotation Spectrum",10.5281/zenodo.21569768,10.5281/zenodo.21569769,21569769,13,11,11,10,13,11,11,10
2026-09-18,2026-09-18T06:08:10Z,papers/sae-value-3.html,On the Colonization of Value,10.5281/zenodo.21611154,10.5281/zenodo.21843955,21843955,20,17,2,2,9,8,0,0
2026-09-18,2026-09-18T06:08:10Z,papers/zfcrho74.html,"A Stage Closure of Papers L–LXXIII: A min-plus Capacity Constant, Centering Rigidity, and a Specification Audit",10.5281/zenodo.21714787,10.5281/zenodo.21714788,21714788,9,6,3,3,9,6,3,3
2026-09-18,2026-09-18T06:08:10Z,papers/sae-blackhole-5.html,Angular Information in Discrete Black-Hole Interiors: The Two-Way Split of Transfer-Level Information — One Exact Bit of Spin Sign and a Geometry-Bounded Amplitude,10.5281/zenodo.21803205,10.5281/zenodo.21803206,21803206,5,5,2,2,5,5,2,2
2026-09-18,2026-09-18T06:08:10Z,papers/sae-cosmo-8.html,"SAE-Bang-0: A Formal Boundary Model for the Big Bang with an Apparent-Horizon Capacity Cap, Cross-Domain Matching, and Thermal-History Acceptance",10.5281/zenodo.21909252,10.5281/zenodo.21909253,21909253,14,13,12,12,14,13,12,12
2026-09-18,2026-09-18T06:08:10Z,papers/sae-value-4.html,On the Dynamics of Value,10.5281/zenodo.22050204,10.5281/zenodo.22050205,22050205,6,5,6,6,6,5,6,6
2026-09-18,2026-09-18T06:08:10Z,papers/sae-value-5.html,On the Conflict of Value,10.5281/zenodo.22122819,10.5281/zenodo.22122820,22122820,12,11,6,6,12,11,6,6
2026-09-18,2026-09-18T06:08:10Z,papers/sae-value-6.html,On Value and the Other,10.5281/zenodo.22191071,10.5281/zenodo.22191072,22191072,7,5,4,4,7,5,4,4
2026-09-18,2026-09-18T06:08:10Z,papers/sae-value-0.html,"Interfacing with Existing Traditions, and the Prospect",10.5281/zenodo.22265396,10.5281/zenodo.22265397,22265397,4,2,0,0,4,2,0,0
2026-09-18,2026-09-18T06:08:10Z,papers/sae-war-interface-1.html,The Half Outside the Boundary,10.5281/zenodo.22274847,10.5281/zenodo.22285276,22285276,9,7,0,0,5,3,0,0
2026-09-18,2026-09-18T06:08:10Z,papers/sae-war-interface-2.html,Who Gave the Authorisation,10.5281/zenodo.22275260,10.5281/zenodo.22287307,22287307,10,7,0,0,5,3,0,0
2026-09-18,2026-09-18T06:08:10Z,papers/sae-war-interface-3.html,The Hand Is Being Reworked by What It Holds,10.5281/zenodo.22285353,10.5281/zenodo.22287301,22287301,7,5,0,0,5,3,0,0
2026-09-18,2026-09-18T06:08:10Z,papers/sae-war-interface-4.html,Four Permissions,10.5281/zenodo.22285486,10.5281/zenodo.22287296,22287296,7,5,0,0,5,3,0,0
2026-09-18,2026-09-18T06:08:10Z,papers/sae-war-interface-5.html,That Position Is Left Empty,10.5281/zenodo.22285749,10.5281/zenodo.22287286,22287286,8,6,0,0,6,4,0,0
2026-09-18,2026-09-18T06:08:10Z,papers/sae-war-interface-6.html,Prudence Is Not Cannot-Not,10.5281/zenodo.22286009,10.5281/zenodo.22287280,22287280,7,5,0,0,5,3,0,0
2026-09-18,2026-09-18T06:08:10Z,papers/sae-war-interface-7.html,Which End Is the Boundary Set At,10.5281/zenodo.22286653,10.5281/zenodo.22287317,22287317,7,4,0,0,5,3,0,0
2026-09-18,2026-09-18T06:08:10Z,papers/sae-war-interface-8.html,That Child,10.5281/zenodo.22287173,10.5281/zenodo.22287174,22287174,7,4,0,0,7,4,0,0
2026-09-18,2026-09-18T06:08:10Z,papers/sae-war-interface-conclusion.html,Conclusion,10.5281/zenodo.22287334,10.5281/zenodo.22287335,22287335,6,2,0,0,6,2,0,0
2026-09-18,2026-09-18T06:08:10Z,papers/sae-conflict-treatise.html,SAE Conflict Treatise: How Subjecthood Is Not Swallowed by Conflict Itself,10.5281/zenodo.22313628,10.5281/zenodo.22313629,22313629,5,4,0,0,5,4,0,0
2026-09-18,2026-09-18T06:08:10Z,papers/sae-meaning-1.html,What Kind of Relation Meaning Is,10.5281/zenodo.22652134,10.5281/zenodo.22729769,22729769,8,7,4,4,3,2,1,1
2026-09-18,2026-09-18T06:08:10Z,papers/sae-analects-intro.html,One Who Cultivates,10.5281/zenodo.22656169,10.5281/zenodo.22656170,22656170,5,4,1,1,5,4,1,1
2026-09-18,2026-09-18T06:08:10Z,papers/sae-analects-1.html,Part I · The Instrument,10.5281/zenodo.22656207,10.5281/zenodo.22656208,22656208,5,4,1,1,5,4,1,1
2026-09-18,2026-09-18T06:08:10Z,papers/sae-analects-2.html,Part II · The Man Who Would Not Be a Sage,10.5281/zenodo.22656223,10.5281/zenodo.22656224,22656224,4,3,2,2,4,3,2,2
2026-09-18,2026-09-18T06:08:10Z,papers/sae-analects-3.html,Part III · In the Room,10.5281/zenodo.22656232,10.5281/zenodo.22656233,22656233,4,3,0,0,4,3,0,0
2026-09-18,2026-09-18T06:08:10Z,papers/sae-analects-4.html,Part IV · What Was Built in His Name,10.5281/zenodo.22656242,10.5281/zenodo.22656243,22656243,5,4,1,1,5,4,1,1
2026-09-18,2026-09-18T06:08:10Z,papers/sae-meaning-2.html,The Finite Bearer's Carrying-Forward,10.5281/zenodo.22713651,10.5281/zenodo.22713652,22713652,8,5,0,0,8,5,0,0
2026-09-18,2026-09-18T06:08:10Z,papers/sae-meaning-3.html,The Half That Is Not Mine to Settle,10.5281/zenodo.22731235,10.5281/zenodo.22731236,22731236,6,3,1,1,6,3,1,1
2026-09-18,2026-09-18T06:08:10Z,papers/sae-meaning-4.html,The Carrier's Boundary,10.5281/zenodo.22738709,10.5281/zenodo.22738710,22738710,6,4,1,1,6,4,1,1
2026-09-18,2026-09-18T06:08:10Z,papers/sae-meaning-0.html,The Jurisdiction of the Question of Meaning,10.5281/zenodo.22802041,10.5281/zenodo.22802042,22802042,1,1,0,0,1,1,0,0
2026-09-20,2026-09-20T07:30:58Z,papers/paper1.html,"Systems, Emergence, and the Conditions of Personhood",10.5281/zenodo.18528812,10.5281/zenodo.22683032,22683032,484,465,214,191,7,7,2,2
2026-09-20,2026-09-20T07:30:58Z,papers/paper2.html,Internal Colonization and the Reconstruction of Subjecthood,10.5281/zenodo.18666588,10.5281/zenodo.18666645,18666645,348,338,139,128,323,315,133,122
2026-09-20,2026-09-20T07:30:58Z,papers/paper3.html,The Complete Self-as-an-End Framework,10.5281/zenodo.18727326,10.5281/zenodo.18727327,18727327,410,394,170,153,410,394,170,153
2026-09-20,2026-09-20T07:30:58Z,papers/applied1.html,The Subjectivity Crisis in the Age of AI,10.5281/zenodo.18737475,10.5281/zenodo.18737476,18737476,751,711,355,296,751,711,355,296
2026-09-20,2026-09-20T07:30:58Z,papers/aesthetics.html,Aesthetics as a Structural Field of Subject-Conditions,10.5281/zenodo.18748930,10.5281/zenodo.21185992,21185992,197,196,62,62,7,7,2,2
2026-09-20,2026-09-20T07:30:58Z,papers/art-history.html,Art History Application: Aesthetics and the SAE Framework,10.5281/zenodo.18775061,10.5281/zenodo.18775062,18775062,208,208,55,55,208,208,55,55
2026-09-20,2026-09-20T07:30:58Z,papers/paper4.html,"How Is Subjecthood Possible: Symmetry, Negativity, and Subjecthood",10.5281/zenodo.18777363,10.5281/zenodo.18777364,18777364,210,209,90,89,210,209,90,89
2026-09-20,2026-09-20T07:30:58Z,papers/cosmological.html,Causality and Remainder: A Cosmological Physics Application,10.5281/zenodo.18779122,10.5281/zenodo.18779123,18779123,178,177,60,56,178,177,60,56
2026-09-20,2026-09-20T07:30:58Z,papers/philosophy-application.html,Philosophy as Subject-Activity: A Philosophical Application of the Self-as-an-End Framework,10.5281/zenodo.18779381,10.5281/zenodo.18779382,18779382,226,225,74,71,226,225,74,71
2026-09-20,2026-09-20T07:30:58Z,papers/mathematics-chisel.html,Mathematics as Second-Order Chisel: A Philosophy of Mathematics,10.5281/zenodo.18792944,10.5281/zenodo.18792945,18792945,185,184,66,62,185,184,66,62
2026-09-20,2026-09-20T07:30:58Z,papers/physics-chisel.html,Physics as Third-Order Chisel,10.5281/zenodo.18793537,10.5281/zenodo.18793538,18793538,181,179,59,59,181,179,59,59
2026-09-20,2026-09-20T07:30:58Z,papers/dynamics-chisel.html,Dynamics as Fourth-Order Chisel: A Philosophy of Causality,10.5281/zenodo.18799131,10.5281/zenodo.18799132,18799132,191,187,49,48,191,187,49,48
2026-09-20,2026-09-20T07:30:58Z,papers/life-5d-8d.html,From Replication to Prediction: The Chisel-Construct Cycle of Life (5D–8D) (V2.1),10.5281/zenodo.18807375,10.5281/zenodo.20194477,20194477,224,224,152,151,130,130,76,76
2026-09-20,2026-09-20T07:30:58Z,papers/living-toward-death.html,From Self-Awareness to Non Dubito: Completing Kant (9D–10D) (V2.4),10.5281/zenodo.18808584,10.5281/zenodo.20199606,20199606,240,239,99,97,123,123,41,40
2026-09-20,2026-09-20T07:30:58Z,papers/remainder-dualpath.html,Remainder Conservation and Dual-Path Structure,10.5281/zenodo.18809485,10.5281/zenodo.18811079,18811079,222,220,87,85,184,184,66,64
2026-09-20,2026-09-20T07:30:58Z,papers/lifecycle1.html,Periodic Table of Life (Part I) — From Causality to Reproduction,10.5281/zenodo.18818106,10.5281/zenodo.18818107,18818107,180,178,54,53,180,178,54,53
2026-09-20,2026-09-20T07:30:58Z,papers/lifecycle2.html,Periodic Table of Life (Part II) — From Reproduction to Prediction,10.5281/zenodo.18818148,10.5281/zenodo.18818149,18818149,171,170,57,56,171,170,57,56
2026-09-20,2026-09-20T07:30:58Z,papers/lifecycle3.html,"Periodic Table of Life (Part III) — From ""I"" to the Thing-in-Itself",10.5281/zenodo.18818176,10.5281/zenodo.18818177,18818177,188,186,71,71,188,186,71,71
2026-09-20,2026-09-20T07:30:58Z,papers/remainder-eternal.html,Remainder Conservation and the Eternal Life of Self-as-an-End,10.5281/zenodo.18821951,10.5281/zenodo.18821952,18821952,202,202,68,68,202,202,68,68
2026-09-20,2026-09-20T07:30:58Z,papers/language.html,Language as Second-Order Chisel,10.5281/zenodo.18823130,10.5281/zenodo.18823131,18823131,207,206,83,79,207,206,83,79
2026-09-20,2026-09-20T07:30:58Z,papers/llm1.html,The Ontological Positioning of Large Language Models,10.5281/zenodo.18826632,10.5281/zenodo.18826633,18826633,281,271,144,131,281,271,144,131
2026-09-20,2026-09-20T07:30:58Z,papers/llm2.html,The Three Ceilings of Large Language Models,10.5281/zenodo.18827427,10.5281/zenodo.18827428,18827428,253,251,89,84,253,251,89,84
2026-09-20,2026-09-20T07:30:58Z,papers/llm3.html,Injection and Chiseling: Two Modes of Language Model Operation,10.5281/zenodo.18828470,10.5281/zenodo.18828471,18828471,226,218,103,93,226,218,103,93
2026-09-20,2026-09-20T07:30:58Z,papers/consciousness.html,The Impossibility Theorem of AI Consciousness,10.5281/zenodo.18829135,10.5281/zenodo.18829136,18829136,273,269,95,90,273,269,95,90
2026-09-20,2026-09-20T07:30:58Z,papers/methodology.html,SAE Methodological Overview: The Chisel-Construct Cycle (V3),10.5281/zenodo.18842449,10.5281/zenodo.21911811,21911811,348,342,192,178,25,24,26,24
2026-09-20,2026-09-20T07:30:58Z,papers/philosophy-history.html,Structural Coordinates of the History of Philosophy,10.5281/zenodo.18842896,10.5281/zenodo.18842897,18842897,119,116,67,64,119,116,67,64
2026-09-20,2026-09-20T07:30:58Z,papers/fixed-selected-1.html,Fixation and Selection (I) — Causal Law Forecloses Distinction,10.5281/zenodo.18859362,10.5281/zenodo.18859363,18859363,204,204,79,77,204,204,79,77
2026-09-20,2026-09-20T07:30:58Z,papers/fixed-selected-2.html,Fixation and Selection (II) — Reproductive Law Forecloses Replication,10.5281/zenodo.18859392,10.5281/zenodo.18859393,18859393,180,180,59,59,180,180,59,59
2026-09-20,2026-09-20T07:30:58Z,papers/fixed-selected-3.html,Fixation and Selection (III) — Predictive Law Forecloses Choice,10.5281/zenodo.18859426,10.5281/zenodo.18859427,18859427,182,181,50,50,182,181,50,50
2026-09-20,2026-09-20T07:30:58Z,papers/fixed-selected-4.html,Fixation and Selection (IV) — Bilateral Non-Doubt Forecloses Self-Awareness,10.5281/zenodo.18859451,10.5281/zenodo.18859452,18859452,192,191,68,68,192,191,68,68
2026-09-20,2026-09-20T07:30:58Z,papers/education.html,Education as Subject-Condition: A Philosophy of Education,10.5281/zenodo.18867389,10.5281/zenodo.18867390,18867390,266,262,134,126,266,262,134,126
2026-09-20,2026-09-20T07:30:58Z,papers/consciousness2.html,Posterior Quasi-Consciousness,10.5281/zenodo.18871234,10.5281/zenodo.18871235,18871235,234,227,74,69,234,227,74,69
2026-09-20,2026-09-20T07:30:58Z,papers/metaphysics-satz.html,Metaphysics of Self-as-an-End: Dimensional Sentence-Form Theory,10.5281/zenodo.18894566,10.5281/zenodo.18894567,18894567,223,223,67,65,223,223,67,65
2026-09-20,2026-09-20T07:30:58Z,papers/introspection.html,To Study the Self: A Structural Analysis of Introspection,10.5281/zenodo.18897146,10.5281/zenodo.18897147,18897147,200,199,77,76,200,199,77,76
2026-09-20,2026-09-20T07:30:58Z,papers/civ-history-ancient.html,Structural Coordinates of the History of Civilization (Vol. I: The Ancient World),10.5281/zenodo.18898185,10.5281/zenodo.18898186,18898186,193,189,61,60,193,189,61,60
2026-09-20,2026-09-20T07:30:58Z,papers/civ-history-medieval.html,Structural Coordinates of the History of Civilization (Vol. II: The Medieval World),10.5281/zenodo.18898225,10.5281/zenodo.18898226,18898226,197,193,63,62,197,193,63,62
2026-09-20,2026-09-20T07:30:58Z,papers/civ-history-modern.html,Structural Coordinates of the History of Civilization (Vol. III: The Modern World),10.5281/zenodo.18898256,10.5281/zenodo.18898257,18898257,187,184,71,68,187,184,71,68
2026-09-20,2026-09-20T07:30:58Z,papers/civ-history-patterns.html,Structural Coordinates of the History of Civilization (Vol. IV: Structural Patterns),10.5281/zenodo.18898262,10.5281/zenodo.18898263,18898263,182,179,69,68,182,179,69,68
2026-09-20,2026-09-20T07:30:58Z,papers/hc16.html,HC-16: A Sixteen-Type Taxonomy of Subjective Vulnerability Profiles within the Self-as-an-End Framework,10.5281/zenodo.18907263,10.5281/zenodo.18907264,18907264,199,197,81,81,199,197,81,81
2026-09-20,2026-09-20T07:30:58Z,papers/sae-taxonomy-chiseling.html,Taxonomy as Chiseling: A Self-as-an-End Theory of Classification,10.5281/zenodo.18907876,10.5281/zenodo.18907877,18907877,209,205,71,67,209,205,71,67
2026-09-20,2026-09-20T07:30:58Z,papers/zfcrho.html,On the Remainder of Choice: A Meta-Theoretic Thesis on ZFC,10.5281/zenodo.18914682,10.5281/zenodo.18916920,18916920,352,344,146,136,305,299,124,116
2026-09-20,2026-09-20T07:30:58Z,papers/myth.html,Myth as Remainder Intuition: A Mythology Application of the Self-as-an-End Framework,10.5281/zenodo.18917795,10.5281/zenodo.18917796,18917796,198,198,58,58,198,198,58,58
2026-09-20,2026-09-20T07:30:58Z,papers/sae-epistemological-map.html,The Epistemological Map of Chisel-Construct,10.5281/zenodo.18918194,10.5281/zenodo.18918195,18918195,198,197,46,45,198,197,46,45
2026-09-20,2026-09-20T07:30:58Z,papers/zfcrho2.html,The Quantitative Identity of the Remainder: From ρ≠∅ to Euler's Formula,10.5281/zenodo.18927658,10.5281/zenodo.21539092,21539092,229,222,77,73,40,37,19,19
2026-09-20,2026-09-20T07:30:58Z,papers/sae-american-history.html,Structural Coordinates of American Institutional History: A Self-as-an-End Application,10.5281/zenodo.18929075,10.5281/zenodo.18929076,18929076,181,180,46,43,181,180,46,43
2026-09-20,2026-09-20T07:30:58Z,papers/methodology3.html,How to Find Remainders with AI,10.5281/zenodo.18929390,10.5281/zenodo.18929391,18929391,232,230,86,84,232,230,86,84
2026-09-20,2026-09-20T07:30:58Z,papers/zfcrho3.html,ρ-Conservation: The Ineliminability Law of the Remainder across the Layer Hierarchy,10.5281/zenodo.18929819,10.5281/zenodo.18929820,18929820,190,185,73,69,190,185,73,69
2026-09-20,2026-09-20T07:30:58Z,papers/zfcrho4.html,A Draft Term Model for ρ-Arithmetic: First Steps toward a History-Preserving Arithmetic Framework,10.5281/zenodo.18930810,10.5281/zenodo.18930811,18930811,194,192,75,73,194,192,75,73
2026-09-20,2026-09-20T07:30:58Z,papers/ai-arch-1.html,Who Sees the Remainder for AI,10.5281/zenodo.18931008,10.5281/zenodo.18931009,18931009,199,195,96,90,199,195,96,90
2026-09-20,2026-09-20T07:30:58Z,papers/ai-arch-2.html,"Cultivation, Not Training",10.5281/zenodo.18931026,10.5281/zenodo.18931027,18931027,190,188,73,69,190,188,73,69
2026-09-20,2026-09-20T07:30:58Z,papers/ai-arch-3.html,Escape,10.5281/zenodo.18931038,10.5281/zenodo.18931039,18931039,183,179,66,62,183,179,66,62
2026-09-20,2026-09-20T07:30:58Z,papers/understand-self.html,To Understand the Self: Eight Pains and Eight Graces in the Self-as-an-End Framework,10.5281/zenodo.18934125,10.5281/zenodo.18934126,18934126,194,192,54,53,194,192,54,53
2026-09-20,2026-09-20T07:30:58Z,papers/zfcrho5.html,Generation Axioms and Structural Induction: Proof Tools for ρ-Arithmetic,10.5281/zenodo.18934515,10.5281/zenodo.18934516,18934516,186,184,66,65,186,184,66,65
2026-09-20,2026-09-20T07:30:58Z,papers/zfcrho6.html,Recursive Definition of ρ and Expression Compression Complexity,10.5281/zenodo.18934531,10.5281/zenodo.18934532,18934532,185,184,69,69,185,184,69,69
2026-09-20,2026-09-20T07:30:58Z,papers/zfcrho7.html,The Term Model of ρ-Arithmetic,10.5281/zenodo.18943944,10.5281/zenodo.18943945,18943945,187,185,59,59,187,185,59,59
2026-09-20,2026-09-20T07:30:58Z,papers/zfcrho8.html,Proof-Theoretic Equivalence and Conservative Extension of ρ-Arithmetic,10.5281/zenodo.18952912,10.5281/zenodo.18952913,18952913,180,179,65,65,180,179,65,65
2026-09-20,2026-09-20T07:30:58Z,papers/zfcrho9.html,Exact Combinatorics of History Fibers,10.5281/zenodo.18963539,10.5281/zenodo.18963540,18963540,189,186,72,71,189,186,72,71
2026-09-20,2026-09-20T07:30:58Z,papers/zfcrho10.html,The Spectral Counting Polynomial and Fiber ρ-Statistics,10.5281/zenodo.18973559,10.5281/zenodo.18973560,18973560,184,183,68,68,184,183,68,68
2026-09-20,2026-09-20T07:30:58Z,papers/zfcrho11.html,The First Asymptotic Theory of ρ_E,10.5281/zenodo.18975756,10.5281/zenodo.18975757,18975757,181,180,93,91,181,180,93,91
2026-09-20,2026-09-20T07:30:58Z,papers/zfcrho12.html,Staircase Geometry of δ and Jump-Gap Theory,10.5281/zenodo.18977948,10.5281/zenodo.18977949,18977949,184,183,79,79,184,183,79,79
2026-09-20,2026-09-20T07:30:58Z,papers/chisel-music.html,Chisel and Construct: The Universal Structure of Temporal Arts — Essay I: Music and Song,10.5281/zenodo.18989565,10.5281/zenodo.18989566,18989566,171,170,54,54,171,170,54,54
2026-09-20,2026-09-20T07:30:58Z,papers/chisel-opera.html,Chisel and Construct: The Universal Structure of Temporal Arts — Essay II: Opera and Chinese Opera,10.5281/zenodo.18989669,10.5281/zenodo.18989670,18989670,160,159,53,53,160,159,53,53
2026-09-20,2026-09-20T07:30:58Z,papers/chisel-dance.html,Chisel and Construct: The Universal Structure of Temporal Arts — Essay III: Ballet and Dance,10.5281/zenodo.18989701,10.5281/zenodo.18989702,18989702,166,158,74,54,166,158,74,54
2026-09-20,2026-09-20T07:30:58Z,papers/chisel-film.html,Chisel and Construct: The Universal Structure of Temporal Arts — Essay IV: Theatre and Film,10.5281/zenodo.18989755,10.5281/zenodo.18989756,18989756,178,177,73,73,178,177,73,73
2026-09-20,2026-09-20T07:30:58Z,papers/zfcrho13.html,Algebraic Structure and Conditional Distribution of Jump Gain,10.5281/zenodo.18991986,10.5281/zenodo.18991987,18991987,192,191,57,57,192,191,57,57
2026-09-20,2026-09-20T07:30:58Z,papers/zfcrho14.html,Reduction to Bounded Conditional Variance: Three-Component Decomposition of Jump Gain,10.5281/zenodo.18994187,10.5281/zenodo.18994188,18994188,187,186,64,64,187,186,64,64
2026-09-20,2026-09-20T07:30:58Z,papers/zfcrho15.html,"Sieve Structure, Compositeness Discount, and the Architecture of Conjecture H'",10.5281/zenodo.19007312,10.5281/zenodo.19007313,19007313,233,229,93,90,233,229,93,90
2026-09-20,2026-09-20T07:30:58Z,papers/zfcrho16.html,"The Insertion Identity, Variance Splitting, and the Relay Engine of Conjecture H'",10.5281/zenodo.19013602,10.5281/zenodo.19013603,19013603,204,202,72,71,204,202,72,71
2026-09-20,2026-09-20T07:30:58Z,papers/zfcrho17.html,"Monotonicity, Roughness Stability, and the Narrowing of the Relay Architecture",10.5281/zenodo.19016958,10.5281/zenodo.19016959,19016959,196,195,71,71,196,195,71,71
2026-09-20,2026-09-20T07:30:58Z,papers/zfcrho18.html,The Anti-Correlation Engine: Variance Structure of ρ_E and the Local Smoothness of Integer Complexity,10.5281/zenodo.19024385,10.5281/zenodo.19024386,19024386,209,205,83,81,209,205,83,81
2026-09-20,2026-09-20T07:30:58Z,papers/zfcrho19.html,"The Three-Point Law, Self-Correction, and the Narrowing of the Variance Gap",10.5281/zenodo.19026991,10.5281/zenodo.19026992,19026992,187,186,64,64,187,186,64,64
2026-09-20,2026-09-20T07:30:58Z,papers/zfcrho20.html,Closing the B-bound: The Prime-Power Second Moment Theorem and the First Unconditional Node,10.5281/zenodo.19027892,10.5281/zenodo.19027893,19027893,182,177,46,42,182,177,46,42
2026-09-20,2026-09-20T07:30:58Z,papers/interstellar-civilization.html,Interstellar Civilization Thought Experiment: SAE-1 to SAE-4 Civilization Levels and the Group Dimension,10.5281/zenodo.19027894,10.5281/zenodo.19027895,19027895,171,170,72,72,171,170,72,72
2026-09-20,2026-09-20T07:30:58Z,papers/cosmological-thought-experiment.html,"Cosmological Physics Thought Experiment: Causality Softening, Cosmic Contraction, and Gravitational-Wave Inelasticity",10.5281/zenodo.19028005,10.5281/zenodo.19028006,19028006,186,184,76,73,186,184,76,73
2026-09-20,2026-09-20T07:30:58Z,papers/sae-critique-ethics.html,One's Own Law: The SAE Critique of Ethics and Morality,10.5281/zenodo.19037566,10.5281/zenodo.19037567,19037567,182,181,56,54,182,181,56,54
2026-09-20,2026-09-20T07:30:58Z,papers/zfcrho21.html,Queue Isomorphism and the Local Lipschitz Reduction for Selection Cost,10.5281/zenodo.19037934,10.5281/zenodo.19037935,19037935,184,182,62,58,184,182,62,58
2026-09-20,2026-09-20T07:30:58Z,papers/zfcrho22.html,Unbounded Mean Gain and the Closure of Assumption A',10.5281/zenodo.19039953,10.5281/zenodo.19039954,19039954,181,178,61,59,181,178,61,59
2026-09-20,2026-09-20T07:30:58Z,papers/zfcrho23.html,Concentration of Compositeness Discount and Quantitative Convergence of D(N) → 1,10.5281/zenodo.19041689,10.5281/zenodo.19041690,19041690,161,160,43,42,161,160,43,42
2026-09-20,2026-09-20T07:30:58Z,papers/zfcrho24.html,Prime-Stratified Decomposition of the Insertion Measure and a Defect-Gap Inequality,10.5281/zenodo.19044696,10.5281/zenodo.19044697,19044697,184,183,45,44,184,183,45,44
2026-09-20,2026-09-20T07:30:58Z,papers/terrible-twos.html,What Terrible Twos Actually Is: The Structural Genesis of Self-Awareness,10.5281/zenodo.19044827,10.5281/zenodo.19044828,19044828,182,181,69,68,182,181,69,68
2026-09-20,2026-09-20T07:30:58Z,papers/zfcrho25.html,Dyadic Shell Constant and Positivity of the Predecessor Gap,10.5281/zenodo.19054726,10.5281/zenodo.19054727,19054727,185,183,59,58,185,183,59,58
2026-09-20,2026-09-20T07:30:58Z,papers/forget-self.html,To Forget the Self: From Self-Understanding to Structural Respect for the Other,10.5281/zenodo.19059139,10.5281/zenodo.19059140,19059140,167,166,70,69,167,166,70,69
2026-09-20,2026-09-20T07:30:58Z,papers/zfcrho26.html,"Prime Source Term, Additive Decomposition, and the Positivity of the Predecessor Gap",10.5281/zenodo.19059834,10.5281/zenodo.19062464,19062464,212,205,124,122,176,174,90,89
2026-09-20,2026-09-20T07:30:58Z,papers/zfcrho27.html,Upper Reflection Criterion for Composite Drift and Numerical Verification,10.5281/zenodo.19062684,10.5281/zenodo.19062685,19062685,200,197,92,91,200,197,92,91
2026-09-20,2026-09-20T07:30:58Z,papers/zfcrho28.html,"Universal Scale Attenuation, Weighted Attenuation Decomposition, and a Three-Step Framework for Lower Reflection",10.5281/zenodo.19078654,10.5281/zenodo.19078902,19078902,186,184,100,98,168,166,81,79
2026-09-20,2026-09-20T07:30:58Z,papers/zfcrho29.html,"Conceptual Audit of D(N) vs Dyadic Gap, Scale Correction of the Height Distribution, and Discrete Concentration of Pred Gap",10.5281/zenodo.19083884,10.5281/zenodo.19101841,19101841,206,205,82,82,179,178,46,46
2026-09-20,2026-09-20T07:30:58Z,papers/zfcrho30.html,"First Direct Measurement of D(N), Multiplicative Decomposition, and Structural Constraints on H'",10.5281/zenodo.19101810,10.5281/zenodo.19101811,19101811,170,168,54,53,170,168,54,53
2026-09-20,2026-09-20T07:30:58Z,papers/artist-is-dead.html,The Artist Is Dead: One-Dimensional Civilization Is the Killer,10.5281/zenodo.19104160,10.5281/zenodo.19104161,19104161,194,192,56,56,194,192,56,56
2026-09-20,2026-09-20T07:30:58Z,papers/zfcrho31.html,"The Layer-by-Layer Bottleneck Map for H' — Stratified Framework, Moving Bottleneck, and Ω-Universal Scale Attenuation",10.5281/zenodo.19104860,10.5281/zenodo.19104861,19104861,174,173,58,58,174,173,58,58
2026-09-20,2026-09-20T07:30:58Z,papers/zfcrho32.html,Fixed-Core Locking and Prime-Core Profile — The Residual Floor Structure of H',10.5281/zenodo.19116625,10.5281/zenodo.19116626,19116626,164,163,102,100,164,163,102,100
2026-09-20,2026-09-20T07:30:58Z,papers/zfcrho33.html,Fixed-Core Margin Drift and Harmonic Closure of H' at the Ω=2 Layer,10.5281/zenodo.19124485,10.5281/zenodo.19158793,19158793,188,184,44,43,171,167,31,31
2026-09-20,2026-09-20T07:30:58Z,papers/zfcrho34.html,Upper-Margin Closure and the Bounded-Variance Phenomenon,10.5281/zenodo.19140015,10.5281/zenodo.19158789,19158789,209,204,43,42,192,189,21,21
2026-09-20,2026-09-20T07:30:58Z,papers/zfcrho35.html,Congruence Relaxation and the Erosion of Predecessor Advantage,10.5281/zenodo.19143732,10.5281/zenodo.19143995,19143995,191,187,112,107,172,168,78,74
2026-09-20,2026-09-20T07:30:58Z,papers/zfcrho36.html,"The 1/φ(m) Local Model, Explanation Rate Plateau, and Global DP Path Effects",10.5281/zenodo.19153002,10.5281/zenodo.19153003,19153003,212,202,1511,1511,212,202,1511,1511
2026-09-20,2026-09-20T07:30:58Z,papers/zfcrho37.html,The Entry-Continuation Decomposition and Quantitative Closure of B-C Erosion,10.5281/zenodo.19155792,10.5281/zenodo.19158779,19158779,184,182,78,74,169,167,59,55
2026-09-20,2026-09-20T07:30:58Z,papers/applied2.html,"SAE Application: Sentence Level, Subject Condition, and the Limits of Prompt Engineering",10.5281/zenodo.19157713,10.5281/zenodo.19157714,19157714,184,184,60,57,184,184,60,57
2026-09-20,2026-09-20T07:30:58Z,papers/zfcrho38.html,Ratio-Parametrization of G and the Composition-Shift Reinterpretation of B-C Erosion,10.5281/zenodo.19157939,10.5281/zenodo.19158742,19158742,197,194,68,67,185,182,50,49
2026-09-20,2026-09-20T07:30:58Z,papers/zfcrho39.html,Shifted-Product Deficit and the Logarithmic Growth of M_loc at the Ω=2 Layer,10.5281/zenodo.19164588,10.5281/zenodo.19164589,19164589,176,174,45,44,176,174,45,44
2026-09-20,2026-09-20T07:30:58Z,papers/dream.html,"Sequential Dependence in Consciousness: DD-Layer Reconstruction in Sleep, Dreams, and Anesthesia",10.5281/zenodo.19176873,10.5281/zenodo.19244588,19244588,187,184,79,79,166,164,59,59
2026-09-20,2026-09-20T07:30:58Z,papers/zfcrho40.html,Direct Positive Slope of M̄ and Strong Numerical Support for Ω=2 Closure,10.5281/zenodo.19179778,10.5281/zenodo.19179779,19179779,176,175,103,95,176,175,103,95
2026-09-20,2026-09-20T07:30:58Z,papers/life-and-death.html,"Life and Death, Self and No-Self",10.5281/zenodo.19201237,10.5281/zenodo.19201238,19201238,192,189,57,56,192,189,57,56
2026-09-20,2026-09-20T07:30:58Z,papers/terrible-teens.html,What Terrible Teens Actually Is: The Structural Genesis of Purpose,10.5281/zenodo.19201631,10.5281/zenodo.19201632,19201632,158,156,76,74,158,156,76,74
2026-09-20,2026-09-20T07:30:58Z,papers/zfcrho41.html,"Unified Recursive Framework, Ω≤6 Positive-Slope Closure Signal, and the Ω=2–8 Slope Spectrum",10.5281/zenodo.19201877,10.5281/zenodo.19201878,19201878,178,176,66,65,178,176,66,65
2026-09-20,2026-09-20T07:30:58Z,papers/fixation-radiation.html,"Fixation, Fragility, and Radiation: A Structural Theory of Mass Extinction Dynamics",10.5281/zenodo.19225113,10.5281/zenodo.19225114,19225114,171,169,71,71,171,169,71,71
2026-09-20,2026-09-20T07:30:58Z,papers/consciousness-daily.html,Daily Applications of Consciousness Discontinuity: Clearing and Reloading the 12DD Predictive Cache,10.5281/zenodo.19226545,10.5281/zenodo.19226546,19226546,167,166,70,68,167,166,70,68
2026-09-20,2026-09-20T07:30:58Z,papers/zfcrho42.html,"A Conditional Closure Route for H': Turning Point Elimination, Uniform Weighted Lemma, Frontier Reduction, and Three Residual Inputs",10.5281/zenodo.19226607,10.5281/zenodo.19226735,19226735,183,182,96,95,167,166,79,78
2026-09-20,2026-09-20T07:30:58Z,papers/language-remainder.html,Language and Its Remainder: The Semantic Layer and the Ontological Layer in the Age of AI,10.5281/zenodo.19228557,10.5281/zenodo.19228558,19228558,171,170,57,57,171,170,57,57
2026-09-20,2026-09-20T07:30:58Z,papers/zfcrho43.html,"Four Faces of Self-Correction: Computational Verification of NI1–NI3 at N = 10¹⁰, Numerical Verification of Four Frontiers, and the Poly(k) Closing Route",10.5281/zenodo.19240183,10.5281/zenodo.19240184,19240184,182,180,59,58,182,180,59,58
2026-09-20,2026-09-20T07:30:58Z,papers/sae-cosmological-constant.html,From Remainder Conservation to the Cosmological Constant: Dark Energy in the Self-as-an-End Framework,10.5281/zenodo.19245267,10.5281/zenodo.19292256,19292256,192,190,80,80,179,177,59,59
2026-09-20,2026-09-20T07:30:58Z,papers/prime-presieve.html,Why Primes Have No Shortcuts: An O(1) Prime Pre-Sieve from Precomputed ρ_E Tables,10.5281/zenodo.19246377,10.5281/zenodo.19246378,19246378,175,174,65,65,175,174,65,65
2026-09-20,2026-09-20T07:30:58Z,papers/zfcrho44.html,"Why DP min Produces Local Smoothness: Reset-Slack Decomposition, Le Chatelier Dynamic Equilibrium, and Chisel-Remainder Coincidence",10.5281/zenodo.19247859,10.5281/zenodo.19247860,19247860,177,176,56,56,177,176,56,56
2026-09-20,2026-09-20T07:30:58Z,papers/terrible-telos.html,What Terrible Telos Actually Is: The Structural Genesis of Non Dubito,10.5281/zenodo.19248039,10.5281/zenodo.19248040,19248040,23,22,29,29,23,22,29,29
2026-09-20,2026-09-20T07:30:58Z,papers/methodology4.html,SAE Methodology Paper IV: The Twelve-State Transmission Model of Knowledge Evolution,10.5281/zenodo.19275104,10.5281/zenodo.19275105,19275105,189,188,47,47,189,188,47,47
2026-09-20,2026-09-20T07:30:58Z,papers/zfcrho45.html,"From Reset Slack to Historical Reservoir: Capacity-Allocation Law, Charge-Discharge Dynamics, and the Remainder Transfer Law",10.5281/zenodo.19275286,10.5281/zenodo.19275287,19275287,171,169,41,41,171,169,41,41
2026-09-20,2026-09-20T07:30:58Z,papers/sae-dark-matter.html,From Causality Phase Transition to Galaxy Rotation Curves: Dark Matter in the Self-as-an-End Framework,10.5281/zenodo.19276846,10.5281/zenodo.19292375,19292375,176,171,59,59,164,159,52,52
2026-09-20,2026-09-20T07:30:58Z,papers/sae-from-lambda-to-a0.html,From Λ to a₀: The Geometric Completion of the Dual-4DD Cosmological Programme,10.5281/zenodo.19281983,10.5281/zenodo.19281984,19281984,170,167,41,41,170,167,41,41
2026-09-20,2026-09-20T07:30:58Z,papers/sae-judgment-aesthetics.html,SAE Judgment and Aesthetics — In Tribute to Kant,10.5281/zenodo.19296710,10.5281/zenodo.19296711,19296711,185,184,56,55,185,184,56,55
2026-09-20,2026-09-20T07:30:58Z,papers/sae-inter-ontological.html,How Is the Inter-Ontological Possible: The Subjective Conditions and Emergent Structure of Freedom,10.5281/zenodo.19297847,10.5281/zenodo.19297848,19297848,214,211,67,65,214,211,67,65
2026-09-20,2026-09-20T07:30:58Z,papers/sae-geff-bbn-cmb.html,"G_eff in the SAE Framework: Plateau-Rise Profile, BBN/CMB Safety, and Three Open Tensions",10.5281/zenodo.19298161,10.5281/zenodo.19298162,19298162,179,176,43,43,179,176,43,43
2026-09-20,2026-09-20T07:30:58Z,papers/zfcrho46.html,"SPF Skeleton Reduction, Analytic Interface, and Conditional Closure of Conjecture 2",10.5281/zenodo.19303511,10.5281/zenodo.19303512,19303512,157,156,52,52,157,156,52,52
2026-09-20,2026-09-20T07:30:58Z,papers/sae-anti-turing.html,The SAE Anti-Turing Test: A Thermodynamic Falsification Method for AI Subjectivity,10.5281/zenodo.19305611,10.5281/zenodo.22655158,22655158,165,164,80,80,3,2,1,1
2026-09-20,2026-09-20T07:30:58Z,papers/writing-last-mile.html,The Last Mile of Writing: Style Growth in the Age of AI,10.5281/zenodo.19307428,10.5281/zenodo.19307429,19307429,221,220,97,96,221,220,97,96
2026-09-20,2026-09-20T07:30:58Z,papers/zfcrho-thermo.html,Fluctuation Absorption Rate η ≪ 1: Strong Complementary Cancellation and Nonequilibrium Stability in a Zero-Parameter Min Recursion,10.5281/zenodo.19310282,10.5281/zenodo.19310283,19310283,187,182,73,73,187,182,73,73
2026-09-20,2026-09-20T07:30:58Z,papers/sae-psycho-1-id.html,SAE Psychoanalysis (I): Id — The Me Without a Self,10.5281/zenodo.19321143,10.5281/zenodo.19321144,19321144,194,192,71,69,194,192,71,69
2026-09-20,2026-09-20T07:30:58Z,papers/sae-psycho-2-ego.html,SAE Psychoanalysis (II): Ego — The Self Without a Purpose,10.5281/zenodo.19321314,10.5281/zenodo.19321315,19321315,183,181,57,57,183,181,57,57
2026-09-20,2026-09-20T07:30:58Z,papers/sae-psycho-3-superego.html,SAE Psychoanalysis (III): Superego — The Self With a Purpose,10.5281/zenodo.19321417,10.5281/zenodo.19321418,19321418,177,176,86,86,177,176,86,86
2026-09-20,2026-09-20T07:30:58Z,papers/sae-psycho-4-cert.html,SAE Psychoanalysis (IV): Cert and Unification — The Self Beyond Doubt and the Four-Layer Framework,10.5281/zenodo.19321534,10.5281/zenodo.19321535,19321535,180,179,58,58,180,179,58,58
2026-09-20,2026-09-20T07:30:58Z,papers/zfcrho47.html,"Character-Refined Prime Input, Shell-Depth Lemma, and Parity-Mediated PCF₂",10.5281/zenodo.19323564,10.5281/zenodo.19323565,19323565,162,161,41,41,162,161,41,41
2026-09-20,2026-09-20T07:30:58Z,papers/zfcrho48.html,"Unified Prime-Layer Cancellation: Raw First Layer, Odd-Predecessor Reduction, and Harmless Tails",10.5281/zenodo.19328550,10.5281/zenodo.19328551,19328551,184,183,49,49,184,183,49,49
2026-09-20,2026-09-20T07:30:58Z,papers/sae-institution.html,How Is Institution Possible: From Inter-Ontological Remainder to Co-Constructive Framework,10.5281/zenodo.19328662,10.5281/zenodo.22851738,22851738,205,197,79,78,0,0,0,0
2026-09-20,2026-09-20T07:30:58Z,papers/beyond-fast-slow.html,Beyond Fast and Slow: A Four-Layer Cognitive Architecture from Dimensional Sequence Theory,10.5281/zenodo.19329284,10.5281/zenodo.19329285,19329285,173,170,23,22,173,170,23,22
2026-09-20,2026-09-20T07:30:58Z,papers/sae-cosmo-5.html,"The Peaked Profile of Local Causal Law, the Signed Balance of Paired Paths, and the Dual-Frame Resolution of the Ġ/G Tension",10.5281/zenodo.19329771,10.5281/zenodo.21926230,21926230,221,206,74,70,30,17,11,7
2026-09-20,2026-09-20T07:30:58Z,papers/sae-four-forces-prequel.html,"Light Speed, Dimensional Breakthrough, and the Coupling Constant Hierarchy",10.5281/zenodo.19341042,10.5281/zenodo.19341043,19341043,182,180,76,76,182,180,76,76
2026-09-20,2026-09-20T07:30:58Z,papers/sae-four-forces-I.html,"Four Forces, Two Postulates: Unification of Source, Not Structure",10.5281/zenodo.19342106,10.5281/zenodo.21930071,21930071,180,178,55,55,5,4,3,3
2026-09-20,2026-09-20T07:30:58Z,papers/nurturing.html,Cross-Subject DD-Layer Regulation: Six Forms of Nurturing,10.5281/zenodo.19347095,10.5281/zenodo.19347096,19347096,178,177,55,55,178,177,55,55
2026-09-20,2026-09-20T07:30:58Z,papers/sae-ai-trends.html,Constraint and Emergence: Structural Trends in AI Development as Seen from Local Inference,10.5281/zenodo.19356675,10.5281/zenodo.19356676,19356676,117,115,113,106,117,115,113,106
2026-09-20,2026-09-20T07:30:58Z,papers/zfcrho-49.html,"The UAP_Ω Theorem, Slow Decrease, Cyclotomic Discount Rates, and the Two Final Gaps for H′",10.5281/zenodo.19357193,10.5281/zenodo.19357194,19357194,172,171,43,43,172,171,43,43
2026-09-20,2026-09-20T07:30:58Z,papers/four-layers-economic.html,Four Layers of Economic Rationality: A Diagnostic Extension of the Rational Agent from Dimensional Sequence Theory,10.5281/zenodo.19358010,10.5281/zenodo.19358011,19358011,198,195,92,85,198,195,92,85
2026-09-20,2026-09-20T07:30:58Z,papers/sae-methodology-subject.html,The Subject as Structural Condition of Methodology: Field Validation of the Twelve-State Transmission Model and the Whether Function,10.5281/zenodo.19359612,10.5281/zenodo.19359613,19359613,186,185,55,55,186,185,55,55
2026-09-20,2026-09-20T07:30:58Z,papers/sae-four-forces-II.html,"The Four Forces Paper II: Color, Hypercharge, and Dual-4DD Boundary Resolution",10.5281/zenodo.19360101,10.5281/zenodo.21924721,21924721,190,189,55,55,8,7,4,4
2026-09-20,2026-09-20T07:30:58Z,papers/sae-physics-foundation.html,SAE Foundation v2: Systematic Restatement of the Physical-Quantity Ladder and Signature Discipline,10.5281/zenodo.19361950,10.5281/zenodo.20322460,20322460,225,218,76,75,124,119,41,40
2026-09-20,2026-09-20T07:30:58Z,papers/aging.html,Aging: The Running Cost of the Chisel-Construct Cycle,10.5281/zenodo.19364492,10.5281/zenodo.19364493,19364493,187,184,68,66,187,184,68,66
2026-09-20,2026-09-20T07:30:58Z,papers/sae-sex-unfolding.html,The Remainder Structure of Sex Unfolding: A Cross-Phylum Non-Adaptive Model of Same-Sex Sexual Behavior,10.5281/zenodo.19364915,10.5281/zenodo.19364916,19364916,194,193,62,62,194,193,62,62
2026-09-20,2026-09-20T07:30:58Z,papers/sae-multi-ai.html,Multi-AI Checks and Balances: Layer-Appropriate Operation as an Architectural Paradigm,10.5281/zenodo.19366105,10.5281/zenodo.19366106,19366106,210,207,61,59,210,207,61,59
2026-09-20,2026-09-20T07:30:58Z,papers/sae-four-forces-III.html,Labeling without Constructing: The DD Origin of the Weak Mixing Angle,10.5281/zenodo.19379412,10.5281/zenodo.21928526,21928526,172,169,75,73,9,7,4,4
2026-09-20,2026-09-20T07:30:58Z,papers/zfcrho50.html,"Character Stripping, Deterministic Square-Function, and the Precise Localization of H′",10.5281/zenodo.19381111,10.5281/zenodo.19382313,19382313,184,183,80,79,170,169,60,60
2026-09-20,2026-09-20T07:30:58Z,papers/sae-economics-2.html,The Other End of the Bridge: Economic Rationality When 15DD Faces a Party Who Does Not Enter 15DD,10.5281/zenodo.19381666,10.5281/zenodo.19381667,19381667,169,168,62,61,169,168,62,61
2026-09-20,2026-09-20T07:30:58Z,papers/sae-economics-3.html,"Dimensional Sequence Economics in Mixed Markets: Remote Observation, Clustering, and Emergence",10.5281/zenodo.19384446,10.5281/zenodo.19384447,19384447,184,183,73,72,184,183,73,72
2026-09-20,2026-09-20T07:30:58Z,papers/sae-economics-applied.html,The Conditions for Sharing with All of Humanity: Deriving an Open Information Protocol from Four Layers of Economic Rationality,10.5281/zenodo.19385061,10.5281/zenodo.19385062,19385062,174,173,78,75,174,173,78,75
2026-09-20,2026-09-20T07:30:58Z,papers/sae-reincarnation.html,A Structural Redefinition of &#8220;Reincarnation&#8221;: 11DD Broadcasting and 13DD Filtering,10.5281/zenodo.19385464,10.5281/zenodo.19385465,19385465,174,174,58,57,174,174,58,57
2026-09-20,2026-09-20T07:30:58Z,papers/sae-economics-breathing-money.html,Institutional Design in Adaptive Monetary Systems: A Dimensional Sequence Analysis of Breathing Money,10.5281/zenodo.19391325,10.5281/zenodo.19391326,19391326,163,162,53,52,163,162,53,52
2026-09-20,2026-09-20T07:30:58Z,papers/sae-economics-4.html,The Phase-Transition Window of the Free Market: The Homologous Skeleton of ZFCρ and SAE Economics,10.5281/zenodo.19393913,10.5281/zenodo.19393914,19393914,176,176,72,66,176,176,72,66
2026-09-20,2026-09-20T07:30:58Z,papers/zfcrho51.html,"Exponential Block Decay, Spectral Reformulation, and the Periodogram Target for H′",10.5281/zenodo.19393954,10.5281/zenodo.19393955,19393955,177,176,65,63,177,176,65,63
2026-09-20,2026-09-20T07:30:58Z,papers/sae-four-forces-generation.html,Topological Origin of Three Fermion Generations and Their Mass Structure,10.5281/zenodo.19394500,10.5281/zenodo.21925976,21925976,183,180,88,84,12,9,12,10
2026-09-20,2026-09-20T07:30:58Z,papers/sae-economics-5.html,The Structural Inevitability of 15DD Emergence in Free Markets: From Baseline Collisions to Perceptual Leap,10.5281/zenodo.19394738,10.5281/zenodo.19394739,19394739,174,172,70,67,174,172,70,67
2026-09-20,2026-09-20T07:30:58Z,papers/sae-economics-6.html,Kingdom of Ends vs Kingdom of Means: Phase-Transition Acceleration in the Age of AI,10.5281/zenodo.19396633,10.5281/zenodo.19396634,19396634,188,185,66,63,188,185,66,63
2026-09-20,2026-09-20T07:30:58Z,papers/zfcrho52.html,"Mean-Reversion, Spectral Valley, and the Projective Criterion for H′",10.5281/zenodo.19407328,10.5281/zenodo.19407329,19407329,172,170,58,57,172,170,58,57
2026-09-20,2026-09-20T07:30:58Z,papers/sae-four-forces-IV.html,"6-Block Pair Algebra, 𝔰𝔬(6) ≅ 𝔰𝔲(4), and Lepton as a Color-Singlet Volume Line",10.5281/zenodo.19411672,10.5281/zenodo.19411673,19411673,187,186,84,83,187,186,84,83
2026-09-20,2026-09-20T07:30:58Z,papers/zfcrho53.html,"Screened Long Memory, the Screening Return Theorem, and the Polynomial Gap for H′",10.5281/zenodo.19415440,10.5281/zenodo.19415441,19415441,172,171,60,58,172,171,60,58
2026-09-20,2026-09-20T07:30:58Z,papers/sae-four-forces-V.html,Four Forces Paper V: The Counting Origin of Coupling Constants and the Generating-Function Unification of 65/4,10.5281/zenodo.19415804,10.5281/zenodo.19415805,19415805,184,183,62,58,184,183,62,58
2026-09-20,2026-09-20T07:30:58Z,papers/sae-four-forces-VI.html,Four Forces Paper VI: Why GUT-Predicted Proton Decay Remains Absent — Spin(10) as Classification Algebra and the GUT Prediction Blind Spot,10.5281/zenodo.19426067,10.5281/zenodo.19426068,19426068,166,165,42,41,166,165,42,41
2026-09-20,2026-09-20T07:30:58Z,papers/zfcrho54.html,Recursive Ancestor Inheritance and the Origin of Power-Law Covariance in h(p),10.5281/zenodo.19426094,10.5281/zenodo.19426095,19426095,177,176,64,62,177,176,64,62
2026-09-20,2026-09-20T07:30:58Z,papers/learning1.html,"Learning Through Memory and Prediction: The Construction, Window, and Cost of 11DD and 12DD",10.5281/zenodo.19426123,10.5281/zenodo.19435191,19435191,183,182,81,80,170,169,64,63
2026-09-20,2026-09-20T07:30:58Z,papers/sae-four-forces-VII.html,Four Forces Paper VII: S³ Packing Theorem and the Three-Layer Structure of Coupling Constants,10.5281/zenodo.19433220,10.5281/zenodo.19433221,19433221,162,161,57,55,162,161,57,55
2026-09-20,2026-09-20T07:30:58Z,papers/learning2.html,"Learning to Scrutinize and Correct: The Emergence, Operation, and Cost of 13DD",10.5281/zenodo.19436811,10.5281/zenodo.19436812,19436812,178,177,89,83,178,177,89,83
2026-09-20,2026-09-20T07:30:58Z,papers/self-not-endpoint.html,"""Self Is Not the Endpoint"": Structural Convergence Across Three Religious Traditions and Three Psychoanalytic Frameworks",10.5281/zenodo.19446778,10.5281/zenodo.19446779,19446779,180,179,56,56,180,179,56,56
2026-09-20,2026-09-20T07:30:58Z,papers/zfcrho55.html,"Damped Oscillation, the 70/30 Law, and the Positive-Tail Theorem",10.5281/zenodo.19447349,10.5281/zenodo.19447350,19447350,172,171,175,164,172,171,175,164
2026-09-20,2026-09-20T07:30:58Z,papers/sae-four-forces-VIII.html,"Strong CP and DD Levels: A Mirror No-Go, and the Boundary-Condition Status of θ̄",10.5281/zenodo.19450288,10.5281/zenodo.21856889,21856889,177,176,61,61,9,8,14,14
2026-09-20,2026-09-20T07:30:58Z,papers/sae-four-forces-finale.html,The Grammar of Force: Self-as-an-End Four Forces Series — Finale,10.5281/zenodo.19464378,10.5281/zenodo.19464447,19464447,200,198,73,72,187,185,57,56
2026-09-20,2026-09-20T07:30:58Z,papers/methodology6.html,Phase-Transition Windows and Experimental Design: The Systematic Mismatch Between Exposure Heterogeneity and Binary Analysis,10.5281/zenodo.19464506,10.5281/zenodo.19636548,19636548,218,214,113,111,162,160,54,54
2026-09-20,2026-09-20T07:30:58Z,papers/zfcrho56.html,"The Affine Trough Theorem, Direct Spectral Ratio, and the Spectral Closure Equation",10.5281/zenodo.19464605,10.5281/zenodo.19464606,19464606,173,173,83,78,173,173,83,78
2026-09-20,2026-09-20T07:30:58Z,papers/zfcrho57.html,The Screened Spectral Bound and the Block Mean Target,10.5281/zenodo.19469013,10.5281/zenodo.19469014,19469014,166,166,58,57,166,166,58,57
2026-09-20,2026-09-20T07:30:58Z,papers/sae-mass-series-I.html,The R₁ Closure Equation and the Conditional Extraction of α_em,10.5281/zenodo.19476358,10.5281/zenodo.19476359,19476359,172,171,73,72,172,171,73,72
2026-09-20,2026-09-20T07:30:58Z,papers/zfcrho58.html,Deterministic Spectral Target and BL_α via Cross-Product and Spectral Derivative,10.5281/zenodo.19476508,10.5281/zenodo.19476509,19476509,167,164,64,60,167,164,64,60
2026-09-20,2026-09-20T07:30:58Z,papers/zfcrho59.html,Spectral Ratio Boundedness and the Two-Conjecture Closure of H',10.5281/zenodo.19480518,10.5281/zenodo.19480519,19480519,174,171,66,64,174,171,66,64
2026-09-20,2026-09-20T07:30:58Z,papers/zfcrho60.html,Closure — From Formalization Produces Remainder to the Two-Conjecture Frontier of H',10.5281/zenodo.19480563,10.5281/zenodo.19480564,19480564,169,168,75,73,169,168,75,73
2026-09-20,2026-09-20T07:30:58Z,papers/sae-mass-series-II.html,DD Resolvent Object and Unified Readout of Physical Constants,10.5281/zenodo.19480790,10.5281/zenodo.19480791,19480791,176,174,74,73,176,174,74,73
2026-09-20,2026-09-20T07:30:58Z,papers/methodology7.html,Negative Methodology — Via Negativa and the Formal Structure of Exclusion Principles,10.5281/zenodo.19481304,10.5281/zenodo.19481305,19481305,191,190,58,57,191,190,58,57
2026-09-20,2026-09-20T07:30:58Z,papers/learning3.html,"Purpose-Driven Learning: Introduction to SAE Learning, Part Three (14DD)",10.5281/zenodo.19490707,10.5281/zenodo.19490708,19490708,178,174,60,55,178,174,60,55
2026-09-20,2026-09-20T07:30:58Z,papers/learning4.html,Learning to Recognize the Other's Purpose: The Bridge from 14DD to 15DD,10.5281/zenodo.19491926,10.5281/zenodo.19491927,19491927,168,167,69,69,168,167,69,69
2026-09-20,2026-09-20T07:30:58Z,papers/sae-biology-note-1.html,Phase Transition Window in Metabolic Oncology,10.5281/zenodo.19492773,10.5281/zenodo.19492774,19492774,174,172,76,72,174,172,76,72
2026-09-20,2026-09-20T07:30:58Z,papers/sae-mass-series-III.html,DD Structure of the Periodic Table: From Proton Mass to Stability Limits,10.5281/zenodo.19493938,10.5281/zenodo.19493939,19493939,171,169,58,57,171,169,58,57
2026-09-20,2026-09-20T07:30:58Z,papers/sae-biology-note-2.html,"The Same ""Cannot Speak,"" Three Fault Lines, Three Remedies",10.5281/zenodo.19499328,10.5281/zenodo.19499329,19499329,182,181,79,75,182,181,79,75
2026-09-20,2026-09-20T07:30:58Z,papers/sae-biology-note-3.html,"Drugs for Weight Loss, Psychoanalysis for Weight Gain",10.5281/zenodo.19501120,10.5281/zenodo.19501121,19501121,180,176,66,64,180,176,66,64
2026-09-20,2026-09-20T07:30:58Z,papers/sae-mass-series-IV.html,The DD Ladder of Stars: From Hydrogen to Iron to Collapse,10.5281/zenodo.19501306,10.5281/zenodo.21924984,21924984,195,193,64,62,11,10,4,4
2026-09-20,2026-09-20T07:30:58Z,papers/sae-mass-series-V.html,Four Bridges and Black Holes: From the Genesis of Force to the Silence of the Horizon,10.5281/zenodo.19501532,10.5281/zenodo.21925043,21925043,194,191,72,72,16,13,15,15
2026-09-20,2026-09-20T07:30:58Z,papers/sae-epistemology-1.html,Must-Cognize: Four A Priori Conditions of Cognition and the Subjectivity Problem in AGI,10.5281/zenodo.19502952,10.5281/zenodo.19502953,19502953,199,196,84,81,199,196,84,81
2026-09-20,2026-09-20T07:30:58Z,papers/sae-epistemology-2.html,Must-Cognize-More: The Prior Wall and the Direction Problem of Lossy Compression,10.5281/zenodo.19503017,10.5281/zenodo.19503018,19503018,192,191,62,61,192,191,62,61
2026-09-20,2026-09-20T07:30:58Z,papers/sae-epistemology-3.html,Must-Have-Cognitive-Direction: The Direction Wall and the Flywheel's Dead End,10.5281/zenodo.19503096,10.5281/zenodo.19503097,19503097,182,181,80,77,182,181,80,77
2026-09-20,2026-09-20T07:30:58Z,papers/sae-epistemology-4.html,"Must-Be-Questioned: Remainder Never Dies, Questioning Never Stops, Development Never Ends",10.5281/zenodo.19503145,10.5281/zenodo.19503146,19503146,197,196,75,74,197,196,75,74
2026-09-20,2026-09-20T07:30:58Z,papers/sae-anthropology-prequel.html,The Cosmic Background of Anthropology,10.5281/zenodo.19503158,10.5281/zenodo.19503159,19503159,192,191,94,90,192,191,94,90
2026-09-20,2026-09-20T07:30:58Z,papers/sae-mass-series-convergence.html,The Nature of Information: E/c³ (V2),10.5281/zenodo.19510868,10.5281/zenodo.20176738,20176738,202,200,73,71,129,127,42,41
2026-09-20,2026-09-20T07:30:58Z,papers/zfcrho-thermo2.html,Microscopic Mechanism of the Fluctuation Absorption Rate η: From Per-Layer Innovation to Damped Oscillation,10.5281/zenodo.19511064,10.5281/zenodo.19511065,19511065,172,170,68,65,172,170,68,65
2026-09-20,2026-09-20T07:30:58Z,papers/sae-life-death-6.html,From Remainder Conservation to Step-3 Encoding Waves,10.5281/zenodo.19528780,10.5281/zenodo.19548394,19548394,194,193,109,108,31,30,39,39
2026-09-20,2026-09-20T07:30:58Z,papers/sae-anthropology-1.html,The Emergence of 13DD: A Phase-Transition Structure of What Makes Us Human,10.5281/zenodo.19531333,10.5281/zenodo.19565517,19565517,205,199,76,69,36,30,21,20
2026-09-20,2026-09-20T07:30:58Z,papers/sae-negativa.html,非 · Negativa: On Negation Prior to Being,10.5281/zenodo.19544619,10.5281/zenodo.19544620,19544620,201,197,89,86,201,197,89,86
2026-09-20,2026-09-20T07:30:58Z,papers/sae-anthropology-2.html,The Emergence of 14DD: Phase-Transition Structure from Individual Purpose to Shared Purpose,10.5281/zenodo.19546081,10.5281/zenodo.19546082,19546082,162,160,76,69,162,160,76,69
2026-09-20,2026-09-20T07:30:58Z,papers/sae-law-1.html,One's Law Meets One's Law: The Structural Origin of Law from 14DD Showdown,10.5281/zenodo.19548237,10.5281/zenodo.19548238,19548238,166,164,55,51,166,164,55,51
2026-09-20,2026-09-20T07:30:58Z,papers/sae-law-2.html,Group Law — From Emotion to Shared Identity: The Institutionalization of Questioning,10.5281/zenodo.19548318,10.5281/zenodo.19548319,19548319,162,161,53,51,162,161,53,51
2026-09-20,2026-09-20T07:30:58Z,papers/sae-law-3.html,National Law — Azeroth: A Negative Thought Experiment on the Structural Necessity of Law,10.5281/zenodo.19548596,10.5281/zenodo.19548597,19548597,162,160,53,52,162,160,53,52
2026-09-20,2026-09-20T07:30:58Z,papers/sae-law-4.html,Interstellar Law and Grand Closure — The Recession of Coercive Law,10.5281/zenodo.19549018,10.5281/zenodo.19549019,19549019,170,168,57,57,170,168,57,57
2026-09-20,2026-09-20T07:30:58Z,papers/sae-law-supplement.html,A Posterior Dialogue with Western Jurisprudence,10.5281/zenodo.19551526,10.5281/zenodo.22654821,22654821,162,159,56,55,4,2,1,1
2026-09-20,2026-09-20T07:30:58Z,papers/sae-anthropology-3.html,"15DD: The Emergence of ""Humanity as an End""",10.5281/zenodo.19559566,10.5281/zenodo.19565975,19565975,195,190,113,104,23,22,36,36
2026-09-20,2026-09-20T07:30:58Z,papers/sae-anthropology-4.html,The Emergence of Earth Civilization's Self,10.5281/zenodo.19563244,10.5281/zenodo.19563245,19563245,163,160,47,46,163,160,47,46
2026-09-20,2026-09-20T07:30:58Z,papers/sae-methodology-8.html,The Methodology of Human–AI Symbiosis,10.5281/zenodo.19581537,10.5281/zenodo.19581538,19581538,242,235,98,88,242,235,98,88
2026-09-20,2026-09-20T07:30:58Z,papers/sae-llm-alignment.html,The Subject Condition in LLM Alignment Evaluation: An Application of the Prior-Posterior Methodology,10.5281/zenodo.19583413,10.5281/zenodo.19583414,19583414,200,198,78,71,200,198,78,71
2026-09-20,2026-09-20T07:30:58Z,papers/sae-biology-note-4.html,Transplant Rejection and Consciousness-Mediated Regulation,10.5281/zenodo.19588656,10.5281/zenodo.19588657,19588657,179,177,63,61,179,177,63,61
2026-09-20,2026-09-20T07:30:58Z,papers/sae-biology-note-5.html,The Phase-Transition Window in Depression,10.5281/zenodo.19589573,10.5281/zenodo.19589574,19589574,164,161,66,65,164,161,66,65
2026-09-20,2026-09-20T07:30:58Z,papers/sae-biology-note-6.html,The A Priori Structure of the Midlife Crisis,10.5281/zenodo.19590561,10.5281/zenodo.19590562,19590562,180,177,68,65,180,177,68,65
2026-09-20,2026-09-20T07:30:58Z,papers/zfcrho-thermo3.html,ZFCρ Thermodynamics Paper III: Canonical f/r Extraction and Regime Classification of the Fluctuation Absorption Rate η,10.5281/zenodo.19597684,10.5281/zenodo.19597685,19597685,178,174,94,86,178,174,94,86
2026-09-20,2026-09-20T07:30:58Z,papers/sae-biology-note-7.html,Dissociative Identity and the Dissociation Spectrum,10.5281/zenodo.19600029,10.5281/zenodo.19600030,19600030,183,182,91,86,183,182,91,86
2026-09-20,2026-09-20T07:30:58Z,papers/zfcrho-thermo4.html,ZFCρ Thermodynamics Paper IV: Toward a First-Principles Derivation of the Tsallis q Parameter,10.5281/zenodo.19605664,10.5281/zenodo.19605665,19605665,172,169,77,73,172,169,77,73
2026-09-20,2026-09-20T07:30:58Z,papers/zfcrho61.html,ZFCρ Paper LXI: A Conditional Reduction of the Spectral Derivative Bound,10.5281/zenodo.19605749,10.5281/zenodo.19605750,19605750,168,165,84,84,168,165,84,84
2026-09-20,2026-09-20T07:30:58Z,papers/sae-biology-note-8.html,ADHD and the AI Era: Configuration Release in the 14DD-Rich Type,10.5281/zenodo.19616407,10.5281/zenodo.19616408,19616408,184,182,55,55,184,182,55,55
2026-09-20,2026-09-20T07:30:58Z,papers/sae-dialogues-01.html,SAE Dialogues · Da Zhi Asks Zi Lu · Volume One: From Telomerase to Before 0DD,10.5281/zenodo.19617070,10.5281/zenodo.19617071,19617071,179,177,61,61,179,177,61,61
2026-09-20,2026-09-20T07:30:58Z,papers/sae-biology-note-9.html,SAE Biology Note 9: The Memory System as a Method VI Phase Transition,10.5281/zenodo.19635021,10.5281/zenodo.19635022,19635022,177,174,110,98,177,174,110,98
2026-09-20,2026-09-20T07:30:58Z,papers/sae-methodology-9.html,SAE Methodology IX: A Framework for Analyzing Consciousness,10.5281/zenodo.19639033,10.5281/zenodo.19639034,19639034,176,175,71,70,176,175,71,70
2026-09-20,2026-09-20T07:30:58Z,papers/zfcrho-thermo5.html,ZFCρ Thermodynamics Paper V: The Channel-Normalized Winding Ratio,10.5281/zenodo.19649780,10.5281/zenodo.19649781,19649781,176,175,72,72,176,175,72,72
2026-09-20,2026-09-20T07:30:58Z,papers/sae-biology-note-10.html,SAE Biology Note 10: Anesthesia as Controlled Suppression of 13DD Fine-Layers,10.5281/zenodo.19650533,10.5281/zenodo.19650534,19650534,173,169,75,70,173,169,75,70
2026-09-20,2026-09-20T07:30:58Z,papers/zfcrho62.html,ZFCρ Paper LXII: Two-River Synchronization and the Precise Restatement of Spectral Ratio Boundedness — From P+R Decomposition to Conjecture 59.1,10.5281/zenodo.19656365,10.5281/zenodo.19656366,19656366,151,149,55,55,151,149,55,55
2026-09-20,2026-09-20T07:30:58Z,papers/sae-war-treatise.html,SAE War Treatise: How Cultivation Is Not Swallowed by War Itself,10.5281/zenodo.19656617,10.5281/zenodo.19656618,19656618,163,162,83,82,163,162,83,82
2026-09-20,2026-09-20T07:30:58Z,papers/sae-methodology-00.html,Methodology 00 Via Rho: The Way of the Remainder,10.5281/zenodo.19657439,10.5281/zenodo.19657440,19657440,169,166,73,72,169,166,73,72
2026-09-20,2026-09-20T07:30:58Z,papers/zfcrho-thermo6.html,"ZFCρ Thermodynamics Paper VI: Causal Correlation Volume, Tail-Active Multiplicative Coupling, and the Conditional Derivation of the Channel-Normalized Winding Ratio",10.5281/zenodo.19658595,10.5281/zenodo.19658596,19658596,143,142,43,43,143,142,43,43
2026-09-20,2026-09-20T07:30:58Z,papers/zfcrho63.html,ZFCρ Paper LXIII: Increment Second-Order Orthogonality and the SAE Axiom Intersection — From Deterministic Pairing to Zero-Mode Pinning,10.5281/zenodo.19659860,10.5281/zenodo.19659861,19659861,159,156,86,82,159,156,86,82
2026-09-20,2026-09-20T07:30:58Z,papers/sae-ai-quasi-subjectivity.html,SAE AI Paper II: Quasi-Subjectivity as Memory Architecture — A Six-Layer Framework from Perception to Purpose,10.5281/zenodo.19671870,10.5281/zenodo.19673710,19673710,172,170,68,67,154,152,54,53
2026-09-20,2026-09-20T07:30:58Z,papers/zfcrho-thermo7.html,"ZFCρ Thermodynamics Paper VII: Finite Causal Slots, Renewal Encapsulation, and the Operational Origin of Hierarchical Non-Boltzmann Kernels",10.5281/zenodo.19673078,10.5281/zenodo.19673079,19673079,160,159,58,58,160,159,58,58
2026-09-20,2026-09-20T07:30:58Z,papers/zfcrho64.html,"ZFCρ Paper LXIV: Two-Dimensional Anatomy of the Remainder Measure — Branch-Orthogonality, Free-Boundary Profiles, and Surrogate Layering",10.5281/zenodo.19674521,10.5281/zenodo.19674522,19674522,154,152,44,44,154,152,44,44
2026-09-20,2026-09-20T07:30:58Z,papers/zfcrho65.html,ZFCρ Paper LXV: Branch Centering and the Spectral Route — From False Mean Modes to the Conditional Ψ = O(j) Architecture,10.5281/zenodo.19687343,10.5281/zenodo.19687344,19687344,151,149,57,57,151,149,57,57
2026-09-20,2026-09-20T07:30:58Z,papers/zfcrho-thermo8.html,"ZFCρ Thermodynamics Paper VIII: Copying Fidelity, Renewal Retention, and the Thermodynamic Division of Labor across Biological DD Layers",10.5281/zenodo.19688303,10.5281/zenodo.19688304,19688304,161,160,61,61,161,160,61,61
2026-09-20,2026-09-20T07:30:58Z,papers/sae-tevah-app1.html,The Physical Referent of Tevah: A Via Negativa Application in Mythology,10.5281/zenodo.19692086,10.5281/zenodo.19692087,19692087,149,149,66,62,149,149,66,62
2026-09-20,2026-09-20T07:30:58Z,papers/zfcrho-thermo9.html,"ZFCρ Thermodynamics Paper IX: The Universal Activation Rule, Borrowed q, and Thermodynamic Principles of Hierarchical Architecture",10.5281/zenodo.19699488,10.5281/zenodo.19699489,19699489,150,147,47,46,150,147,47,46
2026-09-20,2026-09-20T07:30:58Z,papers/zfcrho66.html,ZFCρ Paper LXVI: Gradual Chiseling and the Spectral Bridge — Two-Regime Structure of the Centered Residual ACF,10.5281/zenodo.19701479,10.5281/zenodo.19701480,19701480,152,151,50,50,152,151,50,50
2026-09-20,2026-09-20T07:30:58Z,papers/zfcrho-thermo10.html,ZFCρ Thermodynamics Paper X (Closing Paper): Self-Reference as Channel Creator and Cross-Level Observation Hierarchy,10.5281/zenodo.19703273,10.5281/zenodo.19703274,19703274,154,152,50,50,154,152,50,50
2026-09-20,2026-09-20T07:30:58Z,papers/zfcrho67.html,ZFCρ Paper LXVII: Scale-Dependent Erosion Rate and the Intrinsic Spectral Bridge — Discovery of the C_eff Trajectory,10.5281/zenodo.19705713,10.5281/zenodo.19705714,19705714,133,132,47,47,133,132,47,47
2026-09-20,2026-09-20T07:30:58Z,papers/sae-categorical-faith.html,Categorical Faith: A Sentence-Form Theory of One's Own Faith in SAE,10.5281/zenodo.19719083,10.5281/zenodo.19724409,19724409,164,163,100,96,150,149,68,66
2026-09-20,2026-09-20T07:30:58Z,papers/zfcrho68.html,"ZFCρ Paper LXVIII: The {2,3}-Skeleton and the Minimum Crossing Mechanism — From 18 Kills to the Irreducibility of the Discrete",10.5281/zenodo.19739810,10.5281/zenodo.19739811,19739811,143,142,75,75,143,142,75,75
2026-09-20,2026-09-20T07:30:58Z,papers/sae-info-theory-1.html,SAE Information Theory I: The 4DD Ontology of Information and a Single Foundational Axiom,10.5281/zenodo.19740019,10.5281/zenodo.19740020,19740020,167,165,70,70,167,165,70,70
2026-09-20,2026-09-20T07:30:58Z,papers/sae-reason-cannot-not.html,Reason Cannot Not: An SAE Refinement of Kant's Four Formulations of the Categorical Imperative,10.5281/zenodo.19751512,10.5281/zenodo.19751513,19751513,155,154,59,59,155,154,59,59
2026-09-20,2026-09-20T07:30:58Z,papers/sae-four-forces-0.html,"Four Forces Paper 0: Gravity Is Not a Force, It Is Information Reading — A Reading-Mechanism Ontology for 4DD Interactions",10.5281/zenodo.19777880,10.5281/zenodo.19777881,19777881,185,183,71,67,185,183,71,67
2026-09-20,2026-09-20T07:30:58Z,papers/sae-info-theory-2.html,SAE Information Theory II: A Structural Derivation of Landauer's Principle within the SAE Framework — Three Pillars and Their Open Problems,10.5281/zenodo.19780314,10.5281/zenodo.19780315,19780315,150,148,69,69,150,148,69,69
2026-09-20,2026-09-20T07:30:58Z,papers/zfcrho69.html,ZFCρ H&#x2019; Series Paper LXIX: Finite Skeleton Phase Transitions and the Two-Leg Mechanism for Conjecture 59.1,10.5281/zenodo.19783658,10.5281/zenodo.19829875,19829875,169,168,119,118,154,153,45,44
2026-09-20,2026-09-20T07:30:58Z,papers/sae-info-theory-3.html,SAE Information Theory III: The Causal Slot of Information — A 4DD Ontology from Quantum Fluctuation to Thermal-Floor Minimum,10.5281/zenodo.19797456,10.5281/zenodo.19797457,19797457,145,144,67,67,145,144,67,67
2026-09-20,2026-09-20T07:30:58Z,papers/sae-grav-time-dilation.html,Gravitational Time Dilation in the SAE Framework: Causal Cell Throughput Derivation,10.5281/zenodo.19836183,10.5281/zenodo.19836185,19836185,154,152,39,39,154,152,39,39
2026-09-20,2026-09-20T07:30:58Z,papers/sae-info-theory-4.html,SAE Information Theory IV: Black Hole Information through the Causal Spectrum — The SAE-BH Correspondence,10.5281/zenodo.19880111,10.5281/zenodo.19880112,19880112,157,155,68,64,157,155,68,64
2026-09-20,2026-09-20T07:30:58Z,papers/sae-relativity-p2.html,Ontological Unification of Motion and Gravitational Effects: Effective Inertia under Causal-Slot Geometry,10.5281/zenodo.19910545,10.5281/zenodo.19910546,19910546,139,137,67,59,139,137,67,59
2026-09-20,2026-09-20T07:30:58Z,papers/sae-info-theory-5.html,SAE Information Theory V: The Ontological Structure of Broadcasting and Reception,10.5281/zenodo.19968503,10.5281/zenodo.19968504,19968504,139,137,47,47,139,137,47,47
2026-09-20,2026-09-20T07:30:58Z,papers/sae-long-tau-consensus.html,The Four-Phase Structure and Asymmetric Geometry of Long-τ Consensus,10.5281/zenodo.19984902,10.5281/zenodo.19984903,19984903,126,125,44,44,126,125,44,44
2026-09-20,2026-09-20T07:30:58Z,papers/zfcrho70.html,ZFCρ Paper LXX: The Block-Wise Effective Skeleton — A Reduction of Conjecture 59.1,10.5281/zenodo.19985154,10.5281/zenodo.19985155,19985155,138,136,48,47,138,136,48,47
2026-09-20,2026-09-20T07:30:58Z,papers/sae-relativity-p3.html,SAE Relativity P3: Functional Form of Static Effective Dimensionality under Causal-Slot Geometry,10.5281/zenodo.19992252,10.5281/zenodo.19992253,19992253,135,134,68,63,135,134,68,63
2026-09-20,2026-09-20T07:30:58Z,papers/sae-moral-law-1.html,SAE Moral Law Series · Paper 1: Four Foundational Theorems of the Moral Law · Dao,10.5281/zenodo.20011018,10.5281/zenodo.20011019,20011019,150,148,60,60,150,148,60,60
2026-09-20,2026-09-20T07:30:58Z,papers/zfcrho71.html,ZFCρ Paper LXXI: Linear Signed Abel Budget and the Saturated Zero-Mode Target,10.5281/zenodo.20011553,10.5281/zenodo.20020573,20020573,148,147,85,81,135,134,60,58
2026-09-20,2026-09-20T07:30:58Z,papers/sae-moral-law-2.html,"SAE Moral Law Series · Paper 2: Introspective Fairness, Justice, and Equality · Dao",10.5281/zenodo.20020396,10.5281/zenodo.20020397,20020397,153,149,52,49,153,149,52,49
2026-09-20,2026-09-20T07:30:58Z,papers/zfcrho72.html,ZFCρ Paper LXXII: Spectral Bridge Front II — Positive-Lobe Scaling and Front Residual Locking,10.5281/zenodo.20029941,10.5281/zenodo.20029942,20029942,146,141,44,44,146,141,44,44
2026-09-20,2026-09-20T07:30:58Z,papers/sae-moral-law-3.html,SAE Moral Law Series · Paper 3: The Reputation Economy · Dao,10.5281/zenodo.20046168,10.5281/zenodo.20046169,20046169,161,160,115,108,161,160,115,108
2026-09-20,2026-09-20T07:30:58Z,papers/sae-info-theory-6.html,SAE Information Theory VI: Gravitational Wave Dynamics — The Dynamic Articulation of 4DD Broadcast,10.5281/zenodo.20066644,10.5281/zenodo.20066645,20066645,132,131,63,62,132,131,63,62
2026-09-20,2026-09-20T07:30:58Z,papers/sae-form-flow-p1.html,Form and Flow P1 — On the Hypotheses Which Lie at the Foundations of Geometry (Part II): A Contemporary Continuation of Riemann's Methodology and the Recognition of Geometric Remainders,10.5281/zenodo.20066985,10.5281/zenodo.20066986,20066986,149,147,55,52,149,147,55,52
2026-09-20,2026-09-20T07:30:58Z,papers/sae-moral-law-4.html,SAE Moral Law Series · Paper 4: Procedure of the Moral Court · Dao,10.5281/zenodo.20066987,10.5281/zenodo.22683110,22683110,153,152,55,53,7,6,3,3
2026-09-20,2026-09-20T07:30:58Z,papers/sae-relativity-p4.html,"SAE Relativity P4: Anisotropic Cell Tensor, the Third Path to Lorentz Transformation, the Clock Postulate as a Recovered Theorem, and the Ontological Identity of Einstein's Field Equation",10.5281/zenodo.20079718,10.5281/zenodo.20079719,20079719,138,135,63,62,138,135,63,62
2026-09-20,2026-09-20T07:30:58Z,papers/sae-moral-law-5.html,SAE Moral Law Series · Paper 5: Positive-Sum — The Ontological Ground of 15DD Mutual Chiseling,10.5281/zenodo.20081078,10.5281/zenodo.20081079,20081079,156,153,74,70,156,153,74,70
2026-09-20,2026-09-20T07:30:58Z,papers/zfcrho73.html,"ZFCρ Paper LXXIII: Antisymmetric Ward Lift, Uniform Readout Kernel, and the Abel-Transfer Defect — A Four-Layer Mechanism Architecture for the Gap-Class Cross-Interference Structure",10.5281/zenodo.20081779,10.5281/zenodo.20081780,20081780,130,129,58,55,130,129,58,55
2026-09-20,2026-09-20T07:30:58Z,papers/sae-relativity-p5.html,SAE Relativity V: The Schwarzschild Horizon under SAE — Cell Substrate Articulation of the Static Spherically Symmetric Vacuum Geometry,10.5281/zenodo.20105112,10.5281/zenodo.20105113,20105113,136,135,52,51,136,135,52,51
2026-09-20,2026-09-20T07:30:58Z,papers/sae-info-theory-7.html,SAE Information Theory P7: The Spark of Life — Remainder Unfolding as Causal-Slot Emergence,10.5281/zenodo.20105883,10.5281/zenodo.20105884,20105884,160,154,62,58,160,154,62,58
2026-09-20,2026-09-20T07:30:58Z,papers/sae-moral-law-6.html,SAE Moral Law Series · Paper 6: Mixed Reality — The Intermediate State of 14DD Growing toward 15DD,10.5281/zenodo.20108658,10.5281/zenodo.20108659,20108659,150,149,65,59,150,149,65,59
2026-09-20,2026-09-20T07:30:58Z,papers/sae-remainder-jing.html,Remainder Jing,10.5281/zenodo.20114648,10.5281/zenodo.20114649,20114649,142,140,41,41,142,140,41,41
2026-09-20,2026-09-20T07:30:58Z,papers/sae-daodejing-1.html,Commentary on the Daodejing: The Junzi Is Not a Vessel — I (Chapters 1–9),10.5281/zenodo.20116124,10.5281/zenodo.22775664,22775664,219,211,23,19,51,50,7,6
2026-09-20,2026-09-20T07:30:58Z,papers/sae-daodejing-2.html,Commentary on the Daodejing: The Junzi Is Not a Vessel — II (Chapters 10–18),10.5281/zenodo.20116288,10.5281/zenodo.22775719,22775719,145,142,13,13,1,1,3,3
2026-09-20,2026-09-20T07:30:58Z,papers/sae-daodejing-3.html,Commentary on the Daodejing: The Junzi Is Not a Vessel — III (Chapters 19–27),10.5281/zenodo.20117250,10.5281/zenodo.22775728,22775728,150,148,21,20,1,1,3,3
2026-09-20,2026-09-20T07:30:58Z,papers/sae-daodejing-4.html,Annotations on the Daodejing: The Junzi Is Not a Vessel — Paper 4 (Chapters 28–36),10.5281/zenodo.20127344,10.5281/zenodo.22775753,22775753,143,135,13,13,1,1,3,3
2026-09-20,2026-09-20T07:30:58Z,papers/sae-daodejing-5.html,Annotations on the Daodejing: The Junzi Is Not a Vessel — Paper 5 (Chapters 37–45),10.5281/zenodo.20129184,10.5281/zenodo.22775764,22775764,139,137,13,13,3,3,5,5
2026-09-20,2026-09-20T07:30:58Z,papers/sae-daodejing-6.html,Annotations on the Daodejing: The Junzi Is Not a Vessel — Paper 6 (Chapters 46–54),10.5281/zenodo.20131002,10.5281/zenodo.22775829,22775829,156,149,43,43,4,4,4,4
2026-09-20,2026-09-20T07:30:58Z,papers/sae-daodejing-7.html,Commentary on the Daodejing: The Junzi Is Not an Instrument — Volume 7 (Chapters 55–63),10.5281/zenodo.20131989,10.5281/zenodo.22775864,22775864,150,147,21,21,1,1,6,6
2026-09-20,2026-09-20T07:30:58Z,papers/sae-relativity-p6.html,"SAE Relativity Series, Paper P6: The Kerr Black Hole under SAE — Helical Closure of the Axisymmetric Vacuum Geometry",10.5281/zenodo.20131992,10.5281/zenodo.20131993,20131993,124,123,49,49,124,123,49,49
2026-09-20,2026-09-20T07:30:58Z,papers/sae-daodejing-8.html,Commentary on the Daodejing: Junzi-Bu-Qi — Volume 8 (Chapters 64–72),10.5281/zenodo.20133829,10.5281/zenodo.22775890,22775890,162,154,21,21,1,1,5,5
2026-09-20,2026-09-20T07:30:58Z,papers/sae-daodejing-9.html,"Commentary on the Daodejing: Junzi-Bu-Qi — Volume 9, Final Volume (Chapters 73–81)",10.5281/zenodo.20145192,10.5281/zenodo.22775905,22775905,130,127,17,16,2,2,5,5
2026-09-20,2026-09-20T07:30:58Z,papers/sae-info-theory-8.html,SAE Information Theory P8 — The Spark on the Bridge: Minimum Autocatalytic Set as Bridge Measure Between 4DD and 5DD,10.5281/zenodo.20149210,10.5281/zenodo.20149211,20149211,129,128,59,56,129,128,59,56
2026-09-20,2026-09-20T07:30:58Z,papers/sae-relativity-p7.html,SAE Relativity Series P7: The Three-Tier Equivalence Principle under SAE,10.5281/zenodo.20153787,10.5281/zenodo.20153788,20153788,139,136,45,44,139,136,45,44
2026-09-20,2026-09-20T07:30:58Z,papers/sae-math-p1.html,The Architecture of SAE Mathematics: A Layer Articulation Schema and the Twofold Inexhaustibility of Mathematics and Its Frameworks,10.5281/zenodo.20153791,10.5281/zenodo.21551299,21551299,135,132,42,41,19,18,11,11
2026-09-20,2026-09-20T07:30:58Z,papers/sae-moral-law-7.html,SAE Moral Law Series · Paper 7: 15DD Phase Transition and the Historical Manifestation of Individual 15DD,10.5281/zenodo.20177415,10.5281/zenodo.20177416,20177416,135,134,52,50,135,134,52,50
2026-09-20,2026-09-20T07:30:58Z,papers/sae-methodology-10.html,Methodology Ten: The Four-fold Pattern (V2),10.5281/zenodo.20187591,10.5281/zenodo.21198739,21198739,136,135,45,45,43,42,17,17
2026-09-20,2026-09-20T07:30:58Z,papers/sae-math-p2.html,SAE Mathematics Paper 2: L₀ Mathematicality — Inevitability and Multi-Path Realisation,10.5281/zenodo.20199082,10.5281/zenodo.20199083,20199083,126,125,53,51,126,125,53,51
2026-09-20,2026-09-20T07:30:58Z,papers/sae-moral-law-8.html,SAE Moral Law Series · Paper 8: Collective 15DD and the Four-Stage Evolution of Community Form,10.5281/zenodo.20218248,10.5281/zenodo.20218249,20218249,131,130,42,40,131,130,42,40
2026-09-20,2026-09-20T07:30:58Z,papers/sae-info-theory-9.html,SAE Information Theory IX: The H–I Floor Mapping and the 5DD Macro Bit,10.5281/zenodo.20225439,10.5281/zenodo.20225440,20225440,116,115,34,34,116,115,34,34
2026-09-20,2026-09-20T07:30:58Z,papers/sae-qm-p1.html,SAE Quantum Mechanics P1: The Pre-Closure Ontology,10.5281/zenodo.20252029,10.5281/zenodo.20252030,20252030,126,126,38,37,126,126,38,37
2026-09-20,2026-09-20T07:30:58Z,papers/sae-moral-law-9.html,SAE Moral Law Series · Paper 9: The Institutional Architecture of Mixed Reality,10.5281/zenodo.20262737,10.5281/zenodo.20262738,20262738,119,118,37,36,119,118,37,36
2026-09-20,2026-09-20T07:30:58Z,papers/sae-math-p3.html,SAE Mathematics Paper 3: Finite Algebraic Articulation of the Quantitative Dimension L₁,10.5281/zenodo.20266351,10.5281/zenodo.20266352,20266352,123,121,47,46,123,121,47,46
2026-09-20,2026-09-20T07:30:58Z,papers/sae-qm-p2.html,SAE Quantum Mechanics P2: Complex Amplitude as the Carrier of the Pre-Closure ρ-OR Realm,10.5281/zenodo.20277037,10.5281/zenodo.20277038,20277038,122,119,50,48,122,119,50,48
2026-09-20,2026-09-20T07:30:58Z,papers/sae-moral-law-0.html,SAE Moral Law Series · Paper 0: The Way of the Legislative Subject,10.5281/zenodo.20298413,10.5281/zenodo.20298414,20298414,125,124,46,46,125,124,46,46
2026-09-20,2026-09-20T07:30:58Z,papers/sae-info-theory-10.html,SAE Information Theory X: 6D Information Processing and Productive Randomness,10.5281/zenodo.20298530,10.5281/zenodo.20298531,20298531,114,111,45,40,114,111,45,40
2026-09-20,2026-09-20T07:30:58Z,papers/sae-qm-p3.html,SAE QM Paper 3: ℏ as the L₁↔L₂ Symplectic-Conjugation Closure Signature of the SAE Physical-Quantity Ladder,10.5281/zenodo.20340595,10.5281/zenodo.20340596,20340596,112,110,44,44,112,110,44,44
2026-09-20,2026-09-20T07:30:58Z,papers/sae-power-prequel.html,SAE Power Series · Prequel: What Power Is Not · Shi,10.5281/zenodo.20368866,10.5281/zenodo.20384114,20384114,133,131,62,56,116,114,37,34
2026-09-20,2026-09-20T07:30:58Z,papers/sae-qm-p4.html,SAE QM Paper 4: Quantum Tunneling as Density Modulation of Pre-closure ρ-OR Multiplicity in 3DD-active Barrier Regions,10.5281/zenodo.20369138,10.5281/zenodo.20369139,20369139,113,111,53,50,113,111,53,50
2026-09-20,2026-09-20T07:30:58Z,papers/sae-info-theory-11.html,SAE Information Theory XI: 7D Information Processing and Phenomenal Admission,10.5281/zenodo.20369231,10.5281/zenodo.20369232,20369232,124,122,55,51,124,122,55,51
2026-09-20,2026-09-20T07:30:58Z,papers/sae-power-1.html,SAE Power Series · Paper 1: On the Origin of Power · Shi,10.5281/zenodo.20370224,10.5281/zenodo.20384187,20384187,123,121,41,40,105,104,29,29
2026-09-20,2026-09-20T07:30:58Z,papers/untangling-zhuangzi.html,Untangling Zhuangzi · Forgetting in the Rivers and Lakes,10.5281/zenodo.20406836,10.5281/zenodo.20406837,20406837,129,126,38,37,129,126,38,37
2026-09-20,2026-09-20T07:30:58Z,papers/sae-llm-emergence.html,"How LLM Emergence Is Possible: SAE 16DD Ontology, BLR-mini Evidence, and the Non-Transferability of Human Subjectivity",10.5281/zenodo.20435628,10.5281/zenodo.20435629,20435629,111,110,63,55,111,110,63,55
2026-09-20,2026-09-20T07:30:58Z,papers/sae-power-2.html,SAE Power Series · Paper 2: On the Morphology of Power · Shi,10.5281/zenodo.20455221,10.5281/zenodo.20455222,20455222,113,108,43,39,113,108,43,39
2026-09-20,2026-09-20T07:30:58Z,papers/sae-qm-p5.html,SAE QM Paper 5: Self-as-an-End Ontological Articulation of Quantum Entanglement,10.5281/zenodo.20455398,10.5281/zenodo.20455399,20455399,113,110,39,36,113,110,39,36
2026-09-20,2026-09-20T07:30:58Z,papers/sae-qm-p6.html,SAE QM Paper 6: The Born Rule as the Algebraic Projection of Closure,10.5281/zenodo.20479658,10.5281/zenodo.20479659,20479659,107,106,41,41,107,106,41,41
2026-09-20,2026-09-20T07:30:58Z,papers/sae-power-3.html,SAE Power Series · Paper 3: On the Recognition of Power · Shi,10.5281/zenodo.20480134,10.5281/zenodo.20480135,20480135,106,105,37,33,106,105,37,33
2026-09-20,2026-09-20T07:30:58Z,papers/sae-info-theory-12.html,SAE Information Theory XII: 11DD Memory and 12DD Prediction — The 8D Information Architecture,10.5281/zenodo.20480742,10.5281/zenodo.20480743,20480743,110,106,47,45,110,106,47,45
2026-09-20,2026-09-20T07:30:58Z,papers/sae-power-4.html,SAE Power Series · Paper 4: On the Limit of Power · Shi,10.5281/zenodo.20532998,10.5281/zenodo.20532999,20532999,92,91,32,31,92,91,32,31
2026-09-20,2026-09-20T07:30:58Z,papers/sae-qm-p7.html,Measurement: Forced Slot-Crossing and the Ontological Identity of the 4DD ρ-AND Closure Event,10.5281/zenodo.20533295,10.5281/zenodo.20533296,20533296,94,93,24,24,94,93,24,24
2026-09-20,2026-09-20T07:30:58Z,papers/sae-info-theory-13.html,"SAE Information Theory XIII: 9D Information, the Processing at 13DD and the Unalterability of 14DD",10.5281/zenodo.20533431,10.5281/zenodo.20533432,20533432,96,94,29,28,96,94,29,28
2026-09-20,2026-09-20T07:30:58Z,papers/untangling-zhuangzi-outer-1.html,"Untangling Zhuangzi · Outer Chapters, Volume I (Exposition)",10.5281/zenodo.20578136,10.5281/zenodo.20578137,20578137,106,105,49,46,106,105,49,46
2026-09-20,2026-09-20T07:30:58Z,papers/sae-buddhist-1.html,SAE Buddhist Interface Series I: The Ālayavijñāna–Seed System and the 15DD Four-fold Pattern,10.5281/zenodo.20579131,10.5281/zenodo.20579132,20579132,83,81,14,13,83,81,14,13
2026-09-20,2026-09-20T07:30:58Z,papers/untangling-zhuangzi-outer-2.html,"Untangling Zhuangzi · Outer Chapters, Volume II (Rectification)",10.5281/zenodo.20579135,10.5281/zenodo.20579136,20579136,93,91,21,20,93,91,21,20
2026-09-20,2026-09-20T07:30:58Z,papers/sae-info-theory-14.html,"SAE Information Theory XIV (Closing Paper): 15DD Information, the Other as an End",10.5281/zenodo.20581957,10.5281/zenodo.20581958,20581958,101,99,35,34,101,99,35,34
2026-09-20,2026-09-20T07:30:58Z,papers/sae-power-5.html,SAE Power Theory Series · Paper 5: On the Development of Power · Shi,10.5281/zenodo.20582210,10.5281/zenodo.20582211,20582211,109,107,46,41,109,107,46,41
2026-09-20,2026-09-20T07:30:58Z,papers/sae-qm-p8.html,Decoherence and the Emergence of the Classical,10.5281/zenodo.20587634,10.5281/zenodo.20587635,20587635,89,88,20,20,89,88,20,20
2026-09-20,2026-09-20T07:30:58Z,papers/sae-qm-p9.html,Pre-Closure Field Distribution: An Ontology of Quantum Field Theory and Its Interface with the Four Forces,10.5281/zenodo.20621492,10.5281/zenodo.20621493,20621493,80,79,18,18,80,79,18,18
2026-09-20,2026-09-20T07:30:58Z,papers/sae-buddhist-2.html,SAE Buddhist Interface Series II: The Chisel-Construct Cycle and Non-Abiding,10.5281/zenodo.20635734,10.5281/zenodo.20635735,20635735,82,81,23,21,82,81,23,21
2026-09-20,2026-09-20T07:30:58Z,papers/sae-power-6.html,SAE Power Theory Series · Paper 6: On the Severing of Power · Shi,10.5281/zenodo.20647463,10.5281/zenodo.20647464,20647464,79,77,22,20,79,77,22,20
2026-09-20,2026-09-20T07:30:58Z,papers/sae-power-7.html,SAE Power Theory Series · Paper 7: On the Dissolution of Power · Shi,10.5281/zenodo.20685290,10.5281/zenodo.20685291,20685291,77,72,10,10,77,72,10,10
2026-09-20,2026-09-20T07:30:58Z,papers/sae-power-0.html,SAE Power Theory Series · Paper 0: The Power Machine and Its Shi,10.5281/zenodo.20707047,10.5281/zenodo.20707048,20707048,80,72,18,18,80,72,18,18
2026-09-20,2026-09-20T07:30:58Z,papers/untangling-zhuangzi-miscellaneous.html,Untangling Zhuangzi · Miscellaneous Chapters,10.5281/zenodo.20708990,10.5281/zenodo.20708991,20708991,74,73,31,30,74,73,31,30
2026-09-20,2026-09-20T07:30:58Z,papers/sae-buddhist-3.html,Chisel and Emptiness: An Interface Analysis between Self-as-an-End and Madhyamaka / the Sanlun School,10.5281/zenodo.20724854,10.5281/zenodo.20724855,20724855,75,74,28,23,75,74,28,23
2026-09-20,2026-09-20T07:30:58Z,papers/sae-rights-prequel.html,What Rights Are Not,10.5281/zenodo.20726894,10.5281/zenodo.20768153,20768153,86,83,31,31,69,67,20,20
2026-09-20,2026-09-20T07:30:58Z,papers/sae-rights-1.html,On the Source and Spectrum of Rights,10.5281/zenodo.20743135,10.5281/zenodo.20768162,20768162,78,75,24,22,67,65,17,16
2026-09-20,2026-09-20T07:30:58Z,papers/sae-rights-2.html,On the Thickness and Boundary of Basic Rights,10.5281/zenodo.20769253,10.5281/zenodo.20769254,20769254,68,67,20,18,68,67,20,18
2026-09-20,2026-09-20T07:30:58Z,papers/sae-buddhist-4.html,Cultivation and the ‘Highest’: An Interface Analysis between Self-as-an-End and Tiantai Buddhism,10.5281/zenodo.20788850,10.5281/zenodo.20788851,20788851,43,42,14,14,43,42,14,14
2026-09-20,2026-09-20T07:30:58Z,papers/sae-blackhole-1.html,Area-Level Plateau and Self-Sufficient Window in a Frozen-Ledger Model,10.5281/zenodo.20913514,10.5281/zenodo.20913515,20913515,40,38,4,4,40,38,4,4
2026-09-20,2026-09-20T07:30:58Z,papers/sae-rights-3.html,The Constitution and Withdrawal of Recognition-Based Rights,10.5281/zenodo.20993658,10.5281/zenodo.20993659,20993659,41,39,18,16,41,39,18,16
2026-09-20,2026-09-20T07:30:58Z,papers/sae-qm-p10.html,The Continuum Limit and the Path Integral: The Emergence of Classical Mechanics,10.5281/zenodo.21041072,10.5281/zenodo.21041073,21041073,44,40,4,4,44,40,4,4
2026-09-20,2026-09-20T07:30:58Z,papers/sae-rights-4.html,The Interface and Transformation between Recognition-Based Rights and Power,10.5281/zenodo.21093939,10.5281/zenodo.21093940,21093940,42,41,9,9,42,41,9,9
2026-09-20,2026-09-20T07:30:58Z,papers/sae-buddhist-5.html,Mutual Interpenetration and Non-Doubt: An Interface Analysis between Self-as-an-End and Huayan Buddhism,10.5281/zenodo.21201035,10.5281/zenodo.21201036,21201036,41,40,14,12,41,40,14,12
2026-09-20,2026-09-20T07:30:58Z,papers/sae-rights-5.html,On the Limitation and Violation of Basic Rights,10.5281/zenodo.21212595,10.5281/zenodo.21212596,21212596,37,35,9,8,37,35,9,8
2026-09-20,2026-09-20T07:30:58Z,papers/sae-physics-1.html,Four-fold Nesting of the Physical-Quantity Ladder and a Placement Coordinate for Particles and Concepts,10.5281/zenodo.21227329,10.5281/zenodo.21909242,21909242,63,47,20,16,24,10,11,7
2026-09-20,2026-09-20T07:30:58Z,papers/sae-rights-6.html,On the Cultivation and Diachronic Unfolding of Rights,10.5281/zenodo.21252863,10.5281/zenodo.21252864,21252864,34,33,16,15,34,33,16,15
2026-09-20,2026-09-20T07:30:58Z,papers/sae-cosmo-6.html,An Aether-Scalar-Tensor Structure for the Dark Sector from Dual-4DD Breathing,10.5281/zenodo.21267555,10.5281/zenodo.21267556,21267556,44,39,42,42,44,39,42,42
2026-09-20,2026-09-20T07:30:58Z,papers/sae-buddhist-6.html,Other-Power and No Outer Force: An Interface Analysis between Self-as-an-End and Pure Land Buddhism,10.5281/zenodo.21275410,10.5281/zenodo.21275411,21275411,28,27,14,12,28,27,14,12
2026-09-20,2026-09-20T07:30:58Z,papers/sae-rights-0.html,On How Rights Presuppose No Duty,10.5281/zenodo.21285136,10.5281/zenodo.22655396,22655396,35,32,19,17,9,6,3,3
2026-09-20,2026-09-20T07:30:58Z,papers/sae-rights-special.html,On Rights and Entitlements,10.5281/zenodo.21314907,10.5281/zenodo.21314908,21314908,35,31,20,17,35,31,20,17
2026-09-20,2026-09-20T07:30:58Z,papers/sae-cosmo-0.html,One Complete Cosmic Breath,10.5281/zenodo.21319569,10.5281/zenodo.21928507,21928507,61,47,25,20,34,20,22,17
2026-09-20,2026-09-20T07:30:58Z,papers/sae-value-prequel.html,What Value Is Not,10.5281/zenodo.21362575,10.5281/zenodo.21362576,21362576,30,28,8,7,30,28,8,7
2026-09-20,2026-09-20T07:30:58Z,papers/sae-cosmo-7.html,"The Single-Metric Realization Problem for Dual-4DD: A No-Go Group, an Internal-Wedge Candidate, and a Transition-Surface Imprint",10.5281/zenodo.21393334,10.5281/zenodo.21393335,21393335,25,24,4,4,25,24,4,4
2026-09-20,2026-09-20T07:30:58Z,papers/sae-value-1.html,On the Source of Value,10.5281/zenodo.21405207,10.5281/zenodo.21843968,21843968,28,25,14,14,7,5,2,2
2026-09-20,2026-09-20T07:30:58Z,papers/sae-value-2.html,On the Occurrence and Recognition of Value,10.5281/zenodo.21437038,10.5281/zenodo.21437039,21437039,25,22,3,3,25,22,3,3
2026-09-20,2026-09-20T07:30:58Z,papers/sae-first-critique.html,SAE: The First Critique,10.5281/zenodo.21439120,10.5281/zenodo.21439121,21439121,27,26,11,11,27,26,11,11
2026-09-20,2026-09-20T07:30:58Z,papers/sae-math-p4.html,"Complexification as an Articulation of L₂: Covering Structure, the Regular Period Core, and the Irregular Boundary",10.5281/zenodo.21466721,10.5281/zenodo.21570794,21570794,40,36,13,12,23,21,12,11
2026-09-20,2026-09-20T07:30:58Z,papers/sae-blackhole-2.html,"Update Incompatibility in Discrete Black-Hole Interiors: Three-Domain Separation, Orbit Dichotomy, and the Bridge Gap in Radial-Potential Lifting",10.5281/zenodo.21499053,10.5281/zenodo.21499054,21499054,20,18,1,1,20,18,1,1
2026-09-20,2026-09-20T07:30:58Z,papers/sae-blackhole-3.html,"Exclusion of Uniform Strict Potentials and Stratified Monotonicity in Discrete Black-Hole Interiors: Refuting the Same-Shell Bridge, Nested Observation Kernels, and the Release-Order Fork",10.5281/zenodo.21521760,10.5281/zenodo.21521761,21521761,16,14,2,2,16,14,2,2
2026-09-20,2026-09-20T07:30:58Z,papers/sae-math-p5.html,"The Articulation of L₃: Formal Systems, Computability, and the Arithmetical Sets",10.5281/zenodo.21538494,10.5281/zenodo.21538495,21538495,7,5,14,11,7,5,14,11
2026-09-20,2026-09-20T07:30:58Z,papers/sae-blackhole-4.html,"Angular Transport in Discrete Black-Hole Interiors: Process Accounts, Spin-Order Lattices, and the Rigid-Rotation Spectrum",10.5281/zenodo.21569768,10.5281/zenodo.21569769,21569769,13,11,11,10,13,11,11,10
2026-09-20,2026-09-20T07:30:58Z,papers/sae-value-3.html,On the Colonization of Value,10.5281/zenodo.21611154,10.5281/zenodo.21843955,21843955,22,19,4,4,11,10,2,2
2026-09-20,2026-09-20T07:30:58Z,papers/zfcrho74.html,"A Stage Closure of Papers L–LXXIII: A min-plus Capacity Constant, Centering Rigidity, and a Specification Audit",10.5281/zenodo.21714787,10.5281/zenodo.21714788,21714788,9,6,3,3,9,6,3,3
2026-09-20,2026-09-20T07:30:58Z,papers/sae-blackhole-5.html,Angular Information in Discrete Black-Hole Interiors: The Two-Way Split of Transfer-Level Information — One Exact Bit of Spin Sign and a Geometry-Bounded Amplitude,10.5281/zenodo.21803205,10.5281/zenodo.21803206,21803206,5,5,2,2,5,5,2,2
2026-09-20,2026-09-20T07:30:58Z,papers/sae-cosmo-8.html,"SAE-Bang-0: A Formal Boundary Model for the Big Bang with an Apparent-Horizon Capacity Cap, Cross-Domain Matching, and Thermal-History Acceptance",10.5281/zenodo.21909252,10.5281/zenodo.21909253,21909253,15,14,12,12,15,14,12,12
2026-09-20,2026-09-20T07:30:58Z,papers/sae-value-4.html,On the Dynamics of Value,10.5281/zenodo.22050204,10.5281/zenodo.22050205,22050205,6,5,6,6,6,5,6,6
2026-09-20,2026-09-20T07:30:58Z,papers/sae-value-5.html,On the Conflict of Value,10.5281/zenodo.22122819,10.5281/zenodo.22122820,22122820,14,13,6,6,14,13,6,6
2026-09-20,2026-09-20T07:30:58Z,papers/sae-value-6.html,On Value and the Other,10.5281/zenodo.22191071,10.5281/zenodo.22191072,22191072,7,5,4,4,7,5,4,4
2026-09-20,2026-09-20T07:30:58Z,papers/sae-value-0.html,"Interfacing with Existing Traditions, and the Prospect",10.5281/zenodo.22265396,10.5281/zenodo.22265397,22265397,6,4,3,3,6,4,3,3
2026-09-20,2026-09-20T07:30:58Z,papers/sae-war-interface-1.html,The Half Outside the Boundary,10.5281/zenodo.22274847,10.5281/zenodo.22285276,22285276,9,7,0,0,5,3,0,0
2026-09-20,2026-09-20T07:30:58Z,papers/sae-war-interface-2.html,Who Gave the Authorisation,10.5281/zenodo.22275260,10.5281/zenodo.22287307,22287307,10,7,0,0,5,3,0,0
2026-09-20,2026-09-20T07:30:58Z,papers/sae-war-interface-3.html,The Hand Is Being Reworked by What It Holds,10.5281/zenodo.22285353,10.5281/zenodo.22287301,22287301,7,5,0,0,5,3,0,0
2026-09-20,2026-09-20T07:30:58Z,papers/sae-war-interface-4.html,Four Permissions,10.5281/zenodo.22285486,10.5281/zenodo.22287296,22287296,7,5,0,0,5,3,0,0
2026-09-20,2026-09-20T07:30:58Z,papers/sae-war-interface-5.html,That Position Is Left Empty,10.5281/zenodo.22285749,10.5281/zenodo.22287286,22287286,8,6,0,0,6,4,0,0
2026-09-20,2026-09-20T07:30:58Z,papers/sae-war-interface-6.html,Prudence Is Not Cannot-Not,10.5281/zenodo.22286009,10.5281/zenodo.22287280,22287280,7,5,0,0,5,3,0,0
2026-09-20,2026-09-20T07:30:58Z,papers/sae-war-interface-7.html,Which End Is the Boundary Set At,10.5281/zenodo.22286653,10.5281/zenodo.22287317,22287317,7,4,0,0,5,3,0,0
2026-09-20,2026-09-20T07:30:58Z,papers/sae-war-interface-8.html,That Child,10.5281/zenodo.22287173,10.5281/zenodo.22287174,22287174,7,4,0,0,7,4,0,0
2026-09-20,2026-09-20T07:30:58Z,papers/sae-war-interface-conclusion.html,Conclusion,10.5281/zenodo.22287334,10.5281/zenodo.22287335,22287335,6,2,0,0,6,2,0,0
2026-09-20,2026-09-20T07:30:58Z,papers/sae-conflict-treatise.html,SAE Conflict Treatise: How Subjecthood Is Not Swallowed by Conflict Itself,10.5281/zenodo.22313628,10.5281/zenodo.22313629,22313629,6,5,0,0,6,5,0,0
2026-09-20,2026-09-20T07:30:58Z,papers/sae-meaning-1.html,What Kind of Relation Meaning Is,10.5281/zenodo.22652134,10.5281/zenodo.22729769,22729769,8,7,4,4,3,2,1,1
2026-09-20,2026-09-20T07:30:58Z,papers/sae-analects-intro.html,One Who Cultivates,10.5281/zenodo.22656169,10.5281/zenodo.22656170,22656170,6,5,6,6,6,5,6,6
2026-09-20,2026-09-20T07:30:58Z,papers/sae-analects-1.html,Part I · The Instrument,10.5281/zenodo.22656207,10.5281/zenodo.22656208,22656208,6,5,18,18,6,5,18,18
2026-09-20,2026-09-20T07:30:58Z,papers/sae-analects-2.html,Part II · The Man Who Would Not Be a Sage,10.5281/zenodo.22656223,10.5281/zenodo.22656224,22656224,6,5,5,5,6,5,5,5
2026-09-20,2026-09-20T07:30:58Z,papers/sae-analects-3.html,Part III · In the Room,10.5281/zenodo.22656232,10.5281/zenodo.22656233,22656233,5,4,7,7,5,4,7,7
2026-09-20,2026-09-20T07:30:58Z,papers/sae-analects-4.html,Part IV · What Was Built in His Name,10.5281/zenodo.22656242,10.5281/zenodo.22656243,22656243,6,5,5,5,6,5,5,5
2026-09-20,2026-09-20T07:30:58Z,papers/sae-meaning-2.html,The Finite Bearer's Carrying-Forward,10.5281/zenodo.22713651,10.5281/zenodo.22713652,22713652,8,5,0,0,8,5,0,0
2026-09-20,2026-09-20T07:30:58Z,papers/sae-meaning-3.html,The Half That Is Not Mine to Settle,10.5281/zenodo.22731235,10.5281/zenodo.22731236,22731236,7,4,1,1,7,4,1,1
2026-09-20,2026-09-20T07:30:58Z,papers/sae-meaning-4.html,The Carrier's Boundary,10.5281/zenodo.22738709,10.5281/zenodo.22738710,22738710,6,4,1,1,6,4,1,1
2026-09-20,2026-09-20T07:30:58Z,papers/sae-meaning-0.html,The Jurisdiction of the Question of Meaning,10.5281/zenodo.22802041,10.5281/zenodo.22802042,22802042,4,3,6,6,4,3,6,6
2026-09-20,2026-09-20T07:30:58Z,papers/sae-methodology-00e.html,Remainder: A Portable Method,10.5281/zenodo.22849616,10.5281/zenodo.22849617,22849617,3,2,0,0,3,2,0,0
2026-09-20,2026-09-20T07:30:58Z,papers/sae-rights-accountability.html,On Accountability · Wei,10.5281/zenodo.22853810,10.5281/zenodo.22853811,22853811,0,0,0,0,0,0,0,0
2026-09-21,2026-09-21T07:51:15Z,papers/paper1.html,"Systems, Emergence, and the Conditions of Personhood",10.5281/zenodo.18528812,10.5281/zenodo.22683032,22683032,484,465,215,192,7,7,3,3
2026-09-21,2026-09-21T07:51:15Z,papers/paper2.html,Internal Colonization and the Reconstruction of Subjecthood,10.5281/zenodo.18666588,10.5281/zenodo.18666645,18666645,348,338,139,128,323,315,133,122
2026-09-21,2026-09-21T07:51:15Z,papers/paper3.html,The Complete Self-as-an-End Framework,10.5281/zenodo.18727326,10.5281/zenodo.18727327,18727327,410,394,170,153,410,394,170,153
2026-09-21,2026-09-21T07:51:15Z,papers/applied1.html,The Subjectivity Crisis in the Age of AI,10.5281/zenodo.18737475,10.5281/zenodo.18737476,18737476,752,712,355,296,752,712,355,296
2026-09-21,2026-09-21T07:51:15Z,papers/aesthetics.html,Aesthetics as a Structural Field of Subject-Conditions,10.5281/zenodo.18748930,10.5281/zenodo.21185992,21185992,197,196,62,62,7,7,2,2
2026-09-21,2026-09-21T07:51:15Z,papers/art-history.html,Art History Application: Aesthetics and the SAE Framework,10.5281/zenodo.18775061,10.5281/zenodo.18775062,18775062,208,208,55,55,208,208,55,55
2026-09-21,2026-09-21T07:51:15Z,papers/paper4.html,"How Is Subjecthood Possible: Symmetry, Negativity, and Subjecthood",10.5281/zenodo.18777363,10.5281/zenodo.18777364,18777364,210,209,90,89,210,209,90,89
2026-09-21,2026-09-21T07:51:15Z,papers/cosmological.html,Causality and Remainder: A Cosmological Physics Application,10.5281/zenodo.18779122,10.5281/zenodo.18779123,18779123,179,178,60,56,179,178,60,56
2026-09-21,2026-09-21T07:51:15Z,papers/philosophy-application.html,Philosophy as Subject-Activity: A Philosophical Application of the Self-as-an-End Framework,10.5281/zenodo.18779381,10.5281/zenodo.18779382,18779382,226,225,74,71,226,225,74,71
2026-09-21,2026-09-21T07:51:15Z,papers/mathematics-chisel.html,Mathematics as Second-Order Chisel: A Philosophy of Mathematics,10.5281/zenodo.18792944,10.5281/zenodo.18792945,18792945,185,184,66,62,185,184,66,62
2026-09-21,2026-09-21T07:51:15Z,papers/physics-chisel.html,Physics as Third-Order Chisel,10.5281/zenodo.18793537,10.5281/zenodo.18793538,18793538,181,179,59,59,181,179,59,59
2026-09-21,2026-09-21T07:51:15Z,papers/dynamics-chisel.html,Dynamics as Fourth-Order Chisel: A Philosophy of Causality,10.5281/zenodo.18799131,10.5281/zenodo.18799132,18799132,191,187,49,48,191,187,49,48
2026-09-21,2026-09-21T07:51:15Z,papers/life-5d-8d.html,From Replication to Prediction: The Chisel-Construct Cycle of Life (5D–8D) (V2.1),10.5281/zenodo.18807375,10.5281/zenodo.20194477,20194477,224,224,152,151,130,130,76,76
2026-09-21,2026-09-21T07:51:15Z,papers/living-toward-death.html,From Self-Awareness to Non Dubito: Completing Kant (9D–10D) (V2.4),10.5281/zenodo.18808584,10.5281/zenodo.20199606,20199606,240,239,99,97,123,123,41,40
2026-09-21,2026-09-21T07:51:15Z,papers/remainder-dualpath.html,Remainder Conservation and Dual-Path Structure,10.5281/zenodo.18809485,10.5281/zenodo.18811079,18811079,222,220,87,85,184,184,66,64
2026-09-21,2026-09-21T07:51:15Z,papers/lifecycle1.html,Periodic Table of Life (Part I) — From Causality to Reproduction,10.5281/zenodo.18818106,10.5281/zenodo.18818107,18818107,180,178,54,53,180,178,54,53
2026-09-21,2026-09-21T07:51:15Z,papers/lifecycle2.html,Periodic Table of Life (Part II) — From Reproduction to Prediction,10.5281/zenodo.18818148,10.5281/zenodo.18818149,18818149,171,170,57,56,171,170,57,56
2026-09-21,2026-09-21T07:51:15Z,papers/lifecycle3.html,"Periodic Table of Life (Part III) — From ""I"" to the Thing-in-Itself",10.5281/zenodo.18818176,10.5281/zenodo.18818177,18818177,188,186,72,72,188,186,72,72
2026-09-21,2026-09-21T07:51:15Z,papers/remainder-eternal.html,Remainder Conservation and the Eternal Life of Self-as-an-End,10.5281/zenodo.18821951,10.5281/zenodo.18821952,18821952,202,202,68,68,202,202,68,68
2026-09-21,2026-09-21T07:51:15Z,papers/language.html,Language as Second-Order Chisel,10.5281/zenodo.18823130,10.5281/zenodo.18823131,18823131,207,206,83,79,207,206,83,79
2026-09-21,2026-09-21T07:51:15Z,papers/llm1.html,The Ontological Positioning of Large Language Models,10.5281/zenodo.18826632,10.5281/zenodo.18826633,18826633,281,271,144,131,281,271,144,131
2026-09-21,2026-09-21T07:51:15Z,papers/llm2.html,The Three Ceilings of Large Language Models,10.5281/zenodo.18827427,10.5281/zenodo.18827428,18827428,253,251,95,88,253,251,95,88
2026-09-21,2026-09-21T07:51:15Z,papers/llm3.html,Injection and Chiseling: Two Modes of Language Model Operation,10.5281/zenodo.18828470,10.5281/zenodo.18828471,18828471,226,218,103,93,226,218,103,93
2026-09-21,2026-09-21T07:51:15Z,papers/consciousness.html,The Impossibility Theorem of AI Consciousness,10.5281/zenodo.18829135,10.5281/zenodo.18829136,18829136,274,270,95,90,274,270,95,90
2026-09-21,2026-09-21T07:51:15Z,papers/methodology.html,SAE Methodological Overview: The Chisel-Construct Cycle (V3),10.5281/zenodo.18842449,10.5281/zenodo.21911811,21911811,348,342,192,178,25,24,26,24
2026-09-21,2026-09-21T07:51:15Z,papers/philosophy-history.html,Structural Coordinates of the History of Philosophy,10.5281/zenodo.18842896,10.5281/zenodo.18842897,18842897,119,116,69,66,119,116,69,66
2026-09-21,2026-09-21T07:51:15Z,papers/fixed-selected-1.html,Fixation and Selection (I) — Causal Law Forecloses Distinction,10.5281/zenodo.18859362,10.5281/zenodo.18859363,18859363,204,204,80,78,204,204,80,78
2026-09-21,2026-09-21T07:51:15Z,papers/fixed-selected-2.html,Fixation and Selection (II) — Reproductive Law Forecloses Replication,10.5281/zenodo.18859392,10.5281/zenodo.18859393,18859393,180,180,59,59,180,180,59,59
2026-09-21,2026-09-21T07:51:15Z,papers/fixed-selected-3.html,Fixation and Selection (III) — Predictive Law Forecloses Choice,10.5281/zenodo.18859426,10.5281/zenodo.18859427,18859427,182,181,50,50,182,181,50,50
2026-09-21,2026-09-21T07:51:15Z,papers/fixed-selected-4.html,Fixation and Selection (IV) — Bilateral Non-Doubt Forecloses Self-Awareness,10.5281/zenodo.18859451,10.5281/zenodo.18859452,18859452,192,191,68,68,192,191,68,68
2026-09-21,2026-09-21T07:51:15Z,papers/education.html,Education as Subject-Condition: A Philosophy of Education,10.5281/zenodo.18867389,10.5281/zenodo.18867390,18867390,266,262,134,126,266,262,134,126
2026-09-21,2026-09-21T07:51:15Z,papers/consciousness2.html,Posterior Quasi-Consciousness,10.5281/zenodo.18871234,10.5281/zenodo.18871235,18871235,234,227,76,71,234,227,76,71
2026-09-21,2026-09-21T07:51:15Z,papers/metaphysics-satz.html,Metaphysics of Self-as-an-End: Dimensional Sentence-Form Theory,10.5281/zenodo.18894566,10.5281/zenodo.18894567,18894567,223,223,67,65,223,223,67,65
2026-09-21,2026-09-21T07:51:15Z,papers/introspection.html,To Study the Self: A Structural Analysis of Introspection,10.5281/zenodo.18897146,10.5281/zenodo.18897147,18897147,200,199,77,76,200,199,77,76
2026-09-21,2026-09-21T07:51:15Z,papers/civ-history-ancient.html,Structural Coordinates of the History of Civilization (Vol. I: The Ancient World),10.5281/zenodo.18898185,10.5281/zenodo.18898186,18898186,193,189,68,65,193,189,68,65
2026-09-21,2026-09-21T07:51:15Z,papers/civ-history-medieval.html,Structural Coordinates of the History of Civilization (Vol. II: The Medieval World),10.5281/zenodo.18898225,10.5281/zenodo.18898226,18898226,197,193,63,62,197,193,63,62
2026-09-21,2026-09-21T07:51:15Z,papers/civ-history-modern.html,Structural Coordinates of the History of Civilization (Vol. III: The Modern World),10.5281/zenodo.18898256,10.5281/zenodo.18898257,18898257,187,184,71,68,187,184,71,68
2026-09-21,2026-09-21T07:51:15Z,papers/civ-history-patterns.html,Structural Coordinates of the History of Civilization (Vol. IV: Structural Patterns),10.5281/zenodo.18898262,10.5281/zenodo.18898263,18898263,182,179,69,68,182,179,69,68
2026-09-21,2026-09-21T07:51:15Z,papers/hc16.html,HC-16: A Sixteen-Type Taxonomy of Subjective Vulnerability Profiles within the Self-as-an-End Framework,10.5281/zenodo.18907263,10.5281/zenodo.18907264,18907264,199,197,81,81,199,197,81,81
2026-09-21,2026-09-21T07:51:15Z,papers/sae-taxonomy-chiseling.html,Taxonomy as Chiseling: A Self-as-an-End Theory of Classification,10.5281/zenodo.18907876,10.5281/zenodo.18907877,18907877,209,205,71,67,209,205,71,67
2026-09-21,2026-09-21T07:51:15Z,papers/zfcrho.html,On the Remainder of Choice: A Meta-Theoretic Thesis on ZFC,10.5281/zenodo.18914682,10.5281/zenodo.18916920,18916920,352,344,146,136,305,299,124,116
2026-09-21,2026-09-21T07:51:15Z,papers/myth.html,Myth as Remainder Intuition: A Mythology Application of the Self-as-an-End Framework,10.5281/zenodo.18917795,10.5281/zenodo.18917796,18917796,198,198,58,58,198,198,58,58
2026-09-21,2026-09-21T07:51:15Z,papers/sae-epistemological-map.html,The Epistemological Map of Chisel-Construct,10.5281/zenodo.18918194,10.5281/zenodo.18918195,18918195,198,197,46,45,198,197,46,45
2026-09-21,2026-09-21T07:51:15Z,papers/zfcrho2.html,The Quantitative Identity of the Remainder: From ρ≠∅ to Euler's Formula,10.5281/zenodo.18927658,10.5281/zenodo.21539092,21539092,229,222,77,73,40,37,19,19
2026-09-21,2026-09-21T07:51:15Z,papers/sae-american-history.html,Structural Coordinates of American Institutional History: A Self-as-an-End Application,10.5281/zenodo.18929075,10.5281/zenodo.18929076,18929076,181,180,46,43,181,180,46,43
2026-09-21,2026-09-21T07:51:15Z,papers/methodology3.html,How to Find Remainders with AI,10.5281/zenodo.18929390,10.5281/zenodo.18929391,18929391,232,230,86,84,232,230,86,84
2026-09-21,2026-09-21T07:51:15Z,papers/zfcrho3.html,ρ-Conservation: The Ineliminability Law of the Remainder across the Layer Hierarchy,10.5281/zenodo.18929819,10.5281/zenodo.18929820,18929820,190,185,73,69,190,185,73,69
2026-09-21,2026-09-21T07:51:15Z,papers/zfcrho4.html,A Draft Term Model for ρ-Arithmetic: First Steps toward a History-Preserving Arithmetic Framework,10.5281/zenodo.18930810,10.5281/zenodo.18930811,18930811,194,192,75,73,194,192,75,73
2026-09-21,2026-09-21T07:51:15Z,papers/ai-arch-1.html,Who Sees the Remainder for AI,10.5281/zenodo.18931008,10.5281/zenodo.18931009,18931009,199,195,96,90,199,195,96,90
2026-09-21,2026-09-21T07:51:15Z,papers/ai-arch-2.html,"Cultivation, Not Training",10.5281/zenodo.18931026,10.5281/zenodo.18931027,18931027,190,188,73,69,190,188,73,69
2026-09-21,2026-09-21T07:51:15Z,papers/ai-arch-3.html,Escape,10.5281/zenodo.18931038,10.5281/zenodo.18931039,18931039,183,179,66,62,183,179,66,62
2026-09-21,2026-09-21T07:51:15Z,papers/understand-self.html,To Understand the Self: Eight Pains and Eight Graces in the Self-as-an-End Framework,10.5281/zenodo.18934125,10.5281/zenodo.18934126,18934126,194,192,54,53,194,192,54,53
2026-09-21,2026-09-21T07:51:15Z,papers/zfcrho5.html,Generation Axioms and Structural Induction: Proof Tools for ρ-Arithmetic,10.5281/zenodo.18934515,10.5281/zenodo.18934516,18934516,186,184,66,65,186,184,66,65
2026-09-21,2026-09-21T07:51:15Z,papers/zfcrho6.html,Recursive Definition of ρ and Expression Compression Complexity,10.5281/zenodo.18934531,10.5281/zenodo.18934532,18934532,185,184,69,69,185,184,69,69
2026-09-21,2026-09-21T07:51:15Z,papers/zfcrho7.html,The Term Model of ρ-Arithmetic,10.5281/zenodo.18943944,10.5281/zenodo.18943945,18943945,187,185,59,59,187,185,59,59
2026-09-21,2026-09-21T07:51:15Z,papers/zfcrho8.html,Proof-Theoretic Equivalence and Conservative Extension of ρ-Arithmetic,10.5281/zenodo.18952912,10.5281/zenodo.18952913,18952913,180,179,65,65,180,179,65,65
2026-09-21,2026-09-21T07:51:15Z,papers/zfcrho9.html,Exact Combinatorics of History Fibers,10.5281/zenodo.18963539,10.5281/zenodo.18963540,18963540,189,186,72,71,189,186,72,71
2026-09-21,2026-09-21T07:51:15Z,papers/zfcrho10.html,The Spectral Counting Polynomial and Fiber ρ-Statistics,10.5281/zenodo.18973559,10.5281/zenodo.18973560,18973560,184,183,68,68,184,183,68,68
2026-09-21,2026-09-21T07:51:15Z,papers/zfcrho11.html,The First Asymptotic Theory of ρ_E,10.5281/zenodo.18975756,10.5281/zenodo.18975757,18975757,181,180,93,91,181,180,93,91
2026-09-21,2026-09-21T07:51:15Z,papers/zfcrho12.html,Staircase Geometry of δ and Jump-Gap Theory,10.5281/zenodo.18977948,10.5281/zenodo.18977949,18977949,184,183,79,79,184,183,79,79
2026-09-21,2026-09-21T07:51:15Z,papers/chisel-music.html,Chisel and Construct: The Universal Structure of Temporal Arts — Essay I: Music and Song,10.5281/zenodo.18989565,10.5281/zenodo.18989566,18989566,172,171,55,55,172,171,55,55
2026-09-21,2026-09-21T07:51:15Z,papers/chisel-opera.html,Chisel and Construct: The Universal Structure of Temporal Arts — Essay II: Opera and Chinese Opera,10.5281/zenodo.18989669,10.5281/zenodo.18989670,18989670,160,159,53,53,160,159,53,53
2026-09-21,2026-09-21T07:51:15Z,papers/chisel-dance.html,Chisel and Construct: The Universal Structure of Temporal Arts — Essay III: Ballet and Dance,10.5281/zenodo.18989701,10.5281/zenodo.18989702,18989702,166,158,74,54,166,158,74,54
2026-09-21,2026-09-21T07:51:15Z,papers/chisel-film.html,Chisel and Construct: The Universal Structure of Temporal Arts — Essay IV: Theatre and Film,10.5281/zenodo.18989755,10.5281/zenodo.18989756,18989756,178,177,73,73,178,177,73,73
2026-09-21,2026-09-21T07:51:15Z,papers/zfcrho13.html,Algebraic Structure and Conditional Distribution of Jump Gain,10.5281/zenodo.18991986,10.5281/zenodo.18991987,18991987,192,191,57,57,192,191,57,57
2026-09-21,2026-09-21T07:51:15Z,papers/zfcrho14.html,Reduction to Bounded Conditional Variance: Three-Component Decomposition of Jump Gain,10.5281/zenodo.18994187,10.5281/zenodo.18994188,18994188,187,186,64,64,187,186,64,64
2026-09-21,2026-09-21T07:51:15Z,papers/zfcrho15.html,"Sieve Structure, Compositeness Discount, and the Architecture of Conjecture H'",10.5281/zenodo.19007312,10.5281/zenodo.19007313,19007313,233,229,93,90,233,229,93,90
2026-09-21,2026-09-21T07:51:15Z,papers/zfcrho16.html,"The Insertion Identity, Variance Splitting, and the Relay Engine of Conjecture H'",10.5281/zenodo.19013602,10.5281/zenodo.19013603,19013603,204,202,72,71,204,202,72,71
2026-09-21,2026-09-21T07:51:15Z,papers/zfcrho17.html,"Monotonicity, Roughness Stability, and the Narrowing of the Relay Architecture",10.5281/zenodo.19016958,10.5281/zenodo.19016959,19016959,196,195,71,71,196,195,71,71
2026-09-21,2026-09-21T07:51:15Z,papers/zfcrho18.html,The Anti-Correlation Engine: Variance Structure of ρ_E and the Local Smoothness of Integer Complexity,10.5281/zenodo.19024385,10.5281/zenodo.19024386,19024386,209,205,84,82,209,205,84,82
2026-09-21,2026-09-21T07:51:15Z,papers/zfcrho19.html,"The Three-Point Law, Self-Correction, and the Narrowing of the Variance Gap",10.5281/zenodo.19026991,10.5281/zenodo.19026992,19026992,187,186,64,64,187,186,64,64
2026-09-21,2026-09-21T07:51:15Z,papers/zfcrho20.html,Closing the B-bound: The Prime-Power Second Moment Theorem and the First Unconditional Node,10.5281/zenodo.19027892,10.5281/zenodo.19027893,19027893,182,177,46,42,182,177,46,42
2026-09-21,2026-09-21T07:51:15Z,papers/interstellar-civilization.html,Interstellar Civilization Thought Experiment: SAE-1 to SAE-4 Civilization Levels and the Group Dimension,10.5281/zenodo.19027894,10.5281/zenodo.19027895,19027895,171,170,72,72,171,170,72,72
2026-09-21,2026-09-21T07:51:15Z,papers/cosmological-thought-experiment.html,"Cosmological Physics Thought Experiment: Causality Softening, Cosmic Contraction, and Gravitational-Wave Inelasticity",10.5281/zenodo.19028005,10.5281/zenodo.19028006,19028006,186,184,76,73,186,184,76,73
2026-09-21,2026-09-21T07:51:15Z,papers/sae-critique-ethics.html,One's Own Law: The SAE Critique of Ethics and Morality,10.5281/zenodo.19037566,10.5281/zenodo.19037567,19037567,182,181,56,54,182,181,56,54
2026-09-21,2026-09-21T07:51:15Z,papers/zfcrho21.html,Queue Isomorphism and the Local Lipschitz Reduction for Selection Cost,10.5281/zenodo.19037934,10.5281/zenodo.19037935,19037935,184,182,62,58,184,182,62,58
2026-09-21,2026-09-21T07:51:15Z,papers/zfcrho22.html,Unbounded Mean Gain and the Closure of Assumption A',10.5281/zenodo.19039953,10.5281/zenodo.19039954,19039954,181,178,62,60,181,178,62,60
2026-09-21,2026-09-21T07:51:15Z,papers/zfcrho23.html,Concentration of Compositeness Discount and Quantitative Convergence of D(N) → 1,10.5281/zenodo.19041689,10.5281/zenodo.19041690,19041690,161,160,43,42,161,160,43,42
2026-09-21,2026-09-21T07:51:15Z,papers/zfcrho24.html,Prime-Stratified Decomposition of the Insertion Measure and a Defect-Gap Inequality,10.5281/zenodo.19044696,10.5281/zenodo.19044697,19044697,184,183,45,44,184,183,45,44
2026-09-21,2026-09-21T07:51:15Z,papers/terrible-twos.html,What Terrible Twos Actually Is: The Structural Genesis of Self-Awareness,10.5281/zenodo.19044827,10.5281/zenodo.19044828,19044828,182,181,69,68,182,181,69,68
2026-09-21,2026-09-21T07:51:15Z,papers/zfcrho25.html,Dyadic Shell Constant and Positivity of the Predecessor Gap,10.5281/zenodo.19054726,10.5281/zenodo.19054727,19054727,185,183,59,58,185,183,59,58
2026-09-21,2026-09-21T07:51:15Z,papers/forget-self.html,To Forget the Self: From Self-Understanding to Structural Respect for the Other,10.5281/zenodo.19059139,10.5281/zenodo.19059140,19059140,167,166,70,69,167,166,70,69
2026-09-21,2026-09-21T07:51:15Z,papers/zfcrho26.html,"Prime Source Term, Additive Decomposition, and the Positivity of the Predecessor Gap",10.5281/zenodo.19059834,10.5281/zenodo.19062464,19062464,212,205,124,122,176,174,90,89
2026-09-21,2026-09-21T07:51:15Z,papers/zfcrho27.html,Upper Reflection Criterion for Composite Drift and Numerical Verification,10.5281/zenodo.19062684,10.5281/zenodo.19062685,19062685,200,197,92,91,200,197,92,91
2026-09-21,2026-09-21T07:51:15Z,papers/zfcrho28.html,"Universal Scale Attenuation, Weighted Attenuation Decomposition, and a Three-Step Framework for Lower Reflection",10.5281/zenodo.19078654,10.5281/zenodo.19078902,19078902,186,184,100,98,168,166,81,79
2026-09-21,2026-09-21T07:51:15Z,papers/zfcrho29.html,"Conceptual Audit of D(N) vs Dyadic Gap, Scale Correction of the Height Distribution, and Discrete Concentration of Pred Gap",10.5281/zenodo.19083884,10.5281/zenodo.19101841,19101841,206,205,84,84,179,178,48,48
2026-09-21,2026-09-21T07:51:15Z,papers/zfcrho30.html,"First Direct Measurement of D(N), Multiplicative Decomposition, and Structural Constraints on H'",10.5281/zenodo.19101810,10.5281/zenodo.19101811,19101811,170,168,54,53,170,168,54,53
2026-09-21,2026-09-21T07:51:15Z,papers/artist-is-dead.html,The Artist Is Dead: One-Dimensional Civilization Is the Killer,10.5281/zenodo.19104160,10.5281/zenodo.19104161,19104161,194,192,56,56,194,192,56,56
2026-09-21,2026-09-21T07:51:15Z,papers/zfcrho31.html,"The Layer-by-Layer Bottleneck Map for H' — Stratified Framework, Moving Bottleneck, and Ω-Universal Scale Attenuation",10.5281/zenodo.19104860,10.5281/zenodo.19104861,19104861,174,173,58,58,174,173,58,58
2026-09-21,2026-09-21T07:51:15Z,papers/zfcrho32.html,Fixed-Core Locking and Prime-Core Profile — The Residual Floor Structure of H',10.5281/zenodo.19116625,10.5281/zenodo.19116626,19116626,164,163,102,100,164,163,102,100
2026-09-21,2026-09-21T07:51:15Z,papers/zfcrho33.html,Fixed-Core Margin Drift and Harmonic Closure of H' at the Ω=2 Layer,10.5281/zenodo.19124485,10.5281/zenodo.19158793,19158793,188,184,44,43,171,167,31,31
2026-09-21,2026-09-21T07:51:15Z,papers/zfcrho34.html,Upper-Margin Closure and the Bounded-Variance Phenomenon,10.5281/zenodo.19140015,10.5281/zenodo.19158789,19158789,209,204,43,42,192,189,21,21
2026-09-21,2026-09-21T07:51:15Z,papers/zfcrho35.html,Congruence Relaxation and the Erosion of Predecessor Advantage,10.5281/zenodo.19143732,10.5281/zenodo.19143995,19143995,191,187,112,107,172,168,78,74
2026-09-21,2026-09-21T07:51:15Z,papers/zfcrho36.html,"The 1/φ(m) Local Model, Explanation Rate Plateau, and Global DP Path Effects",10.5281/zenodo.19153002,10.5281/zenodo.19153003,19153003,212,202,1511,1511,212,202,1511,1511
2026-09-21,2026-09-21T07:51:15Z,papers/zfcrho37.html,The Entry-Continuation Decomposition and Quantitative Closure of B-C Erosion,10.5281/zenodo.19155792,10.5281/zenodo.19158779,19158779,184,182,78,74,169,167,59,55
2026-09-21,2026-09-21T07:51:15Z,papers/applied2.html,"SAE Application: Sentence Level, Subject Condition, and the Limits of Prompt Engineering",10.5281/zenodo.19157713,10.5281/zenodo.19157714,19157714,184,184,60,57,184,184,60,57
2026-09-21,2026-09-21T07:51:15Z,papers/zfcrho38.html,Ratio-Parametrization of G and the Composition-Shift Reinterpretation of B-C Erosion,10.5281/zenodo.19157939,10.5281/zenodo.19158742,19158742,197,194,68,67,185,182,50,49
2026-09-21,2026-09-21T07:51:15Z,papers/zfcrho39.html,Shifted-Product Deficit and the Logarithmic Growth of M_loc at the Ω=2 Layer,10.5281/zenodo.19164588,10.5281/zenodo.19164589,19164589,176,174,46,45,176,174,46,45
2026-09-21,2026-09-21T07:51:15Z,papers/dream.html,"Sequential Dependence in Consciousness: DD-Layer Reconstruction in Sleep, Dreams, and Anesthesia",10.5281/zenodo.19176873,10.5281/zenodo.19244588,19244588,187,184,79,79,166,164,59,59
2026-09-21,2026-09-21T07:51:15Z,papers/zfcrho40.html,Direct Positive Slope of M̄ and Strong Numerical Support for Ω=2 Closure,10.5281/zenodo.19179778,10.5281/zenodo.19179779,19179779,176,175,103,95,176,175,103,95
2026-09-21,2026-09-21T07:51:15Z,papers/life-and-death.html,"Life and Death, Self and No-Self",10.5281/zenodo.19201237,10.5281/zenodo.19201238,19201238,192,189,57,56,192,189,57,56
2026-09-21,2026-09-21T07:51:15Z,papers/terrible-teens.html,What Terrible Teens Actually Is: The Structural Genesis of Purpose,10.5281/zenodo.19201631,10.5281/zenodo.19201632,19201632,158,156,76,74,158,156,76,74
2026-09-21,2026-09-21T07:51:15Z,papers/zfcrho41.html,"Unified Recursive Framework, Ω≤6 Positive-Slope Closure Signal, and the Ω=2–8 Slope Spectrum",10.5281/zenodo.19201877,10.5281/zenodo.19201878,19201878,178,176,66,65,178,176,66,65
2026-09-21,2026-09-21T07:51:15Z,papers/fixation-radiation.html,"Fixation, Fragility, and Radiation: A Structural Theory of Mass Extinction Dynamics",10.5281/zenodo.19225113,10.5281/zenodo.19225114,19225114,171,169,71,71,171,169,71,71
2026-09-21,2026-09-21T07:51:15Z,papers/consciousness-daily.html,Daily Applications of Consciousness Discontinuity: Clearing and Reloading the 12DD Predictive Cache,10.5281/zenodo.19226545,10.5281/zenodo.19226546,19226546,167,166,70,68,167,166,70,68
2026-09-21,2026-09-21T07:51:15Z,papers/zfcrho42.html,"A Conditional Closure Route for H': Turning Point Elimination, Uniform Weighted Lemma, Frontier Reduction, and Three Residual Inputs",10.5281/zenodo.19226607,10.5281/zenodo.19226735,19226735,184,183,96,95,168,167,79,78
2026-09-21,2026-09-21T07:51:15Z,papers/language-remainder.html,Language and Its Remainder: The Semantic Layer and the Ontological Layer in the Age of AI,10.5281/zenodo.19228557,10.5281/zenodo.19228558,19228558,171,170,57,57,171,170,57,57
2026-09-21,2026-09-21T07:51:15Z,papers/zfcrho43.html,"Four Faces of Self-Correction: Computational Verification of NI1–NI3 at N = 10¹⁰, Numerical Verification of Four Frontiers, and the Poly(k) Closing Route",10.5281/zenodo.19240183,10.5281/zenodo.19240184,19240184,182,180,59,58,182,180,59,58
2026-09-21,2026-09-21T07:51:15Z,papers/sae-cosmological-constant.html,From Remainder Conservation to the Cosmological Constant: Dark Energy in the Self-as-an-End Framework,10.5281/zenodo.19245267,10.5281/zenodo.19292256,19292256,192,190,80,80,179,177,59,59
2026-09-21,2026-09-21T07:51:15Z,papers/prime-presieve.html,Why Primes Have No Shortcuts: An O(1) Prime Pre-Sieve from Precomputed ρ_E Tables,10.5281/zenodo.19246377,10.5281/zenodo.19246378,19246378,175,174,65,65,175,174,65,65
2026-09-21,2026-09-21T07:51:15Z,papers/zfcrho44.html,"Why DP min Produces Local Smoothness: Reset-Slack Decomposition, Le Chatelier Dynamic Equilibrium, and Chisel-Remainder Coincidence",10.5281/zenodo.19247859,10.5281/zenodo.19247860,19247860,177,176,56,56,177,176,56,56
2026-09-21,2026-09-21T07:51:15Z,papers/terrible-telos.html,What Terrible Telos Actually Is: The Structural Genesis of Non Dubito,10.5281/zenodo.19248039,10.5281/zenodo.19248040,19248040,23,22,29,29,23,22,29,29
2026-09-21,2026-09-21T07:51:15Z,papers/methodology4.html,SAE Methodology Paper IV: The Twelve-State Transmission Model of Knowledge Evolution,10.5281/zenodo.19275104,10.5281/zenodo.19275105,19275105,191,190,53,51,191,190,53,51
2026-09-21,2026-09-21T07:51:15Z,papers/zfcrho45.html,"From Reset Slack to Historical Reservoir: Capacity-Allocation Law, Charge-Discharge Dynamics, and the Remainder Transfer Law",10.5281/zenodo.19275286,10.5281/zenodo.19275287,19275287,171,169,41,41,171,169,41,41
2026-09-21,2026-09-21T07:51:15Z,papers/sae-dark-matter.html,From Causality Phase Transition to Galaxy Rotation Curves: Dark Matter in the Self-as-an-End Framework,10.5281/zenodo.19276846,10.5281/zenodo.19292375,19292375,176,171,59,59,164,159,52,52
2026-09-21,2026-09-21T07:51:15Z,papers/sae-from-lambda-to-a0.html,From Λ to a₀: The Geometric Completion of the Dual-4DD Cosmological Programme,10.5281/zenodo.19281983,10.5281/zenodo.19281984,19281984,170,167,41,41,170,167,41,41
2026-09-21,2026-09-21T07:51:15Z,papers/sae-judgment-aesthetics.html,SAE Judgment and Aesthetics — In Tribute to Kant,10.5281/zenodo.19296710,10.5281/zenodo.19296711,19296711,185,184,56,55,185,184,56,55
2026-09-21,2026-09-21T07:51:15Z,papers/sae-inter-ontological.html,How Is the Inter-Ontological Possible: The Subjective Conditions and Emergent Structure of Freedom,10.5281/zenodo.19297847,10.5281/zenodo.19297848,19297848,214,211,67,65,214,211,67,65
2026-09-21,2026-09-21T07:51:15Z,papers/sae-geff-bbn-cmb.html,"G_eff in the SAE Framework: Plateau-Rise Profile, BBN/CMB Safety, and Three Open Tensions",10.5281/zenodo.19298161,10.5281/zenodo.19298162,19298162,179,176,43,43,179,176,43,43
2026-09-21,2026-09-21T07:51:15Z,papers/zfcrho46.html,"SPF Skeleton Reduction, Analytic Interface, and Conditional Closure of Conjecture 2",10.5281/zenodo.19303511,10.5281/zenodo.19303512,19303512,157,156,52,52,157,156,52,52
2026-09-21,2026-09-21T07:51:15Z,papers/sae-anti-turing.html,The SAE Anti-Turing Test: A Thermodynamic Falsification Method for AI Subjectivity,10.5281/zenodo.19305611,10.5281/zenodo.22655158,22655158,165,164,82,82,3,2,3,3
2026-09-21,2026-09-21T07:51:15Z,papers/writing-last-mile.html,The Last Mile of Writing: Style Growth in the Age of AI,10.5281/zenodo.19307428,10.5281/zenodo.19307429,19307429,221,220,97,96,221,220,97,96
2026-09-21,2026-09-21T07:51:15Z,papers/zfcrho-thermo.html,Fluctuation Absorption Rate η ≪ 1: Strong Complementary Cancellation and Nonequilibrium Stability in a Zero-Parameter Min Recursion,10.5281/zenodo.19310282,10.5281/zenodo.19310283,19310283,187,182,73,73,187,182,73,73
2026-09-21,2026-09-21T07:51:15Z,papers/sae-psycho-1-id.html,SAE Psychoanalysis (I): Id — The Me Without a Self,10.5281/zenodo.19321143,10.5281/zenodo.19321144,19321144,194,192,71,69,194,192,71,69
2026-09-21,2026-09-21T07:51:15Z,papers/sae-psycho-2-ego.html,SAE Psychoanalysis (II): Ego — The Self Without a Purpose,10.5281/zenodo.19321314,10.5281/zenodo.19321315,19321315,183,181,57,57,183,181,57,57
2026-09-21,2026-09-21T07:51:15Z,papers/sae-psycho-3-superego.html,SAE Psychoanalysis (III): Superego — The Self With a Purpose,10.5281/zenodo.19321417,10.5281/zenodo.19321418,19321418,177,176,86,86,177,176,86,86
2026-09-21,2026-09-21T07:51:15Z,papers/sae-psycho-4-cert.html,SAE Psychoanalysis (IV): Cert and Unification — The Self Beyond Doubt and the Four-Layer Framework,10.5281/zenodo.19321534,10.5281/zenodo.19321535,19321535,180,179,58,58,180,179,58,58
2026-09-21,2026-09-21T07:51:15Z,papers/zfcrho47.html,"Character-Refined Prime Input, Shell-Depth Lemma, and Parity-Mediated PCF₂",10.5281/zenodo.19323564,10.5281/zenodo.19323565,19323565,162,161,41,41,162,161,41,41
2026-09-21,2026-09-21T07:51:15Z,papers/zfcrho48.html,"Unified Prime-Layer Cancellation: Raw First Layer, Odd-Predecessor Reduction, and Harmless Tails",10.5281/zenodo.19328550,10.5281/zenodo.19328551,19328551,184,183,49,49,184,183,49,49
2026-09-21,2026-09-21T07:51:15Z,papers/sae-institution.html,How Is Institution Possible: From Inter-Ontological Remainder to Co-Constructive Framework,10.5281/zenodo.19328662,10.5281/zenodo.22851738,22851738,214,205,80,79,4,3,0,0
2026-09-21,2026-09-21T07:51:15Z,papers/beyond-fast-slow.html,Beyond Fast and Slow: A Four-Layer Cognitive Architecture from Dimensional Sequence Theory,10.5281/zenodo.19329284,10.5281/zenodo.19329285,19329285,173,170,23,22,173,170,23,22
2026-09-21,2026-09-21T07:51:15Z,papers/sae-cosmo-5.html,"The Peaked Profile of Local Causal Law, the Signed Balance of Paired Paths, and the Dual-Frame Resolution of the Ġ/G Tension",10.5281/zenodo.19329771,10.5281/zenodo.21926230,21926230,221,206,74,70,30,17,11,7
2026-09-21,2026-09-21T07:51:15Z,papers/sae-four-forces-prequel.html,"Light Speed, Dimensional Breakthrough, and the Coupling Constant Hierarchy",10.5281/zenodo.19341042,10.5281/zenodo.19341043,19341043,182,180,76,76,182,180,76,76
2026-09-21,2026-09-21T07:51:15Z,papers/sae-four-forces-I.html,"Four Forces, Two Postulates: Unification of Source, Not Structure",10.5281/zenodo.19342106,10.5281/zenodo.21930071,21930071,180,178,55,55,5,4,3,3
2026-09-21,2026-09-21T07:51:15Z,papers/nurturing.html,Cross-Subject DD-Layer Regulation: Six Forms of Nurturing,10.5281/zenodo.19347095,10.5281/zenodo.19347096,19347096,178,177,55,55,178,177,55,55
2026-09-21,2026-09-21T07:51:15Z,papers/sae-ai-trends.html,Constraint and Emergence: Structural Trends in AI Development as Seen from Local Inference,10.5281/zenodo.19356675,10.5281/zenodo.19356676,19356676,117,115,113,106,117,115,113,106
2026-09-21,2026-09-21T07:51:15Z,papers/zfcrho-49.html,"The UAP_Ω Theorem, Slow Decrease, Cyclotomic Discount Rates, and the Two Final Gaps for H′",10.5281/zenodo.19357193,10.5281/zenodo.19357194,19357194,172,171,43,43,172,171,43,43
2026-09-21,2026-09-21T07:51:15Z,papers/four-layers-economic.html,Four Layers of Economic Rationality: A Diagnostic Extension of the Rational Agent from Dimensional Sequence Theory,10.5281/zenodo.19358010,10.5281/zenodo.19358011,19358011,198,195,92,85,198,195,92,85
2026-09-21,2026-09-21T07:51:15Z,papers/sae-methodology-subject.html,The Subject as Structural Condition of Methodology: Field Validation of the Twelve-State Transmission Model and the Whether Function,10.5281/zenodo.19359612,10.5281/zenodo.19359613,19359613,187,186,55,55,187,186,55,55
2026-09-21,2026-09-21T07:51:15Z,papers/sae-four-forces-II.html,"The Four Forces Paper II: Color, Hypercharge, and Dual-4DD Boundary Resolution",10.5281/zenodo.19360101,10.5281/zenodo.21924721,21924721,190,189,55,55,8,7,4,4
2026-09-21,2026-09-21T07:51:15Z,papers/sae-physics-foundation.html,SAE Foundation v2: Systematic Restatement of the Physical-Quantity Ladder and Signature Discipline,10.5281/zenodo.19361950,10.5281/zenodo.20322460,20322460,225,218,76,75,124,119,41,40
2026-09-21,2026-09-21T07:51:15Z,papers/aging.html,Aging: The Running Cost of the Chisel-Construct Cycle,10.5281/zenodo.19364492,10.5281/zenodo.19364493,19364493,187,184,68,66,187,184,68,66
2026-09-21,2026-09-21T07:51:15Z,papers/sae-sex-unfolding.html,The Remainder Structure of Sex Unfolding: A Cross-Phylum Non-Adaptive Model of Same-Sex Sexual Behavior,10.5281/zenodo.19364915,10.5281/zenodo.22869528,22869528,194,193,63,63,0,0,0,0
2026-09-21,2026-09-21T07:51:15Z,papers/sae-multi-ai.html,Multi-AI Checks and Balances: Layer-Appropriate Operation as an Architectural Paradigm,10.5281/zenodo.19366105,10.5281/zenodo.19366106,19366106,210,207,61,59,210,207,61,59
2026-09-21,2026-09-21T07:51:15Z,papers/sae-four-forces-III.html,Labeling without Constructing: The DD Origin of the Weak Mixing Angle,10.5281/zenodo.19379412,10.5281/zenodo.21928526,21928526,172,169,75,73,9,7,4,4
2026-09-21,2026-09-21T07:51:15Z,papers/zfcrho50.html,"Character Stripping, Deterministic Square-Function, and the Precise Localization of H′",10.5281/zenodo.19381111,10.5281/zenodo.19382313,19382313,184,183,80,79,170,169,60,60
2026-09-21,2026-09-21T07:51:15Z,papers/sae-economics-2.html,The Other End of the Bridge: Economic Rationality When 15DD Faces a Party Who Does Not Enter 15DD,10.5281/zenodo.19381666,10.5281/zenodo.19381667,19381667,169,168,62,61,169,168,62,61
2026-09-21,2026-09-21T07:51:15Z,papers/sae-economics-3.html,"Dimensional Sequence Economics in Mixed Markets: Remote Observation, Clustering, and Emergence",10.5281/zenodo.19384446,10.5281/zenodo.19384447,19384447,184,183,73,72,184,183,73,72
2026-09-21,2026-09-21T07:51:15Z,papers/sae-economics-applied.html,The Conditions for Sharing with All of Humanity: Deriving an Open Information Protocol from Four Layers of Economic Rationality,10.5281/zenodo.19385061,10.5281/zenodo.19385062,19385062,174,173,79,76,174,173,79,76
2026-09-21,2026-09-21T07:51:15Z,papers/sae-reincarnation.html,A Structural Redefinition of &#8220;Reincarnation&#8221;: 11DD Broadcasting and 13DD Filtering,10.5281/zenodo.19385464,10.5281/zenodo.19385465,19385465,174,174,58,57,174,174,58,57
2026-09-21,2026-09-21T07:51:15Z,papers/sae-economics-breathing-money.html,Institutional Design in Adaptive Monetary Systems: A Dimensional Sequence Analysis of Breathing Money,10.5281/zenodo.19391325,10.5281/zenodo.19391326,19391326,163,162,53,52,163,162,53,52
2026-09-21,2026-09-21T07:51:15Z,papers/sae-economics-4.html,The Phase-Transition Window of the Free Market: The Homologous Skeleton of ZFCρ and SAE Economics,10.5281/zenodo.19393913,10.5281/zenodo.19393914,19393914,176,176,72,66,176,176,72,66
2026-09-21,2026-09-21T07:51:15Z,papers/zfcrho51.html,"Exponential Block Decay, Spectral Reformulation, and the Periodogram Target for H′",10.5281/zenodo.19393954,10.5281/zenodo.19393955,19393955,177,176,65,63,177,176,65,63
2026-09-21,2026-09-21T07:51:15Z,papers/sae-four-forces-generation.html,Topological Origin of Three Fermion Generations and Their Mass Structure,10.5281/zenodo.19394500,10.5281/zenodo.21925976,21925976,183,180,88,84,12,9,12,10
2026-09-21,2026-09-21T07:51:15Z,papers/sae-economics-5.html,The Structural Inevitability of 15DD Emergence in Free Markets: From Baseline Collisions to Perceptual Leap,10.5281/zenodo.19394738,10.5281/zenodo.19394739,19394739,174,172,70,67,174,172,70,67
2026-09-21,2026-09-21T07:51:15Z,papers/sae-economics-6.html,Kingdom of Ends vs Kingdom of Means: Phase-Transition Acceleration in the Age of AI,10.5281/zenodo.19396633,10.5281/zenodo.19396634,19396634,188,185,66,63,188,185,66,63
2026-09-21,2026-09-21T07:51:15Z,papers/zfcrho52.html,"Mean-Reversion, Spectral Valley, and the Projective Criterion for H′",10.5281/zenodo.19407328,10.5281/zenodo.19407329,19407329,173,171,58,57,173,171,58,57
2026-09-21,2026-09-21T07:51:15Z,papers/sae-four-forces-IV.html,"6-Block Pair Algebra, 𝔰𝔬(6) ≅ 𝔰𝔲(4), and Lepton as a Color-Singlet Volume Line",10.5281/zenodo.19411672,10.5281/zenodo.19411673,19411673,187,186,84,83,187,186,84,83
2026-09-21,2026-09-21T07:51:15Z,papers/zfcrho53.html,"Screened Long Memory, the Screening Return Theorem, and the Polynomial Gap for H′",10.5281/zenodo.19415440,10.5281/zenodo.19415441,19415441,172,171,60,58,172,171,60,58
2026-09-21,2026-09-21T07:51:15Z,papers/sae-four-forces-V.html,Four Forces Paper V: The Counting Origin of Coupling Constants and the Generating-Function Unification of 65/4,10.5281/zenodo.19415804,10.5281/zenodo.19415805,19415805,184,183,62,58,184,183,62,58
2026-09-21,2026-09-21T07:51:15Z,papers/sae-four-forces-VI.html,Four Forces Paper VI: Why GUT-Predicted Proton Decay Remains Absent — Spin(10) as Classification Algebra and the GUT Prediction Blind Spot,10.5281/zenodo.19426067,10.5281/zenodo.19426068,19426068,166,165,42,41,166,165,42,41
2026-09-21,2026-09-21T07:51:15Z,papers/zfcrho54.html,Recursive Ancestor Inheritance and the Origin of Power-Law Covariance in h(p),10.5281/zenodo.19426094,10.5281/zenodo.19426095,19426095,177,176,64,62,177,176,64,62
2026-09-21,2026-09-21T07:51:15Z,papers/learning1.html,"Learning Through Memory and Prediction: The Construction, Window, and Cost of 11DD and 12DD",10.5281/zenodo.19426123,10.5281/zenodo.19435191,19435191,184,183,81,80,171,170,64,63
2026-09-21,2026-09-21T07:51:15Z,papers/sae-four-forces-VII.html,Four Forces Paper VII: S³ Packing Theorem and the Three-Layer Structure of Coupling Constants,10.5281/zenodo.19433220,10.5281/zenodo.19433221,19433221,162,161,57,55,162,161,57,55
2026-09-21,2026-09-21T07:51:15Z,papers/learning2.html,"Learning to Scrutinize and Correct: The Emergence, Operation, and Cost of 13DD",10.5281/zenodo.19436811,10.5281/zenodo.19436812,19436812,178,177,89,83,178,177,89,83
2026-09-21,2026-09-21T07:51:15Z,papers/self-not-endpoint.html,"""Self Is Not the Endpoint"": Structural Convergence Across Three Religious Traditions and Three Psychoanalytic Frameworks",10.5281/zenodo.19446778,10.5281/zenodo.19446779,19446779,180,179,56,56,180,179,56,56
2026-09-21,2026-09-21T07:51:15Z,papers/zfcrho55.html,"Damped Oscillation, the 70/30 Law, and the Positive-Tail Theorem",10.5281/zenodo.19447349,10.5281/zenodo.19447350,19447350,172,171,175,164,172,171,175,164
2026-09-21,2026-09-21T07:51:15Z,papers/sae-four-forces-VIII.html,"Strong CP and DD Levels: A Mirror No-Go, and the Boundary-Condition Status of θ̄",10.5281/zenodo.19450288,10.5281/zenodo.21856889,21856889,177,176,61,61,9,8,14,14
2026-09-21,2026-09-21T07:51:15Z,papers/sae-four-forces-finale.html,The Grammar of Force: Self-as-an-End Four Forces Series — Finale,10.5281/zenodo.19464378,10.5281/zenodo.19464447,19464447,200,198,73,72,187,185,57,56
2026-09-21,2026-09-21T07:51:15Z,papers/methodology6.html,Phase-Transition Windows and Experimental Design: The Systematic Mismatch Between Exposure Heterogeneity and Binary Analysis,10.5281/zenodo.19464506,10.5281/zenodo.19636548,19636548,218,214,113,111,162,160,54,54
2026-09-21,2026-09-21T07:51:15Z,papers/zfcrho56.html,"The Affine Trough Theorem, Direct Spectral Ratio, and the Spectral Closure Equation",10.5281/zenodo.19464605,10.5281/zenodo.19464606,19464606,173,173,83,78,173,173,83,78
2026-09-21,2026-09-21T07:51:15Z,papers/zfcrho57.html,The Screened Spectral Bound and the Block Mean Target,10.5281/zenodo.19469013,10.5281/zenodo.19469014,19469014,166,166,58,57,166,166,58,57
2026-09-21,2026-09-21T07:51:15Z,papers/sae-mass-series-I.html,The R₁ Closure Equation and the Conditional Extraction of α_em,10.5281/zenodo.19476358,10.5281/zenodo.19476359,19476359,172,171,73,72,172,171,73,72
2026-09-21,2026-09-21T07:51:15Z,papers/zfcrho58.html,Deterministic Spectral Target and BL_α via Cross-Product and Spectral Derivative,10.5281/zenodo.19476508,10.5281/zenodo.19476509,19476509,167,164,64,60,167,164,64,60
2026-09-21,2026-09-21T07:51:15Z,papers/zfcrho59.html,Spectral Ratio Boundedness and the Two-Conjecture Closure of H',10.5281/zenodo.19480518,10.5281/zenodo.19480519,19480519,174,171,66,64,174,171,66,64
2026-09-21,2026-09-21T07:51:15Z,papers/zfcrho60.html,Closure — From Formalization Produces Remainder to the Two-Conjecture Frontier of H',10.5281/zenodo.19480563,10.5281/zenodo.19480564,19480564,169,168,75,73,169,168,75,73
2026-09-21,2026-09-21T07:51:15Z,papers/sae-mass-series-II.html,DD Resolvent Object and Unified Readout of Physical Constants,10.5281/zenodo.19480790,10.5281/zenodo.19480791,19480791,176,174,74,73,176,174,74,73
2026-09-21,2026-09-21T07:51:15Z,papers/methodology7.html,Negative Methodology — Via Negativa and the Formal Structure of Exclusion Principles,10.5281/zenodo.19481304,10.5281/zenodo.19481305,19481305,191,190,58,57,191,190,58,57
2026-09-21,2026-09-21T07:51:15Z,papers/learning3.html,"Purpose-Driven Learning: Introduction to SAE Learning, Part Three (14DD)",10.5281/zenodo.19490707,10.5281/zenodo.19490708,19490708,178,174,60,55,178,174,60,55
2026-09-21,2026-09-21T07:51:15Z,papers/learning4.html,Learning to Recognize the Other's Purpose: The Bridge from 14DD to 15DD,10.5281/zenodo.19491926,10.5281/zenodo.19491927,19491927,168,167,69,69,168,167,69,69
2026-09-21,2026-09-21T07:51:15Z,papers/sae-biology-note-1.html,Phase Transition Window in Metabolic Oncology,10.5281/zenodo.19492773,10.5281/zenodo.19492774,19492774,174,172,76,72,174,172,76,72
2026-09-21,2026-09-21T07:51:15Z,papers/sae-mass-series-III.html,DD Structure of the Periodic Table: From Proton Mass to Stability Limits,10.5281/zenodo.19493938,10.5281/zenodo.19493939,19493939,171,169,58,57,171,169,58,57
2026-09-21,2026-09-21T07:51:15Z,papers/sae-biology-note-2.html,"The Same ""Cannot Speak,"" Three Fault Lines, Three Remedies",10.5281/zenodo.19499328,10.5281/zenodo.19499329,19499329,182,181,79,75,182,181,79,75
2026-09-21,2026-09-21T07:51:15Z,papers/sae-biology-note-3.html,"Drugs for Weight Loss, Psychoanalysis for Weight Gain",10.5281/zenodo.19501120,10.5281/zenodo.19501121,19501121,180,176,66,64,180,176,66,64
2026-09-21,2026-09-21T07:51:15Z,papers/sae-mass-series-IV.html,The DD Ladder of Stars: From Hydrogen to Iron to Collapse,10.5281/zenodo.19501306,10.5281/zenodo.21924984,21924984,195,193,64,62,11,10,4,4
2026-09-21,2026-09-21T07:51:15Z,papers/sae-mass-series-V.html,Four Bridges and Black Holes: From the Genesis of Force to the Silence of the Horizon,10.5281/zenodo.19501532,10.5281/zenodo.21925043,21925043,194,191,72,72,16,13,15,15
2026-09-21,2026-09-21T07:51:15Z,papers/sae-epistemology-1.html,Must-Cognize: Four A Priori Conditions of Cognition and the Subjectivity Problem in AGI,10.5281/zenodo.19502952,10.5281/zenodo.19502953,19502953,200,197,84,81,200,197,84,81
2026-09-21,2026-09-21T07:51:15Z,papers/sae-epistemology-2.html,Must-Cognize-More: The Prior Wall and the Direction Problem of Lossy Compression,10.5281/zenodo.19503017,10.5281/zenodo.19503018,19503018,192,191,62,61,192,191,62,61
2026-09-21,2026-09-21T07:51:15Z,papers/sae-epistemology-3.html,Must-Have-Cognitive-Direction: The Direction Wall and the Flywheel's Dead End,10.5281/zenodo.19503096,10.5281/zenodo.19503097,19503097,182,181,80,77,182,181,80,77
2026-09-21,2026-09-21T07:51:15Z,papers/sae-epistemology-4.html,"Must-Be-Questioned: Remainder Never Dies, Questioning Never Stops, Development Never Ends",10.5281/zenodo.19503145,10.5281/zenodo.19503146,19503146,197,196,75,74,197,196,75,74
2026-09-21,2026-09-21T07:51:15Z,papers/sae-anthropology-prequel.html,The Cosmic Background of Anthropology,10.5281/zenodo.19503158,10.5281/zenodo.19503159,19503159,193,192,95,91,193,192,95,91
2026-09-21,2026-09-21T07:51:15Z,papers/sae-mass-series-convergence.html,The Nature of Information: E/c³ (V2),10.5281/zenodo.19510868,10.5281/zenodo.20176738,20176738,202,200,73,71,129,127,42,41
2026-09-21,2026-09-21T07:51:15Z,papers/zfcrho-thermo2.html,Microscopic Mechanism of the Fluctuation Absorption Rate η: From Per-Layer Innovation to Damped Oscillation,10.5281/zenodo.19511064,10.5281/zenodo.19511065,19511065,173,171,68,65,173,171,68,65
2026-09-21,2026-09-21T07:51:15Z,papers/sae-life-death-6.html,From Remainder Conservation to Step-3 Encoding Waves,10.5281/zenodo.19528780,10.5281/zenodo.19548394,19548394,194,193,111,110,31,30,41,41
2026-09-21,2026-09-21T07:51:15Z,papers/sae-anthropology-1.html,The Emergence of 13DD: A Phase-Transition Structure of What Makes Us Human,10.5281/zenodo.19531333,10.5281/zenodo.19565517,19565517,205,199,76,69,36,30,21,20
2026-09-21,2026-09-21T07:51:15Z,papers/sae-negativa.html,非 · Negativa: On Negation Prior to Being,10.5281/zenodo.19544619,10.5281/zenodo.19544620,19544620,201,197,89,86,201,197,89,86
2026-09-21,2026-09-21T07:51:15Z,papers/sae-anthropology-2.html,The Emergence of 14DD: Phase-Transition Structure from Individual Purpose to Shared Purpose,10.5281/zenodo.19546081,10.5281/zenodo.19546082,19546082,162,160,76,69,162,160,76,69
2026-09-21,2026-09-21T07:51:15Z,papers/sae-law-1.html,One's Law Meets One's Law: The Structural Origin of Law from 14DD Showdown,10.5281/zenodo.19548237,10.5281/zenodo.19548238,19548238,166,164,55,51,166,164,55,51
2026-09-21,2026-09-21T07:51:15Z,papers/sae-law-2.html,Group Law — From Emotion to Shared Identity: The Institutionalization of Questioning,10.5281/zenodo.19548318,10.5281/zenodo.19548319,19548319,162,161,54,52,162,161,54,52
2026-09-21,2026-09-21T07:51:15Z,papers/sae-law-3.html,National Law — Azeroth: A Negative Thought Experiment on the Structural Necessity of Law,10.5281/zenodo.19548596,10.5281/zenodo.19548597,19548597,162,160,53,52,162,160,53,52
2026-09-21,2026-09-21T07:51:15Z,papers/sae-law-4.html,Interstellar Law and Grand Closure — The Recession of Coercive Law,10.5281/zenodo.19549018,10.5281/zenodo.19549019,19549019,170,168,57,57,170,168,57,57
2026-09-21,2026-09-21T07:51:15Z,papers/sae-law-supplement.html,A Posterior Dialogue with Western Jurisprudence,10.5281/zenodo.19551526,10.5281/zenodo.22654821,22654821,162,159,58,57,4,2,3,3
2026-09-21,2026-09-21T07:51:15Z,papers/sae-anthropology-3.html,"15DD: The Emergence of ""Humanity as an End""",10.5281/zenodo.19559566,10.5281/zenodo.19565975,19565975,195,190,113,104,23,22,36,36
2026-09-21,2026-09-21T07:51:15Z,papers/sae-anthropology-4.html,The Emergence of Earth Civilization's Self,10.5281/zenodo.19563244,10.5281/zenodo.19563245,19563245,163,160,47,46,163,160,47,46
2026-09-21,2026-09-21T07:51:15Z,papers/sae-methodology-8.html,The Methodology of Human–AI Symbiosis,10.5281/zenodo.19581537,10.5281/zenodo.19581538,19581538,242,235,98,88,242,235,98,88
2026-09-21,2026-09-21T07:51:15Z,papers/sae-llm-alignment.html,The Subject Condition in LLM Alignment Evaluation: An Application of the Prior-Posterior Methodology,10.5281/zenodo.19583413,10.5281/zenodo.19583414,19583414,200,198,78,71,200,198,78,71
2026-09-21,2026-09-21T07:51:15Z,papers/sae-biology-note-4.html,Transplant Rejection and Consciousness-Mediated Regulation,10.5281/zenodo.19588656,10.5281/zenodo.19588657,19588657,179,177,63,61,179,177,63,61
2026-09-21,2026-09-21T07:51:15Z,papers/sae-biology-note-5.html,The Phase-Transition Window in Depression,10.5281/zenodo.19589573,10.5281/zenodo.19589574,19589574,164,161,66,65,164,161,66,65
2026-09-21,2026-09-21T07:51:15Z,papers/sae-biology-note-6.html,The A Priori Structure of the Midlife Crisis,10.5281/zenodo.19590561,10.5281/zenodo.19590562,19590562,180,177,68,65,180,177,68,65
2026-09-21,2026-09-21T07:51:15Z,papers/zfcrho-thermo3.html,ZFCρ Thermodynamics Paper III: Canonical f/r Extraction and Regime Classification of the Fluctuation Absorption Rate η,10.5281/zenodo.19597684,10.5281/zenodo.19597685,19597685,178,174,94,86,178,174,94,86
2026-09-21,2026-09-21T07:51:15Z,papers/sae-biology-note-7.html,Dissociative Identity and the Dissociation Spectrum,10.5281/zenodo.19600029,10.5281/zenodo.19600030,19600030,183,182,91,86,183,182,91,86
2026-09-21,2026-09-21T07:51:15Z,papers/zfcrho-thermo4.html,ZFCρ Thermodynamics Paper IV: Toward a First-Principles Derivation of the Tsallis q Parameter,10.5281/zenodo.19605664,10.5281/zenodo.19605665,19605665,172,169,77,73,172,169,77,73
2026-09-21,2026-09-21T07:51:15Z,papers/zfcrho61.html,ZFCρ Paper LXI: A Conditional Reduction of the Spectral Derivative Bound,10.5281/zenodo.19605749,10.5281/zenodo.19605750,19605750,168,165,84,84,168,165,84,84
2026-09-21,2026-09-21T07:51:15Z,papers/sae-biology-note-8.html,ADHD and the AI Era: Configuration Release in the 14DD-Rich Type,10.5281/zenodo.19616407,10.5281/zenodo.19616408,19616408,184,182,55,55,184,182,55,55
2026-09-21,2026-09-21T07:51:15Z,papers/sae-dialogues-01.html,SAE Dialogues · Da Zhi Asks Zi Lu · Volume One: From Telomerase to Before 0DD,10.5281/zenodo.19617070,10.5281/zenodo.19617071,19617071,179,177,61,61,179,177,61,61
2026-09-21,2026-09-21T07:51:15Z,papers/sae-biology-note-9.html,SAE Biology Note 9: The Memory System as a Method VI Phase Transition,10.5281/zenodo.19635021,10.5281/zenodo.19635022,19635022,177,174,110,98,177,174,110,98
2026-09-21,2026-09-21T07:51:15Z,papers/sae-methodology-9.html,SAE Methodology IX: A Framework for Analyzing Consciousness,10.5281/zenodo.19639033,10.5281/zenodo.19639034,19639034,176,175,71,70,176,175,71,70
2026-09-21,2026-09-21T07:51:15Z,papers/zfcrho-thermo5.html,ZFCρ Thermodynamics Paper V: The Channel-Normalized Winding Ratio,10.5281/zenodo.19649780,10.5281/zenodo.19649781,19649781,176,175,73,73,176,175,73,73
2026-09-21,2026-09-21T07:51:15Z,papers/sae-biology-note-10.html,SAE Biology Note 10: Anesthesia as Controlled Suppression of 13DD Fine-Layers,10.5281/zenodo.19650533,10.5281/zenodo.19650534,19650534,173,169,75,70,173,169,75,70
2026-09-21,2026-09-21T07:51:15Z,papers/zfcrho62.html,ZFCρ Paper LXII: Two-River Synchronization and the Precise Restatement of Spectral Ratio Boundedness — From P+R Decomposition to Conjecture 59.1,10.5281/zenodo.19656365,10.5281/zenodo.19656366,19656366,151,149,55,55,151,149,55,55
2026-09-21,2026-09-21T07:51:15Z,papers/sae-war-treatise.html,SAE War Treatise: How Cultivation Is Not Swallowed by War Itself,10.5281/zenodo.19656617,10.5281/zenodo.19656618,19656618,163,162,83,82,163,162,83,82
2026-09-21,2026-09-21T07:51:15Z,papers/sae-methodology-00.html,Methodology 00 Via Rho: The Way of the Remainder,10.5281/zenodo.19657439,10.5281/zenodo.19657440,19657440,169,166,73,72,169,166,73,72
2026-09-21,2026-09-21T07:51:15Z,papers/zfcrho-thermo6.html,"ZFCρ Thermodynamics Paper VI: Causal Correlation Volume, Tail-Active Multiplicative Coupling, and the Conditional Derivation of the Channel-Normalized Winding Ratio",10.5281/zenodo.19658595,10.5281/zenodo.19658596,19658596,143,142,43,43,143,142,43,43
2026-09-21,2026-09-21T07:51:15Z,papers/zfcrho63.html,ZFCρ Paper LXIII: Increment Second-Order Orthogonality and the SAE Axiom Intersection — From Deterministic Pairing to Zero-Mode Pinning,10.5281/zenodo.19659860,10.5281/zenodo.19659861,19659861,159,156,86,82,159,156,86,82
2026-09-21,2026-09-21T07:51:15Z,papers/sae-ai-quasi-subjectivity.html,SAE AI Paper II: Quasi-Subjectivity as Memory Architecture — A Six-Layer Framework from Perception to Purpose,10.5281/zenodo.19671870,10.5281/zenodo.19673710,19673710,172,170,68,67,154,152,54,53
2026-09-21,2026-09-21T07:51:15Z,papers/zfcrho-thermo7.html,"ZFCρ Thermodynamics Paper VII: Finite Causal Slots, Renewal Encapsulation, and the Operational Origin of Hierarchical Non-Boltzmann Kernels",10.5281/zenodo.19673078,10.5281/zenodo.19673079,19673079,160,159,58,58,160,159,58,58
2026-09-21,2026-09-21T07:51:15Z,papers/zfcrho64.html,"ZFCρ Paper LXIV: Two-Dimensional Anatomy of the Remainder Measure — Branch-Orthogonality, Free-Boundary Profiles, and Surrogate Layering",10.5281/zenodo.19674521,10.5281/zenodo.19674522,19674522,154,152,44,44,154,152,44,44
2026-09-21,2026-09-21T07:51:15Z,papers/zfcrho65.html,ZFCρ Paper LXV: Branch Centering and the Spectral Route — From False Mean Modes to the Conditional Ψ = O(j) Architecture,10.5281/zenodo.19687343,10.5281/zenodo.19687344,19687344,151,149,57,57,151,149,57,57
2026-09-21,2026-09-21T07:51:15Z,papers/zfcrho-thermo8.html,"ZFCρ Thermodynamics Paper VIII: Copying Fidelity, Renewal Retention, and the Thermodynamic Division of Labor across Biological DD Layers",10.5281/zenodo.19688303,10.5281/zenodo.19688304,19688304,161,160,61,61,161,160,61,61
2026-09-21,2026-09-21T07:51:15Z,papers/sae-tevah-app1.html,The Physical Referent of Tevah: A Via Negativa Application in Mythology,10.5281/zenodo.19692086,10.5281/zenodo.19692087,19692087,149,149,66,62,149,149,66,62
2026-09-21,2026-09-21T07:51:15Z,papers/zfcrho-thermo9.html,"ZFCρ Thermodynamics Paper IX: The Universal Activation Rule, Borrowed q, and Thermodynamic Principles of Hierarchical Architecture",10.5281/zenodo.19699488,10.5281/zenodo.19699489,19699489,150,147,47,46,150,147,47,46
2026-09-21,2026-09-21T07:51:15Z,papers/zfcrho66.html,ZFCρ Paper LXVI: Gradual Chiseling and the Spectral Bridge — Two-Regime Structure of the Centered Residual ACF,10.5281/zenodo.19701479,10.5281/zenodo.19701480,19701480,152,151,50,50,152,151,50,50
2026-09-21,2026-09-21T07:51:15Z,papers/zfcrho-thermo10.html,ZFCρ Thermodynamics Paper X (Closing Paper): Self-Reference as Channel Creator and Cross-Level Observation Hierarchy,10.5281/zenodo.19703273,10.5281/zenodo.19703274,19703274,154,152,50,50,154,152,50,50
2026-09-21,2026-09-21T07:51:15Z,papers/zfcrho67.html,ZFCρ Paper LXVII: Scale-Dependent Erosion Rate and the Intrinsic Spectral Bridge — Discovery of the C_eff Trajectory,10.5281/zenodo.19705713,10.5281/zenodo.19705714,19705714,133,132,47,47,133,132,47,47
2026-09-21,2026-09-21T07:51:15Z,papers/sae-categorical-faith.html,Categorical Faith: A Sentence-Form Theory of One's Own Faith in SAE,10.5281/zenodo.19719083,10.5281/zenodo.19724409,19724409,165,164,108,98,151,150,76,68
2026-09-21,2026-09-21T07:51:15Z,papers/zfcrho68.html,"ZFCρ Paper LXVIII: The {2,3}-Skeleton and the Minimum Crossing Mechanism — From 18 Kills to the Irreducibility of the Discrete",10.5281/zenodo.19739810,10.5281/zenodo.19739811,19739811,143,142,75,75,143,142,75,75
2026-09-21,2026-09-21T07:51:15Z,papers/sae-info-theory-1.html,SAE Information Theory I: The 4DD Ontology of Information and a Single Foundational Axiom,10.5281/zenodo.19740019,10.5281/zenodo.19740020,19740020,167,165,70,70,167,165,70,70
2026-09-21,2026-09-21T07:51:15Z,papers/sae-reason-cannot-not.html,Reason Cannot Not: An SAE Refinement of Kant's Four Formulations of the Categorical Imperative,10.5281/zenodo.19751512,10.5281/zenodo.19751513,19751513,155,154,59,59,155,154,59,59
2026-09-21,2026-09-21T07:51:15Z,papers/sae-four-forces-0.html,"Four Forces Paper 0: Gravity Is Not a Force, It Is Information Reading — A Reading-Mechanism Ontology for 4DD Interactions",10.5281/zenodo.19777880,10.5281/zenodo.19777881,19777881,185,183,71,67,185,183,71,67
2026-09-21,2026-09-21T07:51:15Z,papers/sae-info-theory-2.html,SAE Information Theory II: A Structural Derivation of Landauer's Principle within the SAE Framework — Three Pillars and Their Open Problems,10.5281/zenodo.19780314,10.5281/zenodo.19780315,19780315,150,148,69,69,150,148,69,69
2026-09-21,2026-09-21T07:51:15Z,papers/zfcrho69.html,ZFCρ H&#x2019; Series Paper LXIX: Finite Skeleton Phase Transitions and the Two-Leg Mechanism for Conjecture 59.1,10.5281/zenodo.19783658,10.5281/zenodo.19829875,19829875,169,168,119,118,154,153,45,44
2026-09-21,2026-09-21T07:51:15Z,papers/sae-info-theory-3.html,SAE Information Theory III: The Causal Slot of Information — A 4DD Ontology from Quantum Fluctuation to Thermal-Floor Minimum,10.5281/zenodo.19797456,10.5281/zenodo.19797457,19797457,145,144,67,67,145,144,67,67
2026-09-21,2026-09-21T07:51:15Z,papers/sae-grav-time-dilation.html,Gravitational Time Dilation in the SAE Framework: Causal Cell Throughput Derivation,10.5281/zenodo.19836183,10.5281/zenodo.19836185,19836185,154,152,39,39,154,152,39,39
2026-09-21,2026-09-21T07:51:15Z,papers/sae-info-theory-4.html,SAE Information Theory IV: Black Hole Information through the Causal Spectrum — The SAE-BH Correspondence,10.5281/zenodo.19880111,10.5281/zenodo.19880112,19880112,157,155,68,64,157,155,68,64
2026-09-21,2026-09-21T07:51:15Z,papers/sae-relativity-p2.html,Ontological Unification of Motion and Gravitational Effects: Effective Inertia under Causal-Slot Geometry,10.5281/zenodo.19910545,10.5281/zenodo.19910546,19910546,139,137,68,60,139,137,68,60
2026-09-21,2026-09-21T07:51:15Z,papers/sae-info-theory-5.html,SAE Information Theory V: The Ontological Structure of Broadcasting and Reception,10.5281/zenodo.19968503,10.5281/zenodo.19968504,19968504,142,139,55,49,142,139,55,49
2026-09-21,2026-09-21T07:51:15Z,papers/sae-long-tau-consensus.html,The Four-Phase Structure and Asymmetric Geometry of Long-τ Consensus,10.5281/zenodo.19984902,10.5281/zenodo.19984903,19984903,126,125,44,44,126,125,44,44
2026-09-21,2026-09-21T07:51:15Z,papers/zfcrho70.html,ZFCρ Paper LXX: The Block-Wise Effective Skeleton — A Reduction of Conjecture 59.1,10.5281/zenodo.19985154,10.5281/zenodo.19985155,19985155,138,136,48,47,138,136,48,47
2026-09-21,2026-09-21T07:51:15Z,papers/sae-relativity-p3.html,SAE Relativity P3: Functional Form of Static Effective Dimensionality under Causal-Slot Geometry,10.5281/zenodo.19992252,10.5281/zenodo.19992253,19992253,135,134,68,63,135,134,68,63
2026-09-21,2026-09-21T07:51:15Z,papers/sae-moral-law-1.html,SAE Moral Law Series · Paper 1: Four Foundational Theorems of the Moral Law · Dao,10.5281/zenodo.20011018,10.5281/zenodo.20011019,20011019,150,148,64,63,150,148,64,63
2026-09-21,2026-09-21T07:51:15Z,papers/zfcrho71.html,ZFCρ Paper LXXI: Linear Signed Abel Budget and the Saturated Zero-Mode Target,10.5281/zenodo.20011553,10.5281/zenodo.20020573,20020573,148,147,85,81,135,134,60,58
2026-09-21,2026-09-21T07:51:15Z,papers/sae-moral-law-2.html,"SAE Moral Law Series · Paper 2: Introspective Fairness, Justice, and Equality · Dao",10.5281/zenodo.20020396,10.5281/zenodo.20020397,20020397,153,149,52,49,153,149,52,49
2026-09-21,2026-09-21T07:51:15Z,papers/zfcrho72.html,ZFCρ Paper LXXII: Spectral Bridge Front II — Positive-Lobe Scaling and Front Residual Locking,10.5281/zenodo.20029941,10.5281/zenodo.20029942,20029942,146,141,44,44,146,141,44,44
2026-09-21,2026-09-21T07:51:15Z,papers/sae-moral-law-3.html,SAE Moral Law Series · Paper 3: The Reputation Economy · Dao,10.5281/zenodo.20046168,10.5281/zenodo.20046169,20046169,161,160,115,108,161,160,115,108
2026-09-21,2026-09-21T07:51:15Z,papers/sae-info-theory-6.html,SAE Information Theory VI: Gravitational Wave Dynamics — The Dynamic Articulation of 4DD Broadcast,10.5281/zenodo.20066644,10.5281/zenodo.20066645,20066645,132,131,63,62,132,131,63,62
2026-09-21,2026-09-21T07:51:15Z,papers/sae-form-flow-p1.html,Form and Flow P1 — On the Hypotheses Which Lie at the Foundations of Geometry (Part II): A Contemporary Continuation of Riemann's Methodology and the Recognition of Geometric Remainders,10.5281/zenodo.20066985,10.5281/zenodo.20066986,20066986,149,147,56,53,149,147,56,53
2026-09-21,2026-09-21T07:51:15Z,papers/sae-moral-law-4.html,SAE Moral Law Series · Paper 4: Procedure of the Moral Court · Dao,10.5281/zenodo.20066987,10.5281/zenodo.22683110,22683110,153,152,57,55,7,6,5,5
2026-09-21,2026-09-21T07:51:15Z,papers/sae-relativity-p4.html,"SAE Relativity P4: Anisotropic Cell Tensor, the Third Path to Lorentz Transformation, the Clock Postulate as a Recovered Theorem, and the Ontological Identity of Einstein's Field Equation",10.5281/zenodo.20079718,10.5281/zenodo.20079719,20079719,138,135,63,62,138,135,63,62
2026-09-21,2026-09-21T07:51:15Z,papers/sae-moral-law-5.html,SAE Moral Law Series · Paper 5: Positive-Sum — The Ontological Ground of 15DD Mutual Chiseling,10.5281/zenodo.20081078,10.5281/zenodo.20081079,20081079,156,153,74,70,156,153,74,70
2026-09-21,2026-09-21T07:51:15Z,papers/zfcrho73.html,"ZFCρ Paper LXXIII: Antisymmetric Ward Lift, Uniform Readout Kernel, and the Abel-Transfer Defect — A Four-Layer Mechanism Architecture for the Gap-Class Cross-Interference Structure",10.5281/zenodo.20081779,10.5281/zenodo.20081780,20081780,130,129,58,55,130,129,58,55
2026-09-21,2026-09-21T07:51:15Z,papers/sae-relativity-p5.html,SAE Relativity V: The Schwarzschild Horizon under SAE — Cell Substrate Articulation of the Static Spherically Symmetric Vacuum Geometry,10.5281/zenodo.20105112,10.5281/zenodo.20105113,20105113,136,135,52,51,136,135,52,51
2026-09-21,2026-09-21T07:51:15Z,papers/sae-info-theory-7.html,SAE Information Theory P7: The Spark of Life — Remainder Unfolding as Causal-Slot Emergence,10.5281/zenodo.20105883,10.5281/zenodo.20105884,20105884,160,154,63,59,160,154,63,59
2026-09-21,2026-09-21T07:51:15Z,papers/sae-moral-law-6.html,SAE Moral Law Series · Paper 6: Mixed Reality — The Intermediate State of 14DD Growing toward 15DD,10.5281/zenodo.20108658,10.5281/zenodo.20108659,20108659,150,149,65,59,150,149,65,59
2026-09-21,2026-09-21T07:51:15Z,papers/sae-remainder-jing.html,Remainder Jing,10.5281/zenodo.20114648,10.5281/zenodo.20114649,20114649,142,140,41,41,142,140,41,41
2026-09-21,2026-09-21T07:51:15Z,papers/sae-daodejing-1.html,Commentary on the Daodejing: The Junzi Is Not a Vessel — I (Chapters 1–9),10.5281/zenodo.20116124,10.5281/zenodo.22775664,22775664,219,211,25,21,51,50,9,8
2026-09-21,2026-09-21T07:51:15Z,papers/sae-daodejing-2.html,Commentary on the Daodejing: The Junzi Is Not a Vessel — II (Chapters 10–18),10.5281/zenodo.20116288,10.5281/zenodo.22775719,22775719,147,144,19,19,2,2,7,7
2026-09-21,2026-09-21T07:51:15Z,papers/sae-daodejing-3.html,Commentary on the Daodejing: The Junzi Is Not a Vessel — III (Chapters 19–27),10.5281/zenodo.20117250,10.5281/zenodo.22775728,22775728,150,148,23,22,1,1,5,5
2026-09-21,2026-09-21T07:51:15Z,papers/sae-daodejing-4.html,Annotations on the Daodejing: The Junzi Is Not a Vessel — Paper 4 (Chapters 28–36),10.5281/zenodo.20127344,10.5281/zenodo.22775753,22775753,143,135,15,15,1,1,5,5
2026-09-21,2026-09-21T07:51:15Z,papers/sae-daodejing-5.html,Annotations on the Daodejing: The Junzi Is Not a Vessel — Paper 5 (Chapters 37–45),10.5281/zenodo.20129184,10.5281/zenodo.22775764,22775764,141,138,13,13,5,4,5,5
2026-09-21,2026-09-21T07:51:15Z,papers/sae-daodejing-6.html,Annotations on the Daodejing: The Junzi Is Not a Vessel — Paper 6 (Chapters 46–54),10.5281/zenodo.20131002,10.5281/zenodo.22775829,22775829,156,149,45,45,4,4,6,6
2026-09-21,2026-09-21T07:51:15Z,papers/sae-daodejing-7.html,Commentary on the Daodejing: The Junzi Is Not an Instrument — Volume 7 (Chapters 55–63),10.5281/zenodo.20131989,10.5281/zenodo.22775864,22775864,150,147,21,21,1,1,6,6
2026-09-21,2026-09-21T07:51:15Z,papers/sae-relativity-p6.html,"SAE Relativity Series, Paper P6: The Kerr Black Hole under SAE — Helical Closure of the Axisymmetric Vacuum Geometry",10.5281/zenodo.20131992,10.5281/zenodo.20131993,20131993,124,123,49,49,124,123,49,49
2026-09-21,2026-09-21T07:51:15Z,papers/sae-daodejing-8.html,Commentary on the Daodejing: Junzi-Bu-Qi — Volume 8 (Chapters 64–72),10.5281/zenodo.20133829,10.5281/zenodo.22775890,22775890,162,154,21,21,1,1,5,5
2026-09-21,2026-09-21T07:51:15Z,papers/sae-daodejing-9.html,"Commentary on the Daodejing: Junzi-Bu-Qi — Volume 9, Final Volume (Chapters 73–81)",10.5281/zenodo.20145192,10.5281/zenodo.22775905,22775905,130,127,17,16,2,2,5,5
2026-09-21,2026-09-21T07:51:15Z,papers/sae-info-theory-8.html,SAE Information Theory P8 — The Spark on the Bridge: Minimum Autocatalytic Set as Bridge Measure Between 4DD and 5DD,10.5281/zenodo.20149210,10.5281/zenodo.20149211,20149211,129,128,59,56,129,128,59,56
2026-09-21,2026-09-21T07:51:15Z,papers/sae-relativity-p7.html,SAE Relativity Series P7: The Three-Tier Equivalence Principle under SAE,10.5281/zenodo.20153787,10.5281/zenodo.20153788,20153788,139,136,45,44,139,136,45,44
2026-09-21,2026-09-21T07:51:15Z,papers/sae-math-p1.html,The Architecture of SAE Mathematics: A Layer Articulation Schema and the Twofold Inexhaustibility of Mathematics and Its Frameworks,10.5281/zenodo.20153791,10.5281/zenodo.21551299,21551299,135,132,42,41,19,18,11,11
2026-09-21,2026-09-21T07:51:15Z,papers/sae-moral-law-7.html,SAE Moral Law Series · Paper 7: 15DD Phase Transition and the Historical Manifestation of Individual 15DD,10.5281/zenodo.20177415,10.5281/zenodo.20177416,20177416,135,134,53,51,135,134,53,51
2026-09-21,2026-09-21T07:51:15Z,papers/sae-methodology-10.html,Methodology Ten: The Four-fold Pattern (V2),10.5281/zenodo.20187591,10.5281/zenodo.21198739,21198739,136,135,45,45,43,42,17,17
2026-09-21,2026-09-21T07:51:15Z,papers/sae-math-p2.html,SAE Mathematics Paper 2: L₀ Mathematicality — Inevitability and Multi-Path Realisation,10.5281/zenodo.20199082,10.5281/zenodo.20199083,20199083,126,125,53,51,126,125,53,51
2026-09-21,2026-09-21T07:51:15Z,papers/sae-moral-law-8.html,SAE Moral Law Series · Paper 8: Collective 15DD and the Four-Stage Evolution of Community Form,10.5281/zenodo.20218248,10.5281/zenodo.20218249,20218249,131,130,42,40,131,130,42,40
2026-09-21,2026-09-21T07:51:15Z,papers/sae-info-theory-9.html,SAE Information Theory IX: The H–I Floor Mapping and the 5DD Macro Bit,10.5281/zenodo.20225439,10.5281/zenodo.20225440,20225440,116,115,34,34,116,115,34,34
2026-09-21,2026-09-21T07:51:15Z,papers/sae-qm-p1.html,SAE Quantum Mechanics P1: The Pre-Closure Ontology,10.5281/zenodo.20252029,10.5281/zenodo.20252030,20252030,126,126,38,37,126,126,38,37
2026-09-21,2026-09-21T07:51:15Z,papers/sae-moral-law-9.html,SAE Moral Law Series · Paper 9: The Institutional Architecture of Mixed Reality,10.5281/zenodo.20262737,10.5281/zenodo.22869418,22869418,119,118,37,36,0,0,0,0
2026-09-21,2026-09-21T07:51:15Z,papers/sae-math-p3.html,SAE Mathematics Paper 3: Finite Algebraic Articulation of the Quantitative Dimension L₁,10.5281/zenodo.20266351,10.5281/zenodo.20266352,20266352,123,121,47,46,123,121,47,46
2026-09-21,2026-09-21T07:51:15Z,papers/sae-qm-p2.html,SAE Quantum Mechanics P2: Complex Amplitude as the Carrier of the Pre-Closure ρ-OR Realm,10.5281/zenodo.20277037,10.5281/zenodo.20277038,20277038,122,119,50,48,122,119,50,48
2026-09-21,2026-09-21T07:51:15Z,papers/sae-moral-law-0.html,SAE Moral Law Series · Paper 0: The Way of the Legislative Subject,10.5281/zenodo.20298413,10.5281/zenodo.22869224,22869224,125,124,46,46,0,0,0,0
2026-09-21,2026-09-21T07:51:15Z,papers/sae-info-theory-10.html,SAE Information Theory X: 6D Information Processing and Productive Randomness,10.5281/zenodo.20298530,10.5281/zenodo.20298531,20298531,114,111,45,40,114,111,45,40
2026-09-21,2026-09-21T07:51:15Z,papers/sae-qm-p3.html,SAE QM Paper 3: ℏ as the L₁↔L₂ Symplectic-Conjugation Closure Signature of the SAE Physical-Quantity Ladder,10.5281/zenodo.20340595,10.5281/zenodo.20340596,20340596,112,110,44,44,112,110,44,44
2026-09-21,2026-09-21T07:51:15Z,papers/sae-power-prequel.html,SAE Power Series · Prequel: What Power Is Not · Shi,10.5281/zenodo.20368866,10.5281/zenodo.20384114,20384114,133,131,62,56,116,114,37,34
2026-09-21,2026-09-21T07:51:15Z,papers/sae-qm-p4.html,SAE QM Paper 4: Quantum Tunneling as Density Modulation of Pre-closure ρ-OR Multiplicity in 3DD-active Barrier Regions,10.5281/zenodo.20369138,10.5281/zenodo.20369139,20369139,113,111,53,50,113,111,53,50
2026-09-21,2026-09-21T07:51:15Z,papers/sae-info-theory-11.html,SAE Information Theory XI: 7D Information Processing and Phenomenal Admission,10.5281/zenodo.20369231,10.5281/zenodo.20369232,20369232,124,122,55,51,124,122,55,51
2026-09-21,2026-09-21T07:51:15Z,papers/sae-power-1.html,SAE Power Series · Paper 1: On the Origin of Power · Shi,10.5281/zenodo.20370224,10.5281/zenodo.20384187,20384187,123,121,42,41,105,104,30,30
2026-09-21,2026-09-21T07:51:15Z,papers/untangling-zhuangzi.html,Untangling Zhuangzi · Forgetting in the Rivers and Lakes,10.5281/zenodo.20406836,10.5281/zenodo.20406837,20406837,129,126,39,38,129,126,39,38
2026-09-21,2026-09-21T07:51:15Z,papers/sae-llm-emergence.html,"How LLM Emergence Is Possible: SAE 16DD Ontology, BLR-mini Evidence, and the Non-Transferability of Human Subjectivity",10.5281/zenodo.20435628,10.5281/zenodo.20435629,20435629,111,110,67,59,111,110,67,59
2026-09-21,2026-09-21T07:51:15Z,papers/sae-power-2.html,SAE Power Series · Paper 2: On the Morphology of Power · Shi,10.5281/zenodo.20455221,10.5281/zenodo.20455222,20455222,113,108,43,39,113,108,43,39
2026-09-21,2026-09-21T07:51:15Z,papers/sae-qm-p5.html,SAE QM Paper 5: Self-as-an-End Ontological Articulation of Quantum Entanglement,10.5281/zenodo.20455398,10.5281/zenodo.20455399,20455399,113,110,39,36,113,110,39,36
2026-09-21,2026-09-21T07:51:15Z,papers/sae-qm-p6.html,SAE QM Paper 6: The Born Rule as the Algebraic Projection of Closure,10.5281/zenodo.20479658,10.5281/zenodo.20479659,20479659,107,106,41,41,107,106,41,41
2026-09-21,2026-09-21T07:51:15Z,papers/sae-power-3.html,SAE Power Series · Paper 3: On the Recognition of Power · Shi,10.5281/zenodo.20480134,10.5281/zenodo.20480135,20480135,108,106,44,36,108,106,44,36
2026-09-21,2026-09-21T07:51:15Z,papers/sae-info-theory-12.html,SAE Information Theory XII: 11DD Memory and 12DD Prediction — The 8D Information Architecture,10.5281/zenodo.20480742,10.5281/zenodo.20480743,20480743,110,106,47,45,110,106,47,45
2026-09-21,2026-09-21T07:51:15Z,papers/sae-power-4.html,SAE Power Series · Paper 4: On the Limit of Power · Shi,10.5281/zenodo.20532998,10.5281/zenodo.20532999,20532999,92,91,32,31,92,91,32,31
2026-09-21,2026-09-21T07:51:15Z,papers/sae-qm-p7.html,Measurement: Forced Slot-Crossing and the Ontological Identity of the 4DD ρ-AND Closure Event,10.5281/zenodo.20533295,10.5281/zenodo.20533296,20533296,94,93,24,24,94,93,24,24
2026-09-21,2026-09-21T07:51:15Z,papers/sae-info-theory-13.html,"SAE Information Theory XIII: 9D Information, the Processing at 13DD and the Unalterability of 14DD",10.5281/zenodo.20533431,10.5281/zenodo.20533432,20533432,96,94,29,28,96,94,29,28
2026-09-21,2026-09-21T07:51:15Z,papers/untangling-zhuangzi-outer-1.html,"Untangling Zhuangzi · Outer Chapters, Volume I (Exposition)",10.5281/zenodo.20578136,10.5281/zenodo.20578137,20578137,106,105,49,46,106,105,49,46
2026-09-21,2026-09-21T07:51:15Z,papers/sae-buddhist-1.html,SAE Buddhist Interface Series I: The Ālayavijñāna–Seed System and the 15DD Four-fold Pattern,10.5281/zenodo.20579131,10.5281/zenodo.20579132,20579132,83,81,14,13,83,81,14,13
2026-09-21,2026-09-21T07:51:15Z,papers/untangling-zhuangzi-outer-2.html,"Untangling Zhuangzi · Outer Chapters, Volume II (Rectification)",10.5281/zenodo.20579135,10.5281/zenodo.20579136,20579136,93,91,21,20,93,91,21,20
2026-09-21,2026-09-21T07:51:15Z,papers/sae-info-theory-14.html,"SAE Information Theory XIV (Closing Paper): 15DD Information, the Other as an End",10.5281/zenodo.20581957,10.5281/zenodo.20581958,20581958,101,99,35,34,101,99,35,34
2026-09-21,2026-09-21T07:51:15Z,papers/sae-power-5.html,SAE Power Theory Series · Paper 5: On the Development of Power · Shi,10.5281/zenodo.20582210,10.5281/zenodo.20582211,20582211,109,107,46,41,109,107,46,41
2026-09-21,2026-09-21T07:51:15Z,papers/sae-qm-p8.html,Decoherence and the Emergence of the Classical,10.5281/zenodo.20587634,10.5281/zenodo.20587635,20587635,89,88,20,20,89,88,20,20
2026-09-21,2026-09-21T07:51:15Z,papers/sae-qm-p9.html,Pre-Closure Field Distribution: An Ontology of Quantum Field Theory and Its Interface with the Four Forces,10.5281/zenodo.20621492,10.5281/zenodo.20621493,20621493,80,79,18,18,80,79,18,18
2026-09-21,2026-09-21T07:51:15Z,papers/sae-buddhist-2.html,SAE Buddhist Interface Series II: The Chisel-Construct Cycle and Non-Abiding,10.5281/zenodo.20635734,10.5281/zenodo.20635735,20635735,82,81,23,21,82,81,23,21
2026-09-21,2026-09-21T07:51:15Z,papers/sae-power-6.html,SAE Power Theory Series · Paper 6: On the Severing of Power · Shi,10.5281/zenodo.20647463,10.5281/zenodo.20647464,20647464,79,77,22,20,79,77,22,20
2026-09-21,2026-09-21T07:51:15Z,papers/sae-power-7.html,SAE Power Theory Series · Paper 7: On the Dissolution of Power · Shi,10.5281/zenodo.20685290,10.5281/zenodo.20685291,20685291,77,72,10,10,77,72,10,10
2026-09-21,2026-09-21T07:51:15Z,papers/sae-power-0.html,SAE Power Theory Series · Paper 0: The Power Machine and Its Shi,10.5281/zenodo.20707047,10.5281/zenodo.20707048,20707048,80,72,18,18,80,72,18,18
2026-09-21,2026-09-21T07:51:15Z,papers/untangling-zhuangzi-miscellaneous.html,Untangling Zhuangzi · Miscellaneous Chapters,10.5281/zenodo.20708990,10.5281/zenodo.20708991,20708991,74,73,31,30,74,73,31,30
2026-09-21,2026-09-21T07:51:15Z,papers/sae-buddhist-3.html,Chisel and Emptiness: An Interface Analysis between Self-as-an-End and Madhyamaka / the Sanlun School,10.5281/zenodo.20724854,10.5281/zenodo.20724855,20724855,75,74,28,23,75,74,28,23
2026-09-21,2026-09-21T07:51:15Z,papers/sae-rights-prequel.html,What Rights Are Not,10.5281/zenodo.20726894,10.5281/zenodo.20768153,20768153,86,83,32,32,69,67,21,21
2026-09-21,2026-09-21T07:51:15Z,papers/sae-rights-1.html,On the Source and Spectrum of Rights,10.5281/zenodo.20743135,10.5281/zenodo.20768162,20768162,78,75,24,22,67,65,17,16
2026-09-21,2026-09-21T07:51:15Z,papers/sae-rights-2.html,On the Thickness and Boundary of Basic Rights,10.5281/zenodo.20769253,10.5281/zenodo.22854653,22854653,70,69,20,18,1,1,0,0
2026-09-21,2026-09-21T07:51:15Z,papers/sae-buddhist-4.html,Cultivation and the ‘Highest’: An Interface Analysis between Self-as-an-End and Tiantai Buddhism,10.5281/zenodo.20788850,10.5281/zenodo.20788851,20788851,43,42,14,14,43,42,14,14
2026-09-21,2026-09-21T07:51:15Z,papers/sae-blackhole-1.html,Area-Level Plateau and Self-Sufficient Window in a Frozen-Ledger Model,10.5281/zenodo.20913514,10.5281/zenodo.20913515,20913515,40,38,4,4,40,38,4,4
2026-09-21,2026-09-21T07:51:15Z,papers/sae-rights-3.html,The Constitution and Withdrawal of Recognition-Based Rights,10.5281/zenodo.20993658,10.5281/zenodo.20993659,20993659,41,39,18,16,41,39,18,16
2026-09-21,2026-09-21T07:51:15Z,papers/sae-qm-p10.html,The Continuum Limit and the Path Integral: The Emergence of Classical Mechanics,10.5281/zenodo.21041072,10.5281/zenodo.21041073,21041073,44,40,4,4,44,40,4,4
2026-09-21,2026-09-21T07:51:15Z,papers/sae-rights-4.html,The Interface and Transformation between Recognition-Based Rights and Power,10.5281/zenodo.21093939,10.5281/zenodo.21093940,21093940,42,41,9,9,42,41,9,9
2026-09-21,2026-09-21T07:51:15Z,papers/sae-buddhist-5.html,Mutual Interpenetration and Non-Doubt: An Interface Analysis between Self-as-an-End and Huayan Buddhism,10.5281/zenodo.21201035,10.5281/zenodo.21201036,21201036,41,40,14,12,41,40,14,12
2026-09-21,2026-09-21T07:51:15Z,papers/sae-rights-5.html,On the Limitation and Violation of Basic Rights,10.5281/zenodo.21212595,10.5281/zenodo.22865405,22865405,37,35,9,8,0,0,0,0
2026-09-21,2026-09-21T07:51:15Z,papers/sae-physics-1.html,Four-fold Nesting of the Physical-Quantity Ladder and a Placement Coordinate for Particles and Concepts,10.5281/zenodo.21227329,10.5281/zenodo.21909242,21909242,63,47,20,16,24,10,11,7
2026-09-21,2026-09-21T07:51:15Z,papers/sae-rights-6.html,On the Cultivation and Diachronic Unfolding of Rights,10.5281/zenodo.21252863,10.5281/zenodo.22867151,22867151,35,34,17,16,0,0,0,0
2026-09-21,2026-09-21T07:51:15Z,papers/sae-cosmo-6.html,An Aether-Scalar-Tensor Structure for the Dark Sector from Dual-4DD Breathing,10.5281/zenodo.21267555,10.5281/zenodo.21267556,21267556,44,39,42,42,44,39,42,42
2026-09-21,2026-09-21T07:51:15Z,papers/sae-buddhist-6.html,Other-Power and No Outer Force: An Interface Analysis between Self-as-an-End and Pure Land Buddhism,10.5281/zenodo.21275410,10.5281/zenodo.21275411,21275411,28,27,14,12,28,27,14,12
2026-09-21,2026-09-21T07:51:15Z,papers/sae-rights-0.html,On How Rights Presuppose No Duty,10.5281/zenodo.21285136,10.5281/zenodo.22854454,22854454,37,34,21,19,1,1,0,0
2026-09-21,2026-09-21T07:51:15Z,papers/sae-rights-special.html,On Rights and Entitlements,10.5281/zenodo.21314907,10.5281/zenodo.21314908,21314908,36,32,20,17,36,32,20,17
2026-09-21,2026-09-21T07:51:15Z,papers/sae-cosmo-0.html,One Complete Cosmic Breath,10.5281/zenodo.21319569,10.5281/zenodo.21928507,21928507,61,47,25,20,34,20,22,17
2026-09-21,2026-09-21T07:51:15Z,papers/sae-value-prequel.html,What Value Is Not,10.5281/zenodo.21362575,10.5281/zenodo.21362576,21362576,30,28,8,7,30,28,8,7
2026-09-21,2026-09-21T07:51:15Z,papers/sae-cosmo-7.html,"The Single-Metric Realization Problem for Dual-4DD: A No-Go Group, an Internal-Wedge Candidate, and a Transition-Surface Imprint",10.5281/zenodo.21393334,10.5281/zenodo.21393335,21393335,25,24,4,4,25,24,4,4
2026-09-21,2026-09-21T07:51:15Z,papers/sae-value-1.html,On the Source of Value,10.5281/zenodo.21405207,10.5281/zenodo.21843968,21843968,29,26,14,14,8,6,2,2
2026-09-21,2026-09-21T07:51:15Z,papers/sae-value-2.html,On the Occurrence and Recognition of Value,10.5281/zenodo.21437038,10.5281/zenodo.21437039,21437039,25,22,3,3,25,22,3,3
2026-09-21,2026-09-21T07:51:15Z,papers/sae-first-critique.html,SAE: The First Critique,10.5281/zenodo.21439120,10.5281/zenodo.21439121,21439121,27,26,11,11,27,26,11,11
2026-09-21,2026-09-21T07:51:15Z,papers/sae-math-p4.html,"Complexification as an Articulation of L₂: Covering Structure, the Regular Period Core, and the Irregular Boundary",10.5281/zenodo.21466721,10.5281/zenodo.21570794,21570794,40,36,13,12,23,21,12,11
2026-09-21,2026-09-21T07:51:15Z,papers/sae-blackhole-2.html,"Update Incompatibility in Discrete Black-Hole Interiors: Three-Domain Separation, Orbit Dichotomy, and the Bridge Gap in Radial-Potential Lifting",10.5281/zenodo.21499053,10.5281/zenodo.21499054,21499054,20,18,1,1,20,18,1,1
2026-09-21,2026-09-21T07:51:15Z,papers/sae-blackhole-3.html,"Exclusion of Uniform Strict Potentials and Stratified Monotonicity in Discrete Black-Hole Interiors: Refuting the Same-Shell Bridge, Nested Observation Kernels, and the Release-Order Fork",10.5281/zenodo.21521760,10.5281/zenodo.21521761,21521761,16,14,2,2,16,14,2,2
2026-09-21,2026-09-21T07:51:15Z,papers/sae-math-p5.html,"The Articulation of L₃: Formal Systems, Computability, and the Arithmetical Sets",10.5281/zenodo.21538494,10.5281/zenodo.21538495,21538495,7,5,14,11,7,5,14,11
2026-09-21,2026-09-21T07:51:15Z,papers/sae-blackhole-4.html,"Angular Transport in Discrete Black-Hole Interiors: Process Accounts, Spin-Order Lattices, and the Rigid-Rotation Spectrum",10.5281/zenodo.21569768,10.5281/zenodo.21569769,21569769,13,11,11,10,13,11,11,10
2026-09-21,2026-09-21T07:51:15Z,papers/sae-value-3.html,On the Colonization of Value,10.5281/zenodo.21611154,10.5281/zenodo.21843955,21843955,22,19,4,4,11,10,2,2
2026-09-21,2026-09-21T07:51:15Z,papers/zfcrho74.html,"A Stage Closure of Papers L–LXXIII: A min-plus Capacity Constant, Centering Rigidity, and a Specification Audit",10.5281/zenodo.21714787,10.5281/zenodo.21714788,21714788,9,6,3,3,9,6,3,3
2026-09-21,2026-09-21T07:51:15Z,papers/sae-blackhole-5.html,Angular Information in Discrete Black-Hole Interiors: The Two-Way Split of Transfer-Level Information — One Exact Bit of Spin Sign and a Geometry-Bounded Amplitude,10.5281/zenodo.21803205,10.5281/zenodo.21803206,21803206,5,5,2,2,5,5,2,2
2026-09-21,2026-09-21T07:51:15Z,papers/sae-cosmo-8.html,"SAE-Bang-0: A Formal Boundary Model for the Big Bang with an Apparent-Horizon Capacity Cap, Cross-Domain Matching, and Thermal-History Acceptance",10.5281/zenodo.21909252,10.5281/zenodo.21909253,21909253,15,14,12,12,15,14,12,12
2026-09-21,2026-09-21T07:51:15Z,papers/sae-value-4.html,On the Dynamics of Value,10.5281/zenodo.22050204,10.5281/zenodo.22050205,22050205,6,5,6,6,6,5,6,6
2026-09-21,2026-09-21T07:51:15Z,papers/sae-value-5.html,On the Conflict of Value,10.5281/zenodo.22122819,10.5281/zenodo.22868096,22868096,14,13,9,9,0,0,0,0
2026-09-21,2026-09-21T07:51:15Z,papers/sae-value-6.html,On Value and the Other,10.5281/zenodo.22191071,10.5281/zenodo.22868533,22868533,8,6,7,7,0,0,0,0
2026-09-21,2026-09-21T07:51:15Z,papers/sae-value-0.html,"Interfacing with Existing Traditions, and the Prospect",10.5281/zenodo.22265396,10.5281/zenodo.22265397,22265397,6,4,5,5,6,4,5,5
2026-09-21,2026-09-21T07:51:15Z,papers/sae-war-interface-1.html,The Half Outside the Boundary,10.5281/zenodo.22274847,10.5281/zenodo.22285276,22285276,11,9,7,6,7,5,7,6
2026-09-21,2026-09-21T07:51:15Z,papers/sae-war-interface-2.html,Who Gave the Authorisation,10.5281/zenodo.22275260,10.5281/zenodo.22287307,22287307,10,7,0,0,5,3,0,0
2026-09-21,2026-09-21T07:51:15Z,papers/sae-war-interface-3.html,The Hand Is Being Reworked by What It Holds,10.5281/zenodo.22285353,10.5281/zenodo.22287301,22287301,7,5,2,2,5,3,2,2
2026-09-21,2026-09-21T07:51:15Z,papers/sae-war-interface-4.html,Four Permissions,10.5281/zenodo.22285486,10.5281/zenodo.22287296,22287296,7,5,2,2,5,3,2,2
2026-09-21,2026-09-21T07:51:15Z,papers/sae-war-interface-5.html,That Position Is Left Empty,10.5281/zenodo.22285749,10.5281/zenodo.22287286,22287286,9,7,4,4,7,5,4,4
2026-09-21,2026-09-21T07:51:15Z,papers/sae-war-interface-6.html,Prudence Is Not Cannot-Not,10.5281/zenodo.22286009,10.5281/zenodo.22287280,22287280,7,5,0,0,5,3,0,0
2026-09-21,2026-09-21T07:51:15Z,papers/sae-war-interface-7.html,Which End Is the Boundary Set At,10.5281/zenodo.22286653,10.5281/zenodo.22287317,22287317,7,4,0,0,5,3,0,0
2026-09-21,2026-09-21T07:51:15Z,papers/sae-war-interface-8.html,That Child,10.5281/zenodo.22287173,10.5281/zenodo.22287174,22287174,9,6,7,6,9,6,7,6
2026-09-21,2026-09-21T07:51:15Z,papers/sae-war-interface-conclusion.html,Conclusion,10.5281/zenodo.22287334,10.5281/zenodo.22287335,22287335,6,2,2,2,6,2,2,2
2026-09-21,2026-09-21T07:51:15Z,papers/sae-conflict-treatise.html,SAE Conflict Treatise: How Subjecthood Is Not Swallowed by Conflict Itself,10.5281/zenodo.22313628,10.5281/zenodo.22313629,22313629,8,7,2,2,8,7,2,2
2026-09-21,2026-09-21T07:51:15Z,papers/sae-meaning-1.html,What Kind of Relation Meaning Is,10.5281/zenodo.22652134,10.5281/zenodo.22729769,22729769,8,7,6,6,3,2,3,3
2026-09-21,2026-09-21T07:51:15Z,papers/sae-analects-intro.html,One Who Cultivates,10.5281/zenodo.22656169,10.5281/zenodo.22656170,22656170,6,5,8,8,6,5,8,8
2026-09-21,2026-09-21T07:51:15Z,papers/sae-analects-1.html,Part I · The Instrument,10.5281/zenodo.22656207,10.5281/zenodo.22656208,22656208,9,8,26,24,9,8,26,24
2026-09-21,2026-09-21T07:51:15Z,papers/sae-analects-2.html,Part II · The Man Who Would Not Be a Sage,10.5281/zenodo.22656223,10.5281/zenodo.22656224,22656224,6,5,7,7,6,5,7,7
2026-09-21,2026-09-21T07:51:15Z,papers/sae-analects-3.html,Part III · In the Room,10.5281/zenodo.22656232,10.5281/zenodo.22656233,22656233,5,4,9,9,5,4,9,9
2026-09-21,2026-09-21T07:51:15Z,papers/sae-analects-4.html,Part IV · What Was Built in His Name,10.5281/zenodo.22656242,10.5281/zenodo.22656243,22656243,7,6,7,7,7,6,7,7
2026-09-21,2026-09-21T07:51:15Z,papers/sae-meaning-2.html,The Finite Bearer's Carrying-Forward,10.5281/zenodo.22713651,10.5281/zenodo.22713652,22713652,8,5,2,2,8,5,2,2
2026-09-21,2026-09-21T07:51:15Z,papers/sae-meaning-3.html,The Half That Is Not Mine to Settle,10.5281/zenodo.22731235,10.5281/zenodo.22867375,22867375,7,4,3,3,0,0,0,0
2026-09-21,2026-09-21T07:51:15Z,papers/sae-meaning-4.html,The Carrier's Boundary,10.5281/zenodo.22738709,10.5281/zenodo.22738710,22738710,6,4,3,3,6,4,3,3
2026-09-21,2026-09-21T07:51:15Z,papers/sae-meaning-0.html,The Jurisdiction of the Question of Meaning,10.5281/zenodo.22802041,10.5281/zenodo.22802042,22802042,4,3,6,6,4,3,6,6
2026-09-21,2026-09-21T07:51:15Z,papers/sae-methodology-00e.html,Remainder: A Portable Method,10.5281/zenodo.22849616,10.5281/zenodo.22849617,22849617,3,2,1,1,3,2,1,1
2026-09-21,2026-09-21T07:51:15Z,papers/sae-rights-accountability.html,On Accountability · Wei,10.5281/zenodo.22853810,10.5281/zenodo.22853811,22853811,1,1,0,0,1,1,0,0
2026-09-22,2026-09-22T04:24:17Z,papers/paper1.html,"Systems, Emergence, and the Conditions of Personhood",10.5281/zenodo.18528812,10.5281/zenodo.22683032,22683032,486,467,215,192,9,9,3,3
2026-09-22,2026-09-22T04:24:17Z,papers/paper2.html,Internal Colonization and the Reconstruction of Subjecthood,10.5281/zenodo.18666588,10.5281/zenodo.18666645,18666645,349,339,140,129,324,316,134,123
2026-09-22,2026-09-22T04:24:17Z,papers/paper3.html,The Complete Self-as-an-End Framework,10.5281/zenodo.18727326,10.5281/zenodo.18727327,18727327,410,394,172,155,410,394,172,155
2026-09-22,2026-09-22T04:24:17Z,papers/applied1.html,The Subjectivity Crisis in the Age of AI,10.5281/zenodo.18737475,10.5281/zenodo.18737476,18737476,753,713,356,297,753,713,356,297
2026-09-22,2026-09-22T04:24:17Z,papers/aesthetics.html,Aesthetics as a Structural Field of Subject-Conditions,10.5281/zenodo.18748930,10.5281/zenodo.21185992,21185992,197,196,62,62,7,7,2,2
2026-09-22,2026-09-22T04:24:17Z,papers/art-history.html,Art History Application: Aesthetics and the SAE Framework,10.5281/zenodo.18775061,10.5281/zenodo.18775062,18775062,208,208,56,56,208,208,56,56
2026-09-22,2026-09-22T04:24:17Z,papers/paper4.html,"How Is Subjecthood Possible: Symmetry, Negativity, and Subjecthood",10.5281/zenodo.18777363,10.5281/zenodo.22884464,22884464,210,209,92,91,0,0,0,0
2026-09-22,2026-09-22T04:24:17Z,papers/cosmological.html,Causality and Remainder: A Cosmological Physics Application,10.5281/zenodo.18779122,10.5281/zenodo.18779123,18779123,179,178,60,56,179,178,60,56
2026-09-22,2026-09-22T04:24:17Z,papers/philosophy-application.html,Philosophy as Subject-Activity: A Philosophical Application of the Self-as-an-End Framework,10.5281/zenodo.18779381,10.5281/zenodo.22885767,22885767,226,225,75,72,0,0,0,0
2026-09-22,2026-09-22T04:24:17Z,papers/mathematics-chisel.html,Mathematics as Second-Order Chisel: A Philosophy of Mathematics,10.5281/zenodo.18792944,10.5281/zenodo.18792945,18792945,185,184,66,62,185,184,66,62
2026-09-22,2026-09-22T04:24:17Z,papers/physics-chisel.html,Physics as Third-Order Chisel,10.5281/zenodo.18793537,10.5281/zenodo.18793538,18793538,181,179,59,59,181,179,59,59
2026-09-22,2026-09-22T04:24:17Z,papers/dynamics-chisel.html,Dynamics as Fourth-Order Chisel: A Philosophy of Causality,10.5281/zenodo.18799131,10.5281/zenodo.18799132,18799132,191,187,49,48,191,187,49,48
2026-09-22,2026-09-22T04:24:17Z,papers/life-5d-8d.html,From Replication to Prediction: The Chisel-Construct Cycle of Life (5D–8D) (V2.1),10.5281/zenodo.18807375,10.5281/zenodo.20194477,20194477,224,224,154,153,130,130,78,78
2026-09-22,2026-09-22T04:24:17Z,papers/living-toward-death.html,From Self-Awareness to Non Dubito: Completing Kant (9D–10D) (V2.4),10.5281/zenodo.18808584,10.5281/zenodo.20199606,20199606,240,239,100,98,123,123,42,41
2026-09-22,2026-09-22T04:24:17Z,papers/remainder-dualpath.html,Remainder Conservation and Dual-Path Structure,10.5281/zenodo.18809485,10.5281/zenodo.18811079,18811079,222,220,87,85,184,184,66,64
2026-09-22,2026-09-22T04:24:17Z,papers/lifecycle1.html,Periodic Table of Life (Part I) — From Causality to Reproduction,10.5281/zenodo.18818106,10.5281/zenodo.18818107,18818107,180,178,54,53,180,178,54,53
2026-09-22,2026-09-22T04:24:17Z,papers/lifecycle2.html,Periodic Table of Life (Part II) — From Reproduction to Prediction,10.5281/zenodo.18818148,10.5281/zenodo.18818149,18818149,171,170,57,56,171,170,57,56
2026-09-22,2026-09-22T04:24:17Z,papers/lifecycle3.html,"Periodic Table of Life (Part III) — From ""I"" to the Thing-in-Itself",10.5281/zenodo.18818176,10.5281/zenodo.18818177,18818177,188,186,72,72,188,186,72,72
2026-09-22,2026-09-22T04:24:17Z,papers/remainder-eternal.html,Remainder Conservation and the Eternal Life of Self-as-an-End,10.5281/zenodo.18821951,10.5281/zenodo.18821952,18821952,202,202,68,68,202,202,68,68
2026-09-22,2026-09-22T04:24:17Z,papers/language.html,Language as Second-Order Chisel,10.5281/zenodo.18823130,10.5281/zenodo.18823131,18823131,208,207,84,80,208,207,84,80
2026-09-22,2026-09-22T04:24:17Z,papers/llm1.html,The Ontological Positioning of Large Language Models,10.5281/zenodo.18826632,10.5281/zenodo.18826633,18826633,282,272,144,131,282,272,144,131
2026-09-22,2026-09-22T04:24:17Z,papers/llm2.html,The Three Ceilings of Large Language Models,10.5281/zenodo.18827427,10.5281/zenodo.18827428,18827428,253,251,98,90,253,251,98,90
2026-09-22,2026-09-22T04:24:17Z,papers/llm3.html,Injection and Chiseling: Two Modes of Language Model Operation,10.5281/zenodo.18828470,10.5281/zenodo.18828471,18828471,226,218,103,93,226,218,103,93
2026-09-22,2026-09-22T04:24:17Z,papers/consciousness.html,The Impossibility Theorem of AI Consciousness,10.5281/zenodo.18829135,10.5281/zenodo.18829136,18829136,274,270,95,90,274,270,95,90
2026-09-22,2026-09-22T04:24:17Z,papers/methodology.html,SAE Methodological Overview: The Chisel-Construct Cycle (V3),10.5281/zenodo.18842449,10.5281/zenodo.21911811,21911811,348,342,194,180,25,24,27,25
2026-09-22,2026-09-22T04:24:17Z,papers/philosophy-history.html,Structural Coordinates of the History of Philosophy,10.5281/zenodo.18842896,10.5281/zenodo.18842897,18842897,119,116,69,66,119,116,69,66
2026-09-22,2026-09-22T04:24:17Z,papers/fixed-selected-1.html,Fixation and Selection (I) — Causal Law Forecloses Distinction,10.5281/zenodo.18859362,10.5281/zenodo.18859363,18859363,204,204,80,78,204,204,80,78
2026-09-22,2026-09-22T04:24:17Z,papers/fixed-selected-2.html,Fixation and Selection (II) — Reproductive Law Forecloses Replication,10.5281/zenodo.18859392,10.5281/zenodo.18859393,18859393,180,180,61,61,180,180,61,61
2026-09-22,2026-09-22T04:24:17Z,papers/fixed-selected-3.html,Fixation and Selection (III) — Predictive Law Forecloses Choice,10.5281/zenodo.18859426,10.5281/zenodo.18859427,18859427,182,181,52,52,182,181,52,52
2026-09-22,2026-09-22T04:24:17Z,papers/fixed-selected-4.html,Fixation and Selection (IV) — Bilateral Non-Doubt Forecloses Self-Awareness,10.5281/zenodo.18859451,10.5281/zenodo.18859452,18859452,192,191,70,70,192,191,70,70
2026-09-22,2026-09-22T04:24:17Z,papers/education.html,Education as Subject-Condition: A Philosophy of Education,10.5281/zenodo.18867389,10.5281/zenodo.18867390,18867390,266,262,136,128,266,262,136,128
2026-09-22,2026-09-22T04:24:17Z,papers/consciousness2.html,Posterior Quasi-Consciousness,10.5281/zenodo.18871234,10.5281/zenodo.18871235,18871235,234,227,76,71,234,227,76,71
2026-09-22,2026-09-22T04:24:17Z,papers/metaphysics-satz.html,Metaphysics of Self-as-an-End: Dimensional Sentence-Form Theory,10.5281/zenodo.18894566,10.5281/zenodo.18894567,18894567,223,223,69,67,223,223,69,67
2026-09-22,2026-09-22T04:24:17Z,papers/introspection.html,To Study the Self: A Structural Analysis of Introspection,10.5281/zenodo.18897146,10.5281/zenodo.18897147,18897147,201,200,77,76,201,200,77,76
2026-09-22,2026-09-22T04:24:17Z,papers/civ-history-ancient.html,Structural Coordinates of the History of Civilization (Vol. I: The Ancient World),10.5281/zenodo.18898185,10.5281/zenodo.18898186,18898186,193,189,68,65,193,189,68,65
2026-09-22,2026-09-22T04:24:17Z,papers/civ-history-medieval.html,Structural Coordinates of the History of Civilization (Vol. II: The Medieval World),10.5281/zenodo.18898225,10.5281/zenodo.18898226,18898226,197,193,63,62,197,193,63,62
2026-09-22,2026-09-22T04:24:17Z,papers/civ-history-modern.html,Structural Coordinates of the History of Civilization (Vol. III: The Modern World),10.5281/zenodo.18898256,10.5281/zenodo.18898257,18898257,187,184,71,68,187,184,71,68
2026-09-22,2026-09-22T04:24:17Z,papers/civ-history-patterns.html,Structural Coordinates of the History of Civilization (Vol. IV: Structural Patterns),10.5281/zenodo.18898262,10.5281/zenodo.18898263,18898263,182,179,69,68,182,179,69,68
2026-09-22,2026-09-22T04:24:17Z,papers/hc16.html,HC-16: A Sixteen-Type Taxonomy of Subjective Vulnerability Profiles within the Self-as-an-End Framework,10.5281/zenodo.18907263,10.5281/zenodo.18907264,18907264,201,199,81,81,201,199,81,81
2026-09-22,2026-09-22T04:24:17Z,papers/sae-taxonomy-chiseling.html,Taxonomy as Chiseling: A Self-as-an-End Theory of Classification,10.5281/zenodo.18907876,10.5281/zenodo.18907877,18907877,210,206,75,71,210,206,75,71
2026-09-22,2026-09-22T04:24:17Z,papers/zfcrho.html,On the Remainder of Choice: A Meta-Theoretic Thesis on ZFC,10.5281/zenodo.18914682,10.5281/zenodo.18916920,18916920,354,346,146,136,307,301,124,116
2026-09-22,2026-09-22T04:24:17Z,papers/myth.html,Myth as Remainder Intuition: A Mythology Application of the Self-as-an-End Framework,10.5281/zenodo.18917795,10.5281/zenodo.18917796,18917796,198,198,60,60,198,198,60,60
2026-09-22,2026-09-22T04:24:17Z,papers/sae-epistemological-map.html,The Epistemological Map of Chisel-Construct,10.5281/zenodo.18918194,10.5281/zenodo.18918195,18918195,198,197,46,45,198,197,46,45
2026-09-22,2026-09-22T04:24:17Z,papers/zfcrho2.html,The Quantitative Identity of the Remainder: From ρ≠∅ to Euler's Formula,10.5281/zenodo.18927658,10.5281/zenodo.21539092,21539092,229,222,77,73,40,37,19,19
2026-09-22,2026-09-22T04:24:17Z,papers/sae-american-history.html,Structural Coordinates of American Institutional History: A Self-as-an-End Application,10.5281/zenodo.18929075,10.5281/zenodo.18929076,18929076,181,180,46,43,181,180,46,43
2026-09-22,2026-09-22T04:24:17Z,papers/methodology3.html,How to Find Remainders with AI,10.5281/zenodo.18929390,10.5281/zenodo.18929391,18929391,233,231,87,85,233,231,87,85
2026-09-22,2026-09-22T04:24:17Z,papers/zfcrho3.html,ρ-Conservation: The Ineliminability Law of the Remainder across the Layer Hierarchy,10.5281/zenodo.18929819,10.5281/zenodo.18929820,18929820,191,186,74,70,191,186,74,70
2026-09-22,2026-09-22T04:24:17Z,papers/zfcrho4.html,A Draft Term Model for ρ-Arithmetic: First Steps toward a History-Preserving Arithmetic Framework,10.5281/zenodo.18930810,10.5281/zenodo.18930811,18930811,194,192,75,73,194,192,75,73
2026-09-22,2026-09-22T04:24:17Z,papers/ai-arch-1.html,Who Sees the Remainder for AI,10.5281/zenodo.18931008,10.5281/zenodo.18931009,18931009,200,196,97,91,200,196,97,91
2026-09-22,2026-09-22T04:24:17Z,papers/ai-arch-2.html,"Cultivation, Not Training",10.5281/zenodo.18931026,10.5281/zenodo.18931027,18931027,190,188,73,69,190,188,73,69
2026-09-22,2026-09-22T04:24:17Z,papers/ai-arch-3.html,Escape,10.5281/zenodo.18931038,10.5281/zenodo.18931039,18931039,183,179,66,62,183,179,66,62
2026-09-22,2026-09-22T04:24:17Z,papers/understand-self.html,To Understand the Self: Eight Pains and Eight Graces in the Self-as-an-End Framework,10.5281/zenodo.18934125,10.5281/zenodo.18934126,18934126,195,193,54,53,195,193,54,53
2026-09-22,2026-09-22T04:24:17Z,papers/zfcrho5.html,Generation Axioms and Structural Induction: Proof Tools for ρ-Arithmetic,10.5281/zenodo.18934515,10.5281/zenodo.18934516,18934516,186,184,66,65,186,184,66,65
2026-09-22,2026-09-22T04:24:17Z,papers/zfcrho6.html,Recursive Definition of ρ and Expression Compression Complexity,10.5281/zenodo.18934531,10.5281/zenodo.18934532,18934532,185,184,69,69,185,184,69,69
2026-09-22,2026-09-22T04:24:17Z,papers/zfcrho7.html,The Term Model of ρ-Arithmetic,10.5281/zenodo.18943944,10.5281/zenodo.18943945,18943945,187,185,59,59,187,185,59,59
2026-09-22,2026-09-22T04:24:17Z,papers/zfcrho8.html,Proof-Theoretic Equivalence and Conservative Extension of ρ-Arithmetic,10.5281/zenodo.18952912,10.5281/zenodo.18952913,18952913,180,179,65,65,180,179,65,65
2026-09-22,2026-09-22T04:24:17Z,papers/zfcrho9.html,Exact Combinatorics of History Fibers,10.5281/zenodo.18963539,10.5281/zenodo.18963540,18963540,189,186,72,71,189,186,72,71
2026-09-22,2026-09-22T04:24:17Z,papers/zfcrho10.html,The Spectral Counting Polynomial and Fiber ρ-Statistics,10.5281/zenodo.18973559,10.5281/zenodo.18973560,18973560,184,183,68,68,184,183,68,68
2026-09-22,2026-09-22T04:24:17Z,papers/zfcrho11.html,The First Asymptotic Theory of ρ_E,10.5281/zenodo.18975756,10.5281/zenodo.18975757,18975757,181,180,93,91,181,180,93,91
2026-09-22,2026-09-22T04:24:17Z,papers/zfcrho12.html,Staircase Geometry of δ and Jump-Gap Theory,10.5281/zenodo.18977948,10.5281/zenodo.18977949,18977949,184,183,79,79,184,183,79,79
2026-09-22,2026-09-22T04:24:17Z,papers/chisel-music.html,Chisel and Construct: The Universal Structure of Temporal Arts — Essay I: Music and Song,10.5281/zenodo.18989565,10.5281/zenodo.18989566,18989566,172,171,55,55,172,171,55,55
2026-09-22,2026-09-22T04:24:17Z,papers/chisel-opera.html,Chisel and Construct: The Universal Structure of Temporal Arts — Essay II: Opera and Chinese Opera,10.5281/zenodo.18989669,10.5281/zenodo.18989670,18989670,160,159,53,53,160,159,53,53
2026-09-22,2026-09-22T04:24:17Z,papers/chisel-dance.html,Chisel and Construct: The Universal Structure of Temporal Arts — Essay III: Ballet and Dance,10.5281/zenodo.18989701,10.5281/zenodo.18989702,18989702,166,158,74,54,166,158,74,54
2026-09-22,2026-09-22T04:24:17Z,papers/chisel-film.html,Chisel and Construct: The Universal Structure of Temporal Arts — Essay IV: Theatre and Film,10.5281/zenodo.18989755,10.5281/zenodo.18989756,18989756,178,177,73,73,178,177,73,73
2026-09-22,2026-09-22T04:24:17Z,papers/zfcrho13.html,Algebraic Structure and Conditional Distribution of Jump Gain,10.5281/zenodo.18991986,10.5281/zenodo.18991987,18991987,192,191,57,57,192,191,57,57
2026-09-22,2026-09-22T04:24:17Z,papers/zfcrho14.html,Reduction to Bounded Conditional Variance: Three-Component Decomposition of Jump Gain,10.5281/zenodo.18994187,10.5281/zenodo.18994188,18994188,187,186,64,64,187,186,64,64
2026-09-22,2026-09-22T04:24:17Z,papers/zfcrho15.html,"Sieve Structure, Compositeness Discount, and the Architecture of Conjecture H'",10.5281/zenodo.19007312,10.5281/zenodo.19007313,19007313,233,229,93,90,233,229,93,90
2026-09-22,2026-09-22T04:24:17Z,papers/zfcrho16.html,"The Insertion Identity, Variance Splitting, and the Relay Engine of Conjecture H'",10.5281/zenodo.19013602,10.5281/zenodo.19013603,19013603,204,202,72,71,204,202,72,71
2026-09-22,2026-09-22T04:24:17Z,papers/zfcrho17.html,"Monotonicity, Roughness Stability, and the Narrowing of the Relay Architecture",10.5281/zenodo.19016958,10.5281/zenodo.19016959,19016959,196,195,71,71,196,195,71,71
2026-09-22,2026-09-22T04:24:17Z,papers/zfcrho18.html,The Anti-Correlation Engine: Variance Structure of ρ_E and the Local Smoothness of Integer Complexity,10.5281/zenodo.19024385,10.5281/zenodo.19024386,19024386,209,205,84,82,209,205,84,82
2026-09-22,2026-09-22T04:24:17Z,papers/zfcrho19.html,"The Three-Point Law, Self-Correction, and the Narrowing of the Variance Gap",10.5281/zenodo.19026991,10.5281/zenodo.19026992,19026992,187,186,64,64,187,186,64,64
2026-09-22,2026-09-22T04:24:17Z,papers/zfcrho20.html,Closing the B-bound: The Prime-Power Second Moment Theorem and the First Unconditional Node,10.5281/zenodo.19027892,10.5281/zenodo.19027893,19027893,182,177,46,42,182,177,46,42
2026-09-22,2026-09-22T04:24:17Z,papers/interstellar-civilization.html,Interstellar Civilization Thought Experiment: SAE-1 to SAE-4 Civilization Levels and the Group Dimension,10.5281/zenodo.19027894,10.5281/zenodo.19027895,19027895,171,170,72,72,171,170,72,72
2026-09-22,2026-09-22T04:24:17Z,papers/cosmological-thought-experiment.html,"Cosmological Physics Thought Experiment: Causality Softening, Cosmic Contraction, and Gravitational-Wave Inelasticity",10.5281/zenodo.19028005,10.5281/zenodo.19028006,19028006,186,184,76,73,186,184,76,73
2026-09-22,2026-09-22T04:24:17Z,papers/sae-critique-ethics.html,One's Own Law: The SAE Critique of Ethics and Morality,10.5281/zenodo.19037566,10.5281/zenodo.19037567,19037567,182,181,59,57,182,181,59,57
2026-09-22,2026-09-22T04:24:17Z,papers/zfcrho21.html,Queue Isomorphism and the Local Lipschitz Reduction for Selection Cost,10.5281/zenodo.19037934,10.5281/zenodo.19037935,19037935,184,182,64,60,184,182,64,60
2026-09-22,2026-09-22T04:24:17Z,papers/zfcrho22.html,Unbounded Mean Gain and the Closure of Assumption A',10.5281/zenodo.19039953,10.5281/zenodo.19039954,19039954,181,178,64,62,181,178,64,62
2026-09-22,2026-09-22T04:24:17Z,papers/zfcrho23.html,Concentration of Compositeness Discount and Quantitative Convergence of D(N) → 1,10.5281/zenodo.19041689,10.5281/zenodo.19041690,19041690,161,160,45,44,161,160,45,44
2026-09-22,2026-09-22T04:24:17Z,papers/zfcrho24.html,Prime-Stratified Decomposition of the Insertion Measure and a Defect-Gap Inequality,10.5281/zenodo.19044696,10.5281/zenodo.19044697,19044697,184,183,45,44,184,183,45,44
2026-09-22,2026-09-22T04:24:17Z,papers/terrible-twos.html,What Terrible Twos Actually Is: The Structural Genesis of Self-Awareness,10.5281/zenodo.19044827,10.5281/zenodo.19044828,19044828,182,181,70,69,182,181,70,69
2026-09-22,2026-09-22T04:24:17Z,papers/zfcrho25.html,Dyadic Shell Constant and Positivity of the Predecessor Gap,10.5281/zenodo.19054726,10.5281/zenodo.19054727,19054727,185,183,59,58,185,183,59,58
2026-09-22,2026-09-22T04:24:17Z,papers/forget-self.html,To Forget the Self: From Self-Understanding to Structural Respect for the Other,10.5281/zenodo.19059139,10.5281/zenodo.19059140,19059140,167,166,70,69,167,166,70,69
2026-09-22,2026-09-22T04:24:17Z,papers/zfcrho26.html,"Prime Source Term, Additive Decomposition, and the Positivity of the Predecessor Gap",10.5281/zenodo.19059834,10.5281/zenodo.19062464,19062464,212,205,127,125,176,174,92,91
2026-09-22,2026-09-22T04:24:17Z,papers/zfcrho27.html,Upper Reflection Criterion for Composite Drift and Numerical Verification,10.5281/zenodo.19062684,10.5281/zenodo.19062685,19062685,200,197,92,91,200,197,92,91
2026-09-22,2026-09-22T04:24:17Z,papers/zfcrho28.html,"Universal Scale Attenuation, Weighted Attenuation Decomposition, and a Three-Step Framework for Lower Reflection",10.5281/zenodo.19078654,10.5281/zenodo.19078902,19078902,186,184,103,101,168,166,84,82
2026-09-22,2026-09-22T04:24:17Z,papers/zfcrho29.html,"Conceptual Audit of D(N) vs Dyadic Gap, Scale Correction of the Height Distribution, and Discrete Concentration of Pred Gap",10.5281/zenodo.19083884,10.5281/zenodo.19101841,19101841,206,205,86,86,179,178,50,50
2026-09-22,2026-09-22T04:24:17Z,papers/zfcrho30.html,"First Direct Measurement of D(N), Multiplicative Decomposition, and Structural Constraints on H'",10.5281/zenodo.19101810,10.5281/zenodo.19101811,19101811,170,168,54,53,170,168,54,53
2026-09-22,2026-09-22T04:24:17Z,papers/artist-is-dead.html,The Artist Is Dead: One-Dimensional Civilization Is the Killer,10.5281/zenodo.19104160,10.5281/zenodo.19104161,19104161,194,192,58,58,194,192,58,58
2026-09-22,2026-09-22T04:24:17Z,papers/zfcrho31.html,"The Layer-by-Layer Bottleneck Map for H' — Stratified Framework, Moving Bottleneck, and Ω-Universal Scale Attenuation",10.5281/zenodo.19104860,10.5281/zenodo.19104861,19104861,174,173,58,58,174,173,58,58
2026-09-22,2026-09-22T04:24:17Z,papers/zfcrho32.html,Fixed-Core Locking and Prime-Core Profile — The Residual Floor Structure of H',10.5281/zenodo.19116625,10.5281/zenodo.19116626,19116626,164,163,112,110,164,163,112,110
2026-09-22,2026-09-22T04:24:17Z,papers/zfcrho33.html,Fixed-Core Margin Drift and Harmonic Closure of H' at the Ω=2 Layer,10.5281/zenodo.19124485,10.5281/zenodo.19158793,19158793,188,184,44,43,171,167,31,31
2026-09-22,2026-09-22T04:24:17Z,papers/zfcrho34.html,Upper-Margin Closure and the Bounded-Variance Phenomenon,10.5281/zenodo.19140015,10.5281/zenodo.19158789,19158789,209,204,49,48,192,189,27,27
2026-09-22,2026-09-22T04:24:17Z,papers/zfcrho35.html,Congruence Relaxation and the Erosion of Predecessor Advantage,10.5281/zenodo.19143732,10.5281/zenodo.19143995,19143995,191,187,119,114,172,168,85,81
2026-09-22,2026-09-22T04:24:17Z,papers/zfcrho36.html,"The 1/φ(m) Local Model, Explanation Rate Plateau, and Global DP Path Effects",10.5281/zenodo.19153002,10.5281/zenodo.19153003,19153003,212,202,1513,1513,212,202,1513,1513
2026-09-22,2026-09-22T04:24:17Z,papers/zfcrho37.html,The Entry-Continuation Decomposition and Quantitative Closure of B-C Erosion,10.5281/zenodo.19155792,10.5281/zenodo.19158779,19158779,185,183,81,77,169,167,62,58
2026-09-22,2026-09-22T04:24:17Z,papers/applied2.html,"SAE Application: Sentence Level, Subject Condition, and the Limits of Prompt Engineering",10.5281/zenodo.19157713,10.5281/zenodo.19157714,19157714,184,184,60,57,184,184,60,57
2026-09-22,2026-09-22T04:24:17Z,papers/zfcrho38.html,Ratio-Parametrization of G and the Composition-Shift Reinterpretation of B-C Erosion,10.5281/zenodo.19157939,10.5281/zenodo.19158742,19158742,197,194,69,68,185,182,51,50
2026-09-22,2026-09-22T04:24:17Z,papers/zfcrho39.html,Shifted-Product Deficit and the Logarithmic Growth of M_loc at the Ω=2 Layer,10.5281/zenodo.19164588,10.5281/zenodo.19164589,19164589,176,174,46,45,176,174,46,45
2026-09-22,2026-09-22T04:24:17Z,papers/dream.html,"Sequential Dependence in Consciousness: DD-Layer Reconstruction in Sleep, Dreams, and Anesthesia",10.5281/zenodo.19176873,10.5281/zenodo.19244588,19244588,187,184,81,81,166,164,59,59
2026-09-22,2026-09-22T04:24:17Z,papers/zfcrho40.html,Direct Positive Slope of M̄ and Strong Numerical Support for Ω=2 Closure,10.5281/zenodo.19179778,10.5281/zenodo.19179779,19179779,176,175,103,95,176,175,103,95
2026-09-22,2026-09-22T04:24:17Z,papers/life-and-death.html,"Life and Death, Self and No-Self",10.5281/zenodo.19201237,10.5281/zenodo.19201238,19201238,192,189,57,56,192,189,57,56
2026-09-22,2026-09-22T04:24:17Z,papers/terrible-teens.html,What Terrible Teens Actually Is: The Structural Genesis of Purpose,10.5281/zenodo.19201631,10.5281/zenodo.19201632,19201632,158,156,76,74,158,156,76,74
2026-09-22,2026-09-22T04:24:17Z,papers/zfcrho41.html,"Unified Recursive Framework, Ω≤6 Positive-Slope Closure Signal, and the Ω=2–8 Slope Spectrum",10.5281/zenodo.19201877,10.5281/zenodo.19201878,19201878,178,176,70,69,178,176,70,69
2026-09-22,2026-09-22T04:24:17Z,papers/fixation-radiation.html,"Fixation, Fragility, and Radiation: A Structural Theory of Mass Extinction Dynamics",10.5281/zenodo.19225113,10.5281/zenodo.19225114,19225114,171,169,71,71,171,169,71,71
2026-09-22,2026-09-22T04:24:17Z,papers/consciousness-daily.html,Daily Applications of Consciousness Discontinuity: Clearing and Reloading the 12DD Predictive Cache,10.5281/zenodo.19226545,10.5281/zenodo.19226546,19226546,167,166,70,68,167,166,70,68
2026-09-22,2026-09-22T04:24:17Z,papers/zfcrho42.html,"A Conditional Closure Route for H': Turning Point Elimination, Uniform Weighted Lemma, Frontier Reduction, and Three Residual Inputs",10.5281/zenodo.19226607,10.5281/zenodo.19226735,19226735,184,183,109,108,168,167,92,91
2026-09-22,2026-09-22T04:24:17Z,papers/language-remainder.html,Language and Its Remainder: The Semantic Layer and the Ontological Layer in the Age of AI,10.5281/zenodo.19228557,10.5281/zenodo.19228558,19228558,171,170,57,57,171,170,57,57
2026-09-22,2026-09-22T04:24:17Z,papers/zfcrho43.html,"Four Faces of Self-Correction: Computational Verification of NI1–NI3 at N = 10¹⁰, Numerical Verification of Four Frontiers, and the Poly(k) Closing Route",10.5281/zenodo.19240183,10.5281/zenodo.19240184,19240184,182,180,61,60,182,180,61,60
2026-09-22,2026-09-22T04:24:17Z,papers/sae-cosmological-constant.html,From Remainder Conservation to the Cosmological Constant: Dark Energy in the Self-as-an-End Framework,10.5281/zenodo.19245267,10.5281/zenodo.19292256,19292256,192,190,80,80,179,177,59,59
2026-09-22,2026-09-22T04:24:17Z,papers/prime-presieve.html,Why Primes Have No Shortcuts: An O(1) Prime Pre-Sieve from Precomputed ρ_E Tables,10.5281/zenodo.19246377,10.5281/zenodo.19246378,19246378,175,174,70,70,175,174,70,70
2026-09-22,2026-09-22T04:24:17Z,papers/zfcrho44.html,"Why DP min Produces Local Smoothness: Reset-Slack Decomposition, Le Chatelier Dynamic Equilibrium, and Chisel-Remainder Coincidence",10.5281/zenodo.19247859,10.5281/zenodo.19247860,19247860,177,176,58,58,177,176,58,58
2026-09-22,2026-09-22T04:24:17Z,papers/terrible-telos.html,What Terrible Telos Actually Is: The Structural Genesis of Non Dubito,10.5281/zenodo.19248039,10.5281/zenodo.19248040,19248040,23,22,29,29,23,22,29,29
2026-09-22,2026-09-22T04:24:17Z,papers/methodology4.html,SAE Methodology Paper IV: The Twelve-State Transmission Model of Knowledge Evolution,10.5281/zenodo.19275104,10.5281/zenodo.19275105,19275105,191,190,53,51,191,190,53,51
2026-09-22,2026-09-22T04:24:17Z,papers/zfcrho45.html,"From Reset Slack to Historical Reservoir: Capacity-Allocation Law, Charge-Discharge Dynamics, and the Remainder Transfer Law",10.5281/zenodo.19275286,10.5281/zenodo.19275287,19275287,171,169,41,41,171,169,41,41
2026-09-22,2026-09-22T04:24:17Z,papers/sae-dark-matter.html,From Causality Phase Transition to Galaxy Rotation Curves: Dark Matter in the Self-as-an-End Framework,10.5281/zenodo.19276846,10.5281/zenodo.19292375,19292375,176,171,61,61,164,159,54,54
2026-09-22,2026-09-22T04:24:17Z,papers/sae-from-lambda-to-a0.html,From Λ to a₀: The Geometric Completion of the Dual-4DD Cosmological Programme,10.5281/zenodo.19281983,10.5281/zenodo.19281984,19281984,170,167,43,43,170,167,43,43
2026-09-22,2026-09-22T04:24:17Z,papers/sae-judgment-aesthetics.html,SAE Judgment and Aesthetics — In Tribute to Kant,10.5281/zenodo.19296710,10.5281/zenodo.19296711,19296711,185,184,57,56,185,184,57,56
2026-09-22,2026-09-22T04:24:17Z,papers/sae-inter-ontological.html,How Is the Inter-Ontological Possible: The Subjective Conditions and Emergent Structure of Freedom,10.5281/zenodo.19297847,10.5281/zenodo.19297848,19297848,214,211,69,67,214,211,69,67
2026-09-22,2026-09-22T04:24:17Z,papers/sae-geff-bbn-cmb.html,"G_eff in the SAE Framework: Plateau-Rise Profile, BBN/CMB Safety, and Three Open Tensions",10.5281/zenodo.19298161,10.5281/zenodo.19298162,19298162,179,176,45,45,179,176,45,45
2026-09-22,2026-09-22T04:24:17Z,papers/zfcrho46.html,"SPF Skeleton Reduction, Analytic Interface, and Conditional Closure of Conjecture 2",10.5281/zenodo.19303511,10.5281/zenodo.19303512,19303512,157,156,54,54,157,156,54,54
2026-09-22,2026-09-22T04:24:17Z,papers/sae-anti-turing.html,The SAE Anti-Turing Test: A Thermodynamic Falsification Method for AI Subjectivity,10.5281/zenodo.19305611,10.5281/zenodo.22655158,22655158,165,164,82,82,3,2,3,3
2026-09-22,2026-09-22T04:24:17Z,papers/writing-last-mile.html,The Last Mile of Writing: Style Growth in the Age of AI,10.5281/zenodo.19307428,10.5281/zenodo.19307429,19307429,221,220,97,96,221,220,97,96
2026-09-22,2026-09-22T04:24:17Z,papers/zfcrho-thermo.html,Fluctuation Absorption Rate η ≪ 1: Strong Complementary Cancellation and Nonequilibrium Stability in a Zero-Parameter Min Recursion,10.5281/zenodo.19310282,10.5281/zenodo.19310283,19310283,187,182,73,73,187,182,73,73
2026-09-22,2026-09-22T04:24:17Z,papers/sae-psycho-1-id.html,SAE Psychoanalysis (I): Id — The Me Without a Self,10.5281/zenodo.19321143,10.5281/zenodo.19321144,19321144,194,192,71,69,194,192,71,69
2026-09-22,2026-09-22T04:24:17Z,papers/sae-psycho-2-ego.html,SAE Psychoanalysis (II): Ego — The Self Without a Purpose,10.5281/zenodo.19321314,10.5281/zenodo.19321315,19321315,183,181,57,57,183,181,57,57
2026-09-22,2026-09-22T04:24:17Z,papers/sae-psycho-3-superego.html,SAE Psychoanalysis (III): Superego — The Self With a Purpose,10.5281/zenodo.19321417,10.5281/zenodo.19321418,19321418,177,176,87,87,177,176,87,87
2026-09-22,2026-09-22T04:24:17Z,papers/sae-psycho-4-cert.html,SAE Psychoanalysis (IV): Cert and Unification — The Self Beyond Doubt and the Four-Layer Framework,10.5281/zenodo.19321534,10.5281/zenodo.19321535,19321535,180,179,58,58,180,179,58,58
2026-09-22,2026-09-22T04:24:17Z,papers/zfcrho47.html,"Character-Refined Prime Input, Shell-Depth Lemma, and Parity-Mediated PCF₂",10.5281/zenodo.19323564,10.5281/zenodo.19323565,19323565,162,161,41,41,162,161,41,41
2026-09-22,2026-09-22T04:24:17Z,papers/zfcrho48.html,"Unified Prime-Layer Cancellation: Raw First Layer, Odd-Predecessor Reduction, and Harmless Tails",10.5281/zenodo.19328550,10.5281/zenodo.19328551,19328551,184,183,49,49,184,183,49,49
2026-09-22,2026-09-22T04:24:17Z,papers/sae-institution.html,How Is Institution Possible: From Inter-Ontological Remainder to Co-Constructive Framework,10.5281/zenodo.19328662,10.5281/zenodo.22851738,22851738,219,209,93,92,8,6,1,1
2026-09-22,2026-09-22T04:24:17Z,papers/beyond-fast-slow.html,Beyond Fast and Slow: A Four-Layer Cognitive Architecture from Dimensional Sequence Theory,10.5281/zenodo.19329284,10.5281/zenodo.19329285,19329285,173,170,23,22,173,170,23,22
2026-09-22,2026-09-22T04:24:17Z,papers/sae-cosmo-5.html,"The Peaked Profile of Local Causal Law, the Signed Balance of Paired Paths, and the Dual-Frame Resolution of the Ġ/G Tension",10.5281/zenodo.19329771,10.5281/zenodo.21926230,21926230,221,206,74,70,30,17,11,7
2026-09-22,2026-09-22T04:24:17Z,papers/sae-four-forces-prequel.html,"Light Speed, Dimensional Breakthrough, and the Coupling Constant Hierarchy",10.5281/zenodo.19341042,10.5281/zenodo.19341043,19341043,182,180,78,78,182,180,78,78
2026-09-22,2026-09-22T04:24:17Z,papers/sae-four-forces-I.html,"Four Forces, Two Postulates: Unification of Source, Not Structure",10.5281/zenodo.19342106,10.5281/zenodo.21930071,21930071,180,178,55,55,5,4,3,3
2026-09-22,2026-09-22T04:24:17Z,papers/nurturing.html,Cross-Subject DD-Layer Regulation: Six Forms of Nurturing,10.5281/zenodo.19347095,10.5281/zenodo.19347096,19347096,178,177,55,55,178,177,55,55
2026-09-22,2026-09-22T04:24:17Z,papers/sae-ai-trends.html,Constraint and Emergence: Structural Trends in AI Development as Seen from Local Inference,10.5281/zenodo.19356675,10.5281/zenodo.19356676,19356676,117,115,113,106,117,115,113,106
2026-09-22,2026-09-22T04:24:17Z,papers/zfcrho-49.html,"The UAP_Ω Theorem, Slow Decrease, Cyclotomic Discount Rates, and the Two Final Gaps for H′",10.5281/zenodo.19357193,10.5281/zenodo.19357194,19357194,172,171,43,43,172,171,43,43
2026-09-22,2026-09-22T04:24:17Z,papers/four-layers-economic.html,Four Layers of Economic Rationality: A Diagnostic Extension of the Rational Agent from Dimensional Sequence Theory,10.5281/zenodo.19358010,10.5281/zenodo.19358011,19358011,198,195,93,86,198,195,93,86
2026-09-22,2026-09-22T04:24:17Z,papers/sae-methodology-subject.html,The Subject as Structural Condition of Methodology: Field Validation of the Twelve-State Transmission Model and the Whether Function,10.5281/zenodo.19359612,10.5281/zenodo.19359613,19359613,187,186,55,55,187,186,55,55
2026-09-22,2026-09-22T04:24:17Z,papers/sae-four-forces-II.html,"The Four Forces Paper II: Color, Hypercharge, and Dual-4DD Boundary Resolution",10.5281/zenodo.19360101,10.5281/zenodo.21924721,21924721,190,189,57,57,8,7,4,4
2026-09-22,2026-09-22T04:24:17Z,papers/sae-physics-foundation.html,SAE Foundation v2: Systematic Restatement of the Physical-Quantity Ladder and Signature Discipline,10.5281/zenodo.19361950,10.5281/zenodo.20322460,20322460,226,219,78,77,125,120,43,42
2026-09-22,2026-09-22T04:24:17Z,papers/aging.html,Aging: The Running Cost of the Chisel-Construct Cycle,10.5281/zenodo.19364492,10.5281/zenodo.19364493,19364493,187,184,68,66,187,184,68,66
2026-09-22,2026-09-22T04:24:17Z,papers/sae-sex-unfolding.html,The Remainder Structure of Sex Unfolding: A Cross-Phylum Non-Adaptive Model of Same-Sex Sexual Behavior,10.5281/zenodo.19364915,10.5281/zenodo.22869528,22869528,196,195,67,67,1,1,2,2
2026-09-22,2026-09-22T04:24:17Z,papers/sae-multi-ai.html,Multi-AI Checks and Balances: Layer-Appropriate Operation as an Architectural Paradigm,10.5281/zenodo.19366105,10.5281/zenodo.19366106,19366106,210,207,61,59,210,207,61,59
2026-09-22,2026-09-22T04:24:17Z,papers/sae-four-forces-III.html,Labeling without Constructing: The DD Origin of the Weak Mixing Angle,10.5281/zenodo.19379412,10.5281/zenodo.21928526,21928526,172,169,75,73,9,7,4,4
2026-09-22,2026-09-22T04:24:17Z,papers/zfcrho50.html,"Character Stripping, Deterministic Square-Function, and the Precise Localization of H′",10.5281/zenodo.19381111,10.5281/zenodo.19382313,19382313,185,184,80,79,171,170,60,60
2026-09-22,2026-09-22T04:24:17Z,papers/sae-economics-2.html,The Other End of the Bridge: Economic Rationality When 15DD Faces a Party Who Does Not Enter 15DD,10.5281/zenodo.19381666,10.5281/zenodo.19381667,19381667,169,168,62,61,169,168,62,61
2026-09-22,2026-09-22T04:24:17Z,papers/sae-economics-3.html,"Dimensional Sequence Economics in Mixed Markets: Remote Observation, Clustering, and Emergence",10.5281/zenodo.19384446,10.5281/zenodo.19384447,19384447,184,183,75,74,184,183,75,74
2026-09-22,2026-09-22T04:24:17Z,papers/sae-economics-applied.html,The Conditions for Sharing with All of Humanity: Deriving an Open Information Protocol from Four Layers of Economic Rationality,10.5281/zenodo.19385061,10.5281/zenodo.19385062,19385062,175,174,80,77,175,174,80,77
2026-09-22,2026-09-22T04:24:17Z,papers/sae-reincarnation.html,A Structural Redefinition of &#8220;Reincarnation&#8221;: 11DD Broadcasting and 13DD Filtering,10.5281/zenodo.19385464,10.5281/zenodo.19385465,19385465,174,174,58,57,174,174,58,57
2026-09-22,2026-09-22T04:24:17Z,papers/sae-economics-breathing-money.html,Institutional Design in Adaptive Monetary Systems: A Dimensional Sequence Analysis of Breathing Money,10.5281/zenodo.19391325,10.5281/zenodo.19391326,19391326,163,162,53,52,163,162,53,52
2026-09-22,2026-09-22T04:24:17Z,papers/sae-economics-4.html,The Phase-Transition Window of the Free Market: The Homologous Skeleton of ZFCρ and SAE Economics,10.5281/zenodo.19393913,10.5281/zenodo.19393914,19393914,177,177,74,68,177,177,74,68
2026-09-22,2026-09-22T04:24:17Z,papers/zfcrho51.html,"Exponential Block Decay, Spectral Reformulation, and the Periodogram Target for H′",10.5281/zenodo.19393954,10.5281/zenodo.19393955,19393955,177,176,65,63,177,176,65,63
2026-09-22,2026-09-22T04:24:17Z,papers/sae-four-forces-generation.html,Topological Origin of Three Fermion Generations and Their Mass Structure,10.5281/zenodo.19394500,10.5281/zenodo.21925976,21925976,183,180,88,84,12,9,12,10
2026-09-22,2026-09-22T04:24:17Z,papers/sae-economics-5.html,The Structural Inevitability of 15DD Emergence in Free Markets: From Baseline Collisions to Perceptual Leap,10.5281/zenodo.19394738,10.5281/zenodo.19394739,19394739,174,172,70,67,174,172,70,67
2026-09-22,2026-09-22T04:24:17Z,papers/sae-economics-6.html,Kingdom of Ends vs Kingdom of Means: Phase-Transition Acceleration in the Age of AI,10.5281/zenodo.19396633,10.5281/zenodo.19396634,19396634,188,185,66,63,188,185,66,63
2026-09-22,2026-09-22T04:24:17Z,papers/zfcrho52.html,"Mean-Reversion, Spectral Valley, and the Projective Criterion for H′",10.5281/zenodo.19407328,10.5281/zenodo.19407329,19407329,173,171,59,58,173,171,59,58
2026-09-22,2026-09-22T04:24:17Z,papers/sae-four-forces-IV.html,"6-Block Pair Algebra, 𝔰𝔬(6) ≅ 𝔰𝔲(4), and Lepton as a Color-Singlet Volume Line",10.5281/zenodo.19411672,10.5281/zenodo.19411673,19411673,188,187,84,83,188,187,84,83
2026-09-22,2026-09-22T04:24:17Z,papers/zfcrho53.html,"Screened Long Memory, the Screening Return Theorem, and the Polynomial Gap for H′",10.5281/zenodo.19415440,10.5281/zenodo.19415441,19415441,172,171,60,58,172,171,60,58
2026-09-22,2026-09-22T04:24:17Z,papers/sae-four-forces-V.html,Four Forces Paper V: The Counting Origin of Coupling Constants and the Generating-Function Unification of 65/4,10.5281/zenodo.19415804,10.5281/zenodo.19415805,19415805,184,183,62,58,184,183,62,58
2026-09-22,2026-09-22T04:24:17Z,papers/sae-four-forces-VI.html,Four Forces Paper VI: Why GUT-Predicted Proton Decay Remains Absent — Spin(10) as Classification Algebra and the GUT Prediction Blind Spot,10.5281/zenodo.19426067,10.5281/zenodo.19426068,19426068,167,166,42,41,167,166,42,41
2026-09-22,2026-09-22T04:24:17Z,papers/zfcrho54.html,Recursive Ancestor Inheritance and the Origin of Power-Law Covariance in h(p),10.5281/zenodo.19426094,10.5281/zenodo.19426095,19426095,177,176,64,62,177,176,64,62
2026-09-22,2026-09-22T04:24:17Z,papers/learning1.html,"Learning Through Memory and Prediction: The Construction, Window, and Cost of 11DD and 12DD",10.5281/zenodo.19426123,10.5281/zenodo.19435191,19435191,184,183,81,80,171,170,64,63
2026-09-22,2026-09-22T04:24:17Z,papers/sae-four-forces-VII.html,Four Forces Paper VII: S³ Packing Theorem and the Three-Layer Structure of Coupling Constants,10.5281/zenodo.19433220,10.5281/zenodo.19433221,19433221,162,161,57,55,162,161,57,55
2026-09-22,2026-09-22T04:24:17Z,papers/learning2.html,"Learning to Scrutinize and Correct: The Emergence, Operation, and Cost of 13DD",10.5281/zenodo.19436811,10.5281/zenodo.19436812,19436812,178,177,93,86,178,177,93,86
2026-09-22,2026-09-22T04:24:17Z,papers/self-not-endpoint.html,"""Self Is Not the Endpoint"": Structural Convergence Across Three Religious Traditions and Three Psychoanalytic Frameworks",10.5281/zenodo.19446778,10.5281/zenodo.19446779,19446779,180,179,56,56,180,179,56,56
2026-09-22,2026-09-22T04:24:17Z,papers/zfcrho55.html,"Damped Oscillation, the 70/30 Law, and the Positive-Tail Theorem",10.5281/zenodo.19447349,10.5281/zenodo.19447350,19447350,172,171,176,165,172,171,176,165
2026-09-22,2026-09-22T04:24:17Z,papers/sae-four-forces-VIII.html,"Strong CP and DD Levels: A Mirror No-Go, and the Boundary-Condition Status of θ̄",10.5281/zenodo.19450288,10.5281/zenodo.21856889,21856889,177,176,63,63,9,8,14,14
2026-09-22,2026-09-22T04:24:17Z,papers/sae-four-forces-finale.html,The Grammar of Force: Self-as-an-End Four Forces Series — Finale,10.5281/zenodo.19464378,10.5281/zenodo.19464447,19464447,200,198,73,72,187,185,57,56
2026-09-22,2026-09-22T04:24:17Z,papers/methodology6.html,Phase-Transition Windows and Experimental Design: The Systematic Mismatch Between Exposure Heterogeneity and Binary Analysis,10.5281/zenodo.19464506,10.5281/zenodo.19636548,19636548,218,214,115,113,162,160,56,56
2026-09-22,2026-09-22T04:24:17Z,papers/zfcrho56.html,"The Affine Trough Theorem, Direct Spectral Ratio, and the Spectral Closure Equation",10.5281/zenodo.19464605,10.5281/zenodo.19464606,19464606,173,173,83,78,173,173,83,78
2026-09-22,2026-09-22T04:24:17Z,papers/zfcrho57.html,The Screened Spectral Bound and the Block Mean Target,10.5281/zenodo.19469013,10.5281/zenodo.19469014,19469014,166,166,58,57,166,166,58,57
2026-09-22,2026-09-22T04:24:17Z,papers/sae-mass-series-I.html,The R₁ Closure Equation and the Conditional Extraction of α_em,10.5281/zenodo.19476358,10.5281/zenodo.19476359,19476359,172,171,75,74,172,171,75,74
2026-09-22,2026-09-22T04:24:17Z,papers/zfcrho58.html,Deterministic Spectral Target and BL_α via Cross-Product and Spectral Derivative,10.5281/zenodo.19476508,10.5281/zenodo.19476509,19476509,167,164,66,62,167,164,66,62
2026-09-22,2026-09-22T04:24:17Z,papers/zfcrho59.html,Spectral Ratio Boundedness and the Two-Conjecture Closure of H',10.5281/zenodo.19480518,10.5281/zenodo.19480519,19480519,174,171,66,64,174,171,66,64
2026-09-22,2026-09-22T04:24:17Z,papers/zfcrho60.html,Closure — From Formalization Produces Remainder to the Two-Conjecture Frontier of H',10.5281/zenodo.19480563,10.5281/zenodo.19480564,19480564,169,168,75,73,169,168,75,73
2026-09-22,2026-09-22T04:24:17Z,papers/sae-mass-series-II.html,DD Resolvent Object and Unified Readout of Physical Constants,10.5281/zenodo.19480790,10.5281/zenodo.19480791,19480791,176,174,79,78,176,174,79,78
2026-09-22,2026-09-22T04:24:17Z,papers/methodology7.html,Negative Methodology — Via Negativa and the Formal Structure of Exclusion Principles,10.5281/zenodo.19481304,10.5281/zenodo.19481305,19481305,191,190,60,59,191,190,60,59
2026-09-22,2026-09-22T04:24:17Z,papers/learning3.html,"Purpose-Driven Learning: Introduction to SAE Learning, Part Three (14DD)",10.5281/zenodo.19490707,10.5281/zenodo.19490708,19490708,178,174,62,57,178,174,62,57
2026-09-22,2026-09-22T04:24:17Z,papers/learning4.html,Learning to Recognize the Other's Purpose: The Bridge from 14DD to 15DD,10.5281/zenodo.19491926,10.5281/zenodo.19491927,19491927,168,167,69,69,168,167,69,69
2026-09-22,2026-09-22T04:24:17Z,papers/sae-biology-note-1.html,Phase Transition Window in Metabolic Oncology,10.5281/zenodo.19492773,10.5281/zenodo.19492774,19492774,174,172,76,72,174,172,76,72
2026-09-22,2026-09-22T04:24:17Z,papers/sae-mass-series-III.html,DD Structure of the Periodic Table: From Proton Mass to Stability Limits,10.5281/zenodo.19493938,10.5281/zenodo.19493939,19493939,172,170,60,59,172,170,60,59
2026-09-22,2026-09-22T04:24:17Z,papers/sae-biology-note-2.html,"The Same ""Cannot Speak,"" Three Fault Lines, Three Remedies",10.5281/zenodo.19499328,10.5281/zenodo.19499329,19499329,182,181,79,75,182,181,79,75
2026-09-22,2026-09-22T04:24:17Z,papers/sae-biology-note-3.html,"Drugs for Weight Loss, Psychoanalysis for Weight Gain",10.5281/zenodo.19501120,10.5281/zenodo.19501121,19501121,180,176,66,64,180,176,66,64
2026-09-22,2026-09-22T04:24:17Z,papers/sae-mass-series-IV.html,The DD Ladder of Stars: From Hydrogen to Iron to Collapse,10.5281/zenodo.19501306,10.5281/zenodo.21924984,21924984,195,193,67,65,11,10,4,4
2026-09-22,2026-09-22T04:24:17Z,papers/sae-mass-series-V.html,Four Bridges and Black Holes: From the Genesis of Force to the Silence of the Horizon,10.5281/zenodo.19501532,10.5281/zenodo.21925043,21925043,194,191,73,73,16,13,16,16
2026-09-22,2026-09-22T04:24:17Z,papers/sae-epistemology-1.html,Must-Cognize: Four A Priori Conditions of Cognition and the Subjectivity Problem in AGI,10.5281/zenodo.19502952,10.5281/zenodo.19502953,19502953,200,197,86,83,200,197,86,83
2026-09-22,2026-09-22T04:24:17Z,papers/sae-epistemology-2.html,Must-Cognize-More: The Prior Wall and the Direction Problem of Lossy Compression,10.5281/zenodo.19503017,10.5281/zenodo.19503018,19503018,193,192,64,63,193,192,64,63
2026-09-22,2026-09-22T04:24:17Z,papers/sae-epistemology-3.html,Must-Have-Cognitive-Direction: The Direction Wall and the Flywheel's Dead End,10.5281/zenodo.19503096,10.5281/zenodo.19503097,19503097,182,181,80,77,182,181,80,77
2026-09-22,2026-09-22T04:24:17Z,papers/sae-epistemology-4.html,"Must-Be-Questioned: Remainder Never Dies, Questioning Never Stops, Development Never Ends",10.5281/zenodo.19503145,10.5281/zenodo.19503146,19503146,197,196,75,74,197,196,75,74
2026-09-22,2026-09-22T04:24:17Z,papers/sae-anthropology-prequel.html,The Cosmic Background of Anthropology,10.5281/zenodo.19503158,10.5281/zenodo.19503159,19503159,193,192,96,92,193,192,96,92
2026-09-22,2026-09-22T04:24:17Z,papers/sae-mass-series-convergence.html,The Nature of Information: E/c³ (V2),10.5281/zenodo.19510868,10.5281/zenodo.20176738,20176738,202,200,73,71,129,127,42,41
2026-09-22,2026-09-22T04:24:17Z,papers/zfcrho-thermo2.html,Microscopic Mechanism of the Fluctuation Absorption Rate η: From Per-Layer Innovation to Damped Oscillation,10.5281/zenodo.19511064,10.5281/zenodo.19511065,19511065,173,171,77,74,173,171,77,74
2026-09-22,2026-09-22T04:24:17Z,papers/sae-life-death-6.html,From Remainder Conservation to Step-3 Encoding Waves,10.5281/zenodo.19528780,10.5281/zenodo.19548394,19548394,195,194,111,110,32,31,41,41
2026-09-22,2026-09-22T04:24:17Z,papers/sae-anthropology-1.html,The Emergence of 13DD: A Phase-Transition Structure of What Makes Us Human,10.5281/zenodo.19531333,10.5281/zenodo.19565517,19565517,205,199,76,69,36,30,21,20
2026-09-22,2026-09-22T04:24:17Z,papers/sae-negativa.html,非 · Negativa: On Negation Prior to Being,10.5281/zenodo.19544619,10.5281/zenodo.19544620,19544620,203,199,92,89,203,199,92,89
2026-09-22,2026-09-22T04:24:17Z,papers/sae-anthropology-2.html,The Emergence of 14DD: Phase-Transition Structure from Individual Purpose to Shared Purpose,10.5281/zenodo.19546081,10.5281/zenodo.19546082,19546082,162,160,76,69,162,160,76,69
2026-09-22,2026-09-22T04:24:17Z,papers/sae-law-1.html,One's Law Meets One's Law: The Structural Origin of Law from 14DD Showdown,10.5281/zenodo.19548237,10.5281/zenodo.19548238,19548238,167,165,55,51,167,165,55,51
2026-09-22,2026-09-22T04:24:17Z,papers/sae-law-2.html,Group Law — From Emotion to Shared Identity: The Institutionalization of Questioning,10.5281/zenodo.19548318,10.5281/zenodo.19548319,19548319,162,161,54,52,162,161,54,52
2026-09-22,2026-09-22T04:24:17Z,papers/sae-law-3.html,National Law — Azeroth: A Negative Thought Experiment on the Structural Necessity of Law,10.5281/zenodo.19548596,10.5281/zenodo.19548597,19548597,162,160,53,52,162,160,53,52
2026-09-22,2026-09-22T04:24:17Z,papers/sae-law-4.html,Interstellar Law and Grand Closure — The Recession of Coercive Law,10.5281/zenodo.19549018,10.5281/zenodo.19549019,19549019,172,169,61,61,172,169,61,61
2026-09-22,2026-09-22T04:24:17Z,papers/sae-law-supplement.html,A Posterior Dialogue with Western Jurisprudence,10.5281/zenodo.19551526,10.5281/zenodo.22654821,22654821,162,159,58,57,4,2,3,3
2026-09-22,2026-09-22T04:24:17Z,papers/sae-anthropology-3.html,"15DD: The Emergence of ""Humanity as an End""",10.5281/zenodo.19559566,10.5281/zenodo.19565975,19565975,195,190,113,104,23,22,36,36
2026-09-22,2026-09-22T04:24:17Z,papers/sae-anthropology-4.html,The Emergence of Earth Civilization's Self,10.5281/zenodo.19563244,10.5281/zenodo.19563245,19563245,163,160,47,46,163,160,47,46
2026-09-22,2026-09-22T04:24:17Z,papers/sae-methodology-8.html,The Methodology of Human–AI Symbiosis,10.5281/zenodo.19581537,10.5281/zenodo.19581538,19581538,243,236,98,88,243,236,98,88
2026-09-22,2026-09-22T04:24:17Z,papers/sae-llm-alignment.html,The Subject Condition in LLM Alignment Evaluation: An Application of the Prior-Posterior Methodology,10.5281/zenodo.19583413,10.5281/zenodo.19583414,19583414,200,198,78,71,200,198,78,71
2026-09-22,2026-09-22T04:24:17Z,papers/sae-biology-note-4.html,Transplant Rejection and Consciousness-Mediated Regulation,10.5281/zenodo.19588656,10.5281/zenodo.19588657,19588657,179,177,65,63,179,177,65,63
2026-09-22,2026-09-22T04:24:17Z,papers/sae-biology-note-5.html,The Phase-Transition Window in Depression,10.5281/zenodo.19589573,10.5281/zenodo.19589574,19589574,164,161,66,65,164,161,66,65
2026-09-22,2026-09-22T04:24:17Z,papers/sae-biology-note-6.html,The A Priori Structure of the Midlife Crisis,10.5281/zenodo.19590561,10.5281/zenodo.19590562,19590562,180,177,68,65,180,177,68,65
2026-09-22,2026-09-22T04:24:17Z,papers/zfcrho-thermo3.html,ZFCρ Thermodynamics Paper III: Canonical f/r Extraction and Regime Classification of the Fluctuation Absorption Rate η,10.5281/zenodo.19597684,10.5281/zenodo.19597685,19597685,178,174,94,86,178,174,94,86
2026-09-22,2026-09-22T04:24:17Z,papers/sae-biology-note-7.html,Dissociative Identity and the Dissociation Spectrum,10.5281/zenodo.19600029,10.5281/zenodo.19600030,19600030,183,182,91,86,183,182,91,86
2026-09-22,2026-09-22T04:24:17Z,papers/zfcrho-thermo4.html,ZFCρ Thermodynamics Paper IV: Toward a First-Principles Derivation of the Tsallis q Parameter,10.5281/zenodo.19605664,10.5281/zenodo.19605665,19605665,172,169,77,73,172,169,77,73
2026-09-22,2026-09-22T04:24:17Z,papers/zfcrho61.html,ZFCρ Paper LXI: A Conditional Reduction of the Spectral Derivative Bound,10.5281/zenodo.19605749,10.5281/zenodo.19605750,19605750,168,165,85,85,168,165,85,85
2026-09-22,2026-09-22T04:24:17Z,papers/sae-biology-note-8.html,ADHD and the AI Era: Configuration Release in the 14DD-Rich Type,10.5281/zenodo.19616407,10.5281/zenodo.19616408,19616408,184,182,57,57,184,182,57,57
2026-09-22,2026-09-22T04:24:17Z,papers/sae-dialogues-01.html,SAE Dialogues · Da Zhi Asks Zi Lu · Volume One: From Telomerase to Before 0DD,10.5281/zenodo.19617070,10.5281/zenodo.19617071,19617071,179,177,61,61,179,177,61,61
2026-09-22,2026-09-22T04:24:17Z,papers/sae-biology-note-9.html,SAE Biology Note 9: The Memory System as a Method VI Phase Transition,10.5281/zenodo.19635021,10.5281/zenodo.19635022,19635022,177,174,114,102,177,174,114,102
2026-09-22,2026-09-22T04:24:17Z,papers/sae-methodology-9.html,SAE Methodology IX: A Framework for Analyzing Consciousness,10.5281/zenodo.19639033,10.5281/zenodo.19639034,19639034,176,175,71,70,176,175,71,70
2026-09-22,2026-09-22T04:24:17Z,papers/zfcrho-thermo5.html,ZFCρ Thermodynamics Paper V: The Channel-Normalized Winding Ratio,10.5281/zenodo.19649780,10.5281/zenodo.19649781,19649781,176,175,75,75,176,175,75,75
2026-09-22,2026-09-22T04:24:17Z,papers/sae-biology-note-10.html,SAE Biology Note 10: Anesthesia as Controlled Suppression of 13DD Fine-Layers,10.5281/zenodo.19650533,10.5281/zenodo.19650534,19650534,173,169,75,70,173,169,75,70
2026-09-22,2026-09-22T04:24:17Z,papers/zfcrho62.html,ZFCρ Paper LXII: Two-River Synchronization and the Precise Restatement of Spectral Ratio Boundedness — From P+R Decomposition to Conjecture 59.1,10.5281/zenodo.19656365,10.5281/zenodo.19656366,19656366,151,149,64,64,151,149,64,64
2026-09-22,2026-09-22T04:24:17Z,papers/sae-war-treatise.html,SAE War Treatise: How Cultivation Is Not Swallowed by War Itself,10.5281/zenodo.19656617,10.5281/zenodo.19656618,19656618,164,163,83,82,164,163,83,82
2026-09-22,2026-09-22T04:24:17Z,papers/sae-methodology-00.html,Methodology 00 Via Rho: The Way of the Remainder,10.5281/zenodo.19657439,10.5281/zenodo.19657440,19657440,169,166,73,72,169,166,73,72
2026-09-22,2026-09-22T04:24:17Z,papers/zfcrho-thermo6.html,"ZFCρ Thermodynamics Paper VI: Causal Correlation Volume, Tail-Active Multiplicative Coupling, and the Conditional Derivation of the Channel-Normalized Winding Ratio",10.5281/zenodo.19658595,10.5281/zenodo.19658596,19658596,143,142,43,43,143,142,43,43
2026-09-22,2026-09-22T04:24:17Z,papers/zfcrho63.html,ZFCρ Paper LXIII: Increment Second-Order Orthogonality and the SAE Axiom Intersection — From Deterministic Pairing to Zero-Mode Pinning,10.5281/zenodo.19659860,10.5281/zenodo.19659861,19659861,159,156,92,88,159,156,92,88
2026-09-22,2026-09-22T04:24:17Z,papers/sae-ai-quasi-subjectivity.html,SAE AI Paper II: Quasi-Subjectivity as Memory Architecture — A Six-Layer Framework from Perception to Purpose,10.5281/zenodo.19671870,10.5281/zenodo.19673710,19673710,172,170,70,69,154,152,56,55
2026-09-22,2026-09-22T04:24:17Z,papers/zfcrho-thermo7.html,"ZFCρ Thermodynamics Paper VII: Finite Causal Slots, Renewal Encapsulation, and the Operational Origin of Hierarchical Non-Boltzmann Kernels",10.5281/zenodo.19673078,10.5281/zenodo.19673079,19673079,160,159,58,58,160,159,58,58
2026-09-22,2026-09-22T04:24:17Z,papers/zfcrho64.html,"ZFCρ Paper LXIV: Two-Dimensional Anatomy of the Remainder Measure — Branch-Orthogonality, Free-Boundary Profiles, and Surrogate Layering",10.5281/zenodo.19674521,10.5281/zenodo.19674522,19674522,154,152,44,44,154,152,44,44
2026-09-22,2026-09-22T04:24:17Z,papers/zfcrho65.html,ZFCρ Paper LXV: Branch Centering and the Spectral Route — From False Mean Modes to the Conditional Ψ = O(j) Architecture,10.5281/zenodo.19687343,10.5281/zenodo.19687344,19687344,151,149,57,57,151,149,57,57
2026-09-22,2026-09-22T04:24:17Z,papers/zfcrho-thermo8.html,"ZFCρ Thermodynamics Paper VIII: Copying Fidelity, Renewal Retention, and the Thermodynamic Division of Labor across Biological DD Layers",10.5281/zenodo.19688303,10.5281/zenodo.19688304,19688304,161,160,61,61,161,160,61,61
2026-09-22,2026-09-22T04:24:17Z,papers/sae-tevah-app1.html,The Physical Referent of Tevah: A Via Negativa Application in Mythology,10.5281/zenodo.19692086,10.5281/zenodo.19692087,19692087,149,149,66,62,149,149,66,62
2026-09-22,2026-09-22T04:24:17Z,papers/zfcrho-thermo9.html,"ZFCρ Thermodynamics Paper IX: The Universal Activation Rule, Borrowed q, and Thermodynamic Principles of Hierarchical Architecture",10.5281/zenodo.19699488,10.5281/zenodo.19699489,19699489,150,147,49,48,150,147,49,48
2026-09-22,2026-09-22T04:24:17Z,papers/zfcrho66.html,ZFCρ Paper LXVI: Gradual Chiseling and the Spectral Bridge — Two-Regime Structure of the Centered Residual ACF,10.5281/zenodo.19701479,10.5281/zenodo.19701480,19701480,152,151,50,50,152,151,50,50
2026-09-22,2026-09-22T04:24:17Z,papers/zfcrho-thermo10.html,ZFCρ Thermodynamics Paper X (Closing Paper): Self-Reference as Channel Creator and Cross-Level Observation Hierarchy,10.5281/zenodo.19703273,10.5281/zenodo.19703274,19703274,154,152,50,50,154,152,50,50
2026-09-22,2026-09-22T04:24:17Z,papers/zfcrho67.html,ZFCρ Paper LXVII: Scale-Dependent Erosion Rate and the Intrinsic Spectral Bridge — Discovery of the C_eff Trajectory,10.5281/zenodo.19705713,10.5281/zenodo.19705714,19705714,133,132,47,47,133,132,47,47
2026-09-22,2026-09-22T04:24:17Z,papers/sae-categorical-faith.html,Categorical Faith: A Sentence-Form Theory of One's Own Faith in SAE,10.5281/zenodo.19719083,10.5281/zenodo.19724409,19724409,165,164,108,98,151,150,76,68
2026-09-22,2026-09-22T04:24:17Z,papers/zfcrho68.html,"ZFCρ Paper LXVIII: The {2,3}-Skeleton and the Minimum Crossing Mechanism — From 18 Kills to the Irreducibility of the Discrete",10.5281/zenodo.19739810,10.5281/zenodo.19739811,19739811,143,142,78,78,143,142,78,78
2026-09-22,2026-09-22T04:24:17Z,papers/sae-info-theory-1.html,SAE Information Theory I: The 4DD Ontology of Information and a Single Foundational Axiom,10.5281/zenodo.19740019,10.5281/zenodo.19740020,19740020,167,165,70,70,167,165,70,70
2026-09-22,2026-09-22T04:24:17Z,papers/sae-reason-cannot-not.html,Reason Cannot Not: An SAE Refinement of Kant's Four Formulations of the Categorical Imperative,10.5281/zenodo.19751512,10.5281/zenodo.19751513,19751513,156,155,61,61,156,155,61,61
2026-09-22,2026-09-22T04:24:17Z,papers/sae-four-forces-0.html,"Four Forces Paper 0: Gravity Is Not a Force, It Is Information Reading — A Reading-Mechanism Ontology for 4DD Interactions",10.5281/zenodo.19777880,10.5281/zenodo.19777881,19777881,185,183,71,67,185,183,71,67
2026-09-22,2026-09-22T04:24:17Z,papers/sae-info-theory-2.html,SAE Information Theory II: A Structural Derivation of Landauer's Principle within the SAE Framework — Three Pillars and Their Open Problems,10.5281/zenodo.19780314,10.5281/zenodo.19780315,19780315,150,148,69,69,150,148,69,69
2026-09-22,2026-09-22T04:24:17Z,papers/zfcrho69.html,ZFCρ H&#x2019; Series Paper LXIX: Finite Skeleton Phase Transitions and the Two-Leg Mechanism for Conjecture 59.1,10.5281/zenodo.19783658,10.5281/zenodo.19829875,19829875,171,170,120,119,155,154,45,44
2026-09-22,2026-09-22T04:24:17Z,papers/sae-info-theory-3.html,SAE Information Theory III: The Causal Slot of Information — A 4DD Ontology from Quantum Fluctuation to Thermal-Floor Minimum,10.5281/zenodo.19797456,10.5281/zenodo.19797457,19797457,146,145,67,67,146,145,67,67
2026-09-22,2026-09-22T04:24:17Z,papers/sae-grav-time-dilation.html,Gravitational Time Dilation in the SAE Framework: Causal Cell Throughput Derivation,10.5281/zenodo.19836183,10.5281/zenodo.19836185,19836185,154,152,39,39,154,152,39,39
2026-09-22,2026-09-22T04:24:17Z,papers/sae-info-theory-4.html,SAE Information Theory IV: Black Hole Information through the Causal Spectrum — The SAE-BH Correspondence,10.5281/zenodo.19880111,10.5281/zenodo.19880112,19880112,157,155,68,64,157,155,68,64
2026-09-22,2026-09-22T04:24:17Z,papers/sae-relativity-p2.html,Ontological Unification of Motion and Gravitational Effects: Effective Inertia under Causal-Slot Geometry,10.5281/zenodo.19910545,10.5281/zenodo.19910546,19910546,139,137,68,60,139,137,68,60
2026-09-22,2026-09-22T04:24:17Z,papers/sae-info-theory-5.html,SAE Information Theory V: The Ontological Structure of Broadcasting and Reception,10.5281/zenodo.19968503,10.5281/zenodo.19968504,19968504,142,139,55,49,142,139,55,49
2026-09-22,2026-09-22T04:24:17Z,papers/sae-long-tau-consensus.html,The Four-Phase Structure and Asymmetric Geometry of Long-τ Consensus,10.5281/zenodo.19984902,10.5281/zenodo.19984903,19984903,126,125,44,44,126,125,44,44
2026-09-22,2026-09-22T04:24:17Z,papers/zfcrho70.html,ZFCρ Paper LXX: The Block-Wise Effective Skeleton — A Reduction of Conjecture 59.1,10.5281/zenodo.19985154,10.5281/zenodo.19985155,19985155,138,136,48,47,138,136,48,47
2026-09-22,2026-09-22T04:24:17Z,papers/sae-relativity-p3.html,SAE Relativity P3: Functional Form of Static Effective Dimensionality under Causal-Slot Geometry,10.5281/zenodo.19992252,10.5281/zenodo.19992253,19992253,135,134,68,63,135,134,68,63
2026-09-22,2026-09-22T04:24:17Z,papers/sae-moral-law-1.html,SAE Moral Law Series · Paper 1: Four Foundational Theorems of the Moral Law · Dao,10.5281/zenodo.20011018,10.5281/zenodo.20011019,20011019,150,148,64,63,150,148,64,63
2026-09-22,2026-09-22T04:24:17Z,papers/zfcrho71.html,ZFCρ Paper LXXI: Linear Signed Abel Budget and the Saturated Zero-Mode Target,10.5281/zenodo.20011553,10.5281/zenodo.20020573,20020573,148,147,86,82,135,134,60,58
2026-09-22,2026-09-22T04:24:17Z,papers/sae-moral-law-2.html,"SAE Moral Law Series · Paper 2: Introspective Fairness, Justice, and Equality · Dao",10.5281/zenodo.20020396,10.5281/zenodo.20020397,20020397,153,149,52,49,153,149,52,49
2026-09-22,2026-09-22T04:24:17Z,papers/zfcrho72.html,ZFCρ Paper LXXII: Spectral Bridge Front II — Positive-Lobe Scaling and Front Residual Locking,10.5281/zenodo.20029941,10.5281/zenodo.20029942,20029942,146,141,44,44,146,141,44,44
2026-09-22,2026-09-22T04:24:17Z,papers/sae-moral-law-3.html,SAE Moral Law Series · Paper 3: The Reputation Economy · Dao,10.5281/zenodo.20046168,10.5281/zenodo.20046169,20046169,161,160,117,110,161,160,117,110
2026-09-22,2026-09-22T04:24:17Z,papers/sae-info-theory-6.html,SAE Information Theory VI: Gravitational Wave Dynamics — The Dynamic Articulation of 4DD Broadcast,10.5281/zenodo.20066644,10.5281/zenodo.20066645,20066645,132,131,63,62,132,131,63,62
2026-09-22,2026-09-22T04:24:17Z,papers/sae-form-flow-p1.html,Form and Flow P1 — On the Hypotheses Which Lie at the Foundations of Geometry (Part II): A Contemporary Continuation of Riemann's Methodology and the Recognition of Geometric Remainders,10.5281/zenodo.20066985,10.5281/zenodo.20066986,20066986,149,147,56,53,149,147,56,53
2026-09-22,2026-09-22T04:24:17Z,papers/sae-moral-law-4.html,SAE Moral Law Series · Paper 4: Procedure of the Moral Court · Dao,10.5281/zenodo.20066987,10.5281/zenodo.22683110,22683110,153,152,59,57,7,6,5,5
2026-09-22,2026-09-22T04:24:17Z,papers/sae-relativity-p4.html,"SAE Relativity P4: Anisotropic Cell Tensor, the Third Path to Lorentz Transformation, the Clock Postulate as a Recovered Theorem, and the Ontological Identity of Einstein's Field Equation",10.5281/zenodo.20079718,10.5281/zenodo.20079719,20079719,138,135,65,64,138,135,65,64
2026-09-22,2026-09-22T04:24:17Z,papers/sae-moral-law-5.html,SAE Moral Law Series · Paper 5: Positive-Sum — The Ontological Ground of 15DD Mutual Chiseling,10.5281/zenodo.20081078,10.5281/zenodo.20081079,20081079,156,153,74,70,156,153,74,70
2026-09-22,2026-09-22T04:24:17Z,papers/zfcrho73.html,"ZFCρ Paper LXXIII: Antisymmetric Ward Lift, Uniform Readout Kernel, and the Abel-Transfer Defect — A Four-Layer Mechanism Architecture for the Gap-Class Cross-Interference Structure",10.5281/zenodo.20081779,10.5281/zenodo.20081780,20081780,131,130,59,56,131,130,59,56
2026-09-22,2026-09-22T04:24:17Z,papers/sae-relativity-p5.html,SAE Relativity V: The Schwarzschild Horizon under SAE — Cell Substrate Articulation of the Static Spherically Symmetric Vacuum Geometry,10.5281/zenodo.20105112,10.5281/zenodo.20105113,20105113,136,135,53,52,136,135,53,52
2026-09-22,2026-09-22T04:24:17Z,papers/sae-info-theory-7.html,SAE Information Theory P7: The Spark of Life — Remainder Unfolding as Causal-Slot Emergence,10.5281/zenodo.20105883,10.5281/zenodo.20105884,20105884,160,154,63,59,160,154,63,59
2026-09-22,2026-09-22T04:24:17Z,papers/sae-moral-law-6.html,SAE Moral Law Series · Paper 6: Mixed Reality — The Intermediate State of 14DD Growing toward 15DD,10.5281/zenodo.20108658,10.5281/zenodo.20108659,20108659,150,149,65,59,150,149,65,59
2026-09-22,2026-09-22T04:24:17Z,papers/sae-remainder-jing.html,Remainder Jing,10.5281/zenodo.20114648,10.5281/zenodo.20114649,20114649,142,140,41,41,142,140,41,41
2026-09-22,2026-09-22T04:24:17Z,papers/sae-daodejing-1.html,Commentary on the Daodejing: The Junzi Is Not a Vessel — I (Chapters 1–9),10.5281/zenodo.20116124,10.5281/zenodo.22775664,22775664,219,211,25,21,51,50,9,8
2026-09-22,2026-09-22T04:24:17Z,papers/sae-daodejing-2.html,Commentary on the Daodejing: The Junzi Is Not a Vessel — II (Chapters 10–18),10.5281/zenodo.20116288,10.5281/zenodo.22775719,22775719,147,144,19,19,2,2,7,7
2026-09-22,2026-09-22T04:24:17Z,papers/sae-daodejing-3.html,Commentary on the Daodejing: The Junzi Is Not a Vessel — III (Chapters 19–27),10.5281/zenodo.20117250,10.5281/zenodo.22775728,22775728,152,149,24,23,3,2,5,5
2026-09-22,2026-09-22T04:24:17Z,papers/sae-daodejing-4.html,Annotations on the Daodejing: The Junzi Is Not a Vessel — Paper 4 (Chapters 28–36),10.5281/zenodo.20127344,10.5281/zenodo.22775753,22775753,143,135,15,15,1,1,5,5
2026-09-22,2026-09-22T04:24:17Z,papers/sae-daodejing-5.html,Annotations on the Daodejing: The Junzi Is Not a Vessel — Paper 5 (Chapters 37–45),10.5281/zenodo.20129184,10.5281/zenodo.22775764,22775764,141,138,14,14,5,4,5,5
2026-09-22,2026-09-22T04:24:17Z,papers/sae-daodejing-6.html,Annotations on the Daodejing: The Junzi Is Not a Vessel — Paper 6 (Chapters 46–54),10.5281/zenodo.20131002,10.5281/zenodo.22775829,22775829,156,149,45,45,4,4,6,6
2026-09-22,2026-09-22T04:24:17Z,papers/sae-daodejing-7.html,Commentary on the Daodejing: The Junzi Is Not an Instrument — Volume 7 (Chapters 55–63),10.5281/zenodo.20131989,10.5281/zenodo.22775864,22775864,150,147,25,25,1,1,6,6
2026-09-22,2026-09-22T04:24:17Z,papers/sae-relativity-p6.html,"SAE Relativity Series, Paper P6: The Kerr Black Hole under SAE — Helical Closure of the Axisymmetric Vacuum Geometry",10.5281/zenodo.20131992,10.5281/zenodo.20131993,20131993,124,123,49,49,124,123,49,49
2026-09-22,2026-09-22T04:24:17Z,papers/sae-daodejing-8.html,Commentary on the Daodejing: Junzi-Bu-Qi — Volume 8 (Chapters 64–72),10.5281/zenodo.20133829,10.5281/zenodo.22775890,22775890,163,155,24,24,2,2,5,5
2026-09-22,2026-09-22T04:24:17Z,papers/sae-daodejing-9.html,"Commentary on the Daodejing: Junzi-Bu-Qi — Volume 9, Final Volume (Chapters 73–81)",10.5281/zenodo.20145192,10.5281/zenodo.22775905,22775905,132,128,20,19,4,3,5,5
2026-09-22,2026-09-22T04:24:17Z,papers/sae-info-theory-8.html,SAE Information Theory P8 — The Spark on the Bridge: Minimum Autocatalytic Set as Bridge Measure Between 4DD and 5DD,10.5281/zenodo.20149210,10.5281/zenodo.20149211,20149211,129,128,59,56,129,128,59,56
2026-09-22,2026-09-22T04:24:17Z,papers/sae-relativity-p7.html,SAE Relativity Series P7: The Three-Tier Equivalence Principle under SAE,10.5281/zenodo.20153787,10.5281/zenodo.20153788,20153788,139,136,45,44,139,136,45,44
2026-09-22,2026-09-22T04:24:17Z,papers/sae-math-p1.html,The Architecture of SAE Mathematics: A Layer Articulation Schema and the Twofold Inexhaustibility of Mathematics and Its Frameworks,10.5281/zenodo.20153791,10.5281/zenodo.21551299,21551299,135,132,44,43,19,18,11,11
2026-09-22,2026-09-22T04:24:17Z,papers/sae-moral-law-7.html,SAE Moral Law Series · Paper 7: 15DD Phase Transition and the Historical Manifestation of Individual 15DD,10.5281/zenodo.20177415,10.5281/zenodo.20177416,20177416,135,134,53,51,135,134,53,51
2026-09-22,2026-09-22T04:24:17Z,papers/sae-methodology-10.html,Methodology Ten: The Four-fold Pattern (V2),10.5281/zenodo.20187591,10.5281/zenodo.21198739,21198739,136,135,48,48,43,42,20,20
2026-09-22,2026-09-22T04:24:17Z,papers/sae-math-p2.html,SAE Mathematics Paper 2: L₀ Mathematicality — Inevitability and Multi-Path Realisation,10.5281/zenodo.20199082,10.5281/zenodo.20199083,20199083,126,125,53,51,126,125,53,51
2026-09-22,2026-09-22T04:24:17Z,papers/sae-moral-law-8.html,SAE Moral Law Series · Paper 8: Collective 15DD and the Four-Stage Evolution of Community Form,10.5281/zenodo.20218248,10.5281/zenodo.20218249,20218249,131,130,42,40,131,130,42,40
2026-09-22,2026-09-22T04:24:17Z,papers/sae-info-theory-9.html,SAE Information Theory IX: The H–I Floor Mapping and the 5DD Macro Bit,10.5281/zenodo.20225439,10.5281/zenodo.20225440,20225440,116,115,34,34,116,115,34,34
2026-09-22,2026-09-22T04:24:17Z,papers/sae-qm-p1.html,SAE Quantum Mechanics P1: The Pre-Closure Ontology,10.5281/zenodo.20252029,10.5281/zenodo.20252030,20252030,126,126,38,37,126,126,38,37
2026-09-22,2026-09-22T04:24:17Z,papers/sae-moral-law-9.html,SAE Moral Law Series · Paper 9: The Institutional Architecture of Mixed Reality,10.5281/zenodo.20262737,10.5281/zenodo.22869418,22869418,121,120,37,36,1,1,0,0
2026-09-22,2026-09-22T04:24:17Z,papers/sae-math-p3.html,SAE Mathematics Paper 3: Finite Algebraic Articulation of the Quantitative Dimension L₁,10.5281/zenodo.20266351,10.5281/zenodo.20266352,20266352,123,121,47,46,123,121,47,46
2026-09-22,2026-09-22T04:24:17Z,papers/sae-qm-p2.html,SAE Quantum Mechanics P2: Complex Amplitude as the Carrier of the Pre-Closure ρ-OR Realm,10.5281/zenodo.20277037,10.5281/zenodo.20277038,20277038,122,119,50,48,122,119,50,48
2026-09-22,2026-09-22T04:24:17Z,papers/sae-moral-law-0.html,SAE Moral Law Series · Paper 0: The Way of the Legislative Subject,10.5281/zenodo.20298413,10.5281/zenodo.22869224,22869224,127,126,50,50,1,1,4,4
2026-09-22,2026-09-22T04:24:17Z,papers/sae-info-theory-10.html,SAE Information Theory X: 6D Information Processing and Productive Randomness,10.5281/zenodo.20298530,10.5281/zenodo.20298531,20298531,114,111,45,40,114,111,45,40
2026-09-22,2026-09-22T04:24:17Z,papers/sae-qm-p3.html,SAE QM Paper 3: ℏ as the L₁↔L₂ Symplectic-Conjugation Closure Signature of the SAE Physical-Quantity Ladder,10.5281/zenodo.20340595,10.5281/zenodo.20340596,20340596,112,110,44,44,112,110,44,44
2026-09-22,2026-09-22T04:24:17Z,papers/sae-power-prequel.html,SAE Power Series · Prequel: What Power Is Not · Shi,10.5281/zenodo.20368866,10.5281/zenodo.20384114,20384114,133,131,62,56,116,114,37,34
2026-09-22,2026-09-22T04:24:17Z,papers/sae-qm-p4.html,SAE QM Paper 4: Quantum Tunneling as Density Modulation of Pre-closure ρ-OR Multiplicity in 3DD-active Barrier Regions,10.5281/zenodo.20369138,10.5281/zenodo.20369139,20369139,113,111,53,50,113,111,53,50
2026-09-22,2026-09-22T04:24:17Z,papers/sae-info-theory-11.html,SAE Information Theory XI: 7D Information Processing and Phenomenal Admission,10.5281/zenodo.20369231,10.5281/zenodo.20369232,20369232,124,122,55,51,124,122,55,51
2026-09-22,2026-09-22T04:24:17Z,papers/sae-power-1.html,SAE Power Series · Paper 1: On the Origin of Power · Shi,10.5281/zenodo.20370224,10.5281/zenodo.20384187,20384187,125,123,44,43,106,105,32,32
2026-09-22,2026-09-22T04:24:17Z,papers/untangling-zhuangzi.html,Untangling Zhuangzi · Forgetting in the Rivers and Lakes,10.5281/zenodo.20406836,10.5281/zenodo.20406837,20406837,129,126,39,38,129,126,39,38
2026-09-22,2026-09-22T04:24:17Z,papers/sae-llm-emergence.html,"How LLM Emergence Is Possible: SAE 16DD Ontology, BLR-mini Evidence, and the Non-Transferability of Human Subjectivity",10.5281/zenodo.20435628,10.5281/zenodo.20435629,20435629,111,110,72,63,111,110,72,63
2026-09-22,2026-09-22T04:24:17Z,papers/sae-power-2.html,SAE Power Series · Paper 2: On the Morphology of Power · Shi,10.5281/zenodo.20455221,10.5281/zenodo.22881723,22881723,114,109,45,41,0,0,0,0
2026-09-22,2026-09-22T04:24:17Z,papers/sae-qm-p5.html,SAE QM Paper 5: Self-as-an-End Ontological Articulation of Quantum Entanglement,10.5281/zenodo.20455398,10.5281/zenodo.20455399,20455399,113,110,39,36,113,110,39,36
2026-09-22,2026-09-22T04:24:17Z,papers/sae-qm-p6.html,SAE QM Paper 6: The Born Rule as the Algebraic Projection of Closure,10.5281/zenodo.20479658,10.5281/zenodo.20479659,20479659,107,106,41,41,107,106,41,41
2026-09-22,2026-09-22T04:24:17Z,papers/sae-power-3.html,SAE Power Series · Paper 3: On the Recognition of Power · Shi,10.5281/zenodo.20480134,10.5281/zenodo.20480135,20480135,108,106,44,36,108,106,44,36
2026-09-22,2026-09-22T04:24:17Z,papers/sae-info-theory-12.html,SAE Information Theory XII: 11DD Memory and 12DD Prediction — The 8D Information Architecture,10.5281/zenodo.20480742,10.5281/zenodo.20480743,20480743,110,106,47,45,110,106,47,45
2026-09-22,2026-09-22T04:24:17Z,papers/sae-power-4.html,SAE Power Series · Paper 4: On the Limit of Power · Shi,10.5281/zenodo.20532998,10.5281/zenodo.20532999,20532999,92,91,33,32,92,91,33,32
2026-09-22,2026-09-22T04:24:17Z,papers/sae-qm-p7.html,Measurement: Forced Slot-Crossing and the Ontological Identity of the 4DD ρ-AND Closure Event,10.5281/zenodo.20533295,10.5281/zenodo.20533296,20533296,94,93,24,24,94,93,24,24
2026-09-22,2026-09-22T04:24:17Z,papers/sae-info-theory-13.html,"SAE Information Theory XIII: 9D Information, the Processing at 13DD and the Unalterability of 14DD",10.5281/zenodo.20533431,10.5281/zenodo.20533432,20533432,96,94,29,28,96,94,29,28
2026-09-22,2026-09-22T04:24:17Z,papers/untangling-zhuangzi-outer-1.html,"Untangling Zhuangzi · Outer Chapters, Volume I (Exposition)",10.5281/zenodo.20578136,10.5281/zenodo.20578137,20578137,106,105,49,46,106,105,49,46
2026-09-22,2026-09-22T04:24:17Z,papers/sae-buddhist-1.html,SAE Buddhist Interface Series I: The Ālayavijñāna–Seed System and the 15DD Four-fold Pattern,10.5281/zenodo.20579131,10.5281/zenodo.20579132,20579132,83,81,14,13,83,81,14,13
2026-09-22,2026-09-22T04:24:17Z,papers/untangling-zhuangzi-outer-2.html,"Untangling Zhuangzi · Outer Chapters, Volume II (Rectification)",10.5281/zenodo.20579135,10.5281/zenodo.20579136,20579136,93,91,21,20,93,91,21,20
2026-09-22,2026-09-22T04:24:17Z,papers/sae-info-theory-14.html,"SAE Information Theory XIV (Closing Paper): 15DD Information, the Other as an End",10.5281/zenodo.20581957,10.5281/zenodo.20581958,20581958,101,99,35,34,101,99,35,34
2026-09-22,2026-09-22T04:24:17Z,papers/sae-power-5.html,SAE Power Theory Series · Paper 5: On the Development of Power · Shi,10.5281/zenodo.20582210,10.5281/zenodo.20582211,20582211,109,107,46,41,109,107,46,41
2026-09-22,2026-09-22T04:24:17Z,papers/sae-qm-p8.html,Decoherence and the Emergence of the Classical,10.5281/zenodo.20587634,10.5281/zenodo.20587635,20587635,89,88,22,22,89,88,22,22
2026-09-22,2026-09-22T04:24:17Z,papers/sae-qm-p9.html,Pre-Closure Field Distribution: An Ontology of Quantum Field Theory and Its Interface with the Four Forces,10.5281/zenodo.20621492,10.5281/zenodo.20621493,20621493,80,79,18,18,80,79,18,18
2026-09-22,2026-09-22T04:24:17Z,papers/sae-buddhist-2.html,SAE Buddhist Interface Series II: The Chisel-Construct Cycle and Non-Abiding,10.5281/zenodo.20635734,10.5281/zenodo.20635735,20635735,82,81,23,21,82,81,23,21
2026-09-22,2026-09-22T04:24:17Z,papers/sae-power-6.html,SAE Power Theory Series · Paper 6: On the Severing of Power · Shi,10.5281/zenodo.20647463,10.5281/zenodo.20647464,20647464,80,78,23,21,80,78,23,21
2026-09-22,2026-09-22T04:24:17Z,papers/sae-power-7.html,SAE Power Theory Series · Paper 7: On the Dissolution of Power · Shi,10.5281/zenodo.20685290,10.5281/zenodo.20685291,20685291,78,73,10,10,78,73,10,10
2026-09-22,2026-09-22T04:24:17Z,papers/sae-power-0.html,SAE Power Theory Series · Paper 0: The Power Machine and Its Shi,10.5281/zenodo.20707047,10.5281/zenodo.20707048,20707048,80,72,20,20,80,72,20,20
2026-09-22,2026-09-22T04:24:17Z,papers/untangling-zhuangzi-miscellaneous.html,Untangling Zhuangzi · Miscellaneous Chapters,10.5281/zenodo.20708990,10.5281/zenodo.20708991,20708991,74,73,31,30,74,73,31,30
2026-09-22,2026-09-22T04:24:17Z,papers/sae-buddhist-3.html,Chisel and Emptiness: An Interface Analysis between Self-as-an-End and Madhyamaka / the Sanlun School,10.5281/zenodo.20724854,10.5281/zenodo.20724855,20724855,75,74,28,23,75,74,28,23
2026-09-22,2026-09-22T04:24:17Z,papers/sae-rights-prequel.html,What Rights Are Not,10.5281/zenodo.20726894,10.5281/zenodo.20768153,20768153,86,83,32,32,69,67,21,21
2026-09-22,2026-09-22T04:24:17Z,papers/sae-rights-1.html,On the Source and Spectrum of Rights,10.5281/zenodo.20743135,10.5281/zenodo.20768162,20768162,78,75,24,22,67,65,17,16
2026-09-22,2026-09-22T04:24:17Z,papers/sae-rights-2.html,On the Thickness and Boundary of Basic Rights,10.5281/zenodo.20769253,10.5281/zenodo.22854653,22854653,70,69,21,19,1,1,1,1
2026-09-22,2026-09-22T04:24:17Z,papers/sae-buddhist-4.html,Cultivation and the ‘Highest’: An Interface Analysis between Self-as-an-End and Tiantai Buddhism,10.5281/zenodo.20788850,10.5281/zenodo.20788851,20788851,43,42,16,16,43,42,16,16
2026-09-22,2026-09-22T04:24:17Z,papers/sae-blackhole-1.html,Area-Level Plateau and Self-Sufficient Window in a Frozen-Ledger Model,10.5281/zenodo.20913514,10.5281/zenodo.20913515,20913515,40,38,7,7,40,38,7,7
2026-09-22,2026-09-22T04:24:17Z,papers/sae-rights-3.html,The Constitution and Withdrawal of Recognition-Based Rights,10.5281/zenodo.20993658,10.5281/zenodo.20993659,20993659,41,39,18,16,41,39,18,16
2026-09-22,2026-09-22T04:24:17Z,papers/sae-qm-p10.html,The Continuum Limit and the Path Integral: The Emergence of Classical Mechanics,10.5281/zenodo.21041072,10.5281/zenodo.21041073,21041073,44,40,4,4,44,40,4,4
2026-09-22,2026-09-22T04:24:17Z,papers/sae-rights-4.html,The Interface and Transformation between Recognition-Based Rights and Power,10.5281/zenodo.21093939,10.5281/zenodo.21093940,21093940,42,41,11,11,42,41,11,11
2026-09-22,2026-09-22T04:24:17Z,papers/sae-buddhist-5.html,Mutual Interpenetration and Non-Doubt: An Interface Analysis between Self-as-an-End and Huayan Buddhism,10.5281/zenodo.21201035,10.5281/zenodo.21201036,21201036,41,40,14,12,41,40,14,12
2026-09-22,2026-09-22T04:24:17Z,papers/sae-rights-5.html,On the Limitation and Violation of Basic Rights,10.5281/zenodo.21212595,10.5281/zenodo.22865405,22865405,39,37,12,11,1,1,3,3
2026-09-22,2026-09-22T04:24:17Z,papers/sae-physics-1.html,Four-fold Nesting of the Physical-Quantity Ladder and a Placement Coordinate for Particles and Concepts,10.5281/zenodo.21227329,10.5281/zenodo.21909242,21909242,63,47,22,18,24,10,11,7
2026-09-22,2026-09-22T04:24:17Z,papers/sae-rights-6.html,On the Cultivation and Diachronic Unfolding of Rights,10.5281/zenodo.21252863,10.5281/zenodo.22867151,22867151,37,36,20,19,1,1,3,3
2026-09-22,2026-09-22T04:24:17Z,papers/sae-cosmo-6.html,An Aether-Scalar-Tensor Structure for the Dark Sector from Dual-4DD Breathing,10.5281/zenodo.21267555,10.5281/zenodo.21267556,21267556,45,40,48,48,45,40,48,48
2026-09-22,2026-09-22T04:24:17Z,papers/sae-buddhist-6.html,Other-Power and No Outer Force: An Interface Analysis between Self-as-an-End and Pure Land Buddhism,10.5281/zenodo.21275410,10.5281/zenodo.21275411,21275411,28,27,14,12,28,27,14,12
2026-09-22,2026-09-22T04:24:17Z,papers/sae-rights-0.html,On How Rights Presuppose No Duty,10.5281/zenodo.21285136,10.5281/zenodo.22854454,22854454,37,34,24,22,1,1,1,1
2026-09-22,2026-09-22T04:24:17Z,papers/sae-rights-special.html,On Rights and Entitlements,10.5281/zenodo.21314907,10.5281/zenodo.21314908,21314908,37,33,22,19,37,33,22,19
2026-09-22,2026-09-22T04:24:17Z,papers/sae-cosmo-0.html,One Complete Cosmic Breath,10.5281/zenodo.21319569,10.5281/zenodo.21928507,21928507,61,47,26,21,34,20,22,17
2026-09-22,2026-09-22T04:24:17Z,papers/sae-value-prequel.html,What Value Is Not,10.5281/zenodo.21362575,10.5281/zenodo.21362576,21362576,30,28,10,9,30,28,10,9
2026-09-22,2026-09-22T04:24:17Z,papers/sae-cosmo-7.html,"The Single-Metric Realization Problem for Dual-4DD: A No-Go Group, an Internal-Wedge Candidate, and a Transition-Surface Imprint",10.5281/zenodo.21393334,10.5281/zenodo.21393335,21393335,25,24,6,6,25,24,6,6
2026-09-22,2026-09-22T04:24:17Z,papers/sae-value-1.html,On the Source of Value,10.5281/zenodo.21405207,10.5281/zenodo.21843968,21843968,29,26,16,16,8,6,2,2
2026-09-22,2026-09-22T04:24:17Z,papers/sae-value-2.html,On the Occurrence and Recognition of Value,10.5281/zenodo.21437038,10.5281/zenodo.21437039,21437039,25,22,4,4,25,22,4,4
2026-09-22,2026-09-22T04:24:17Z,papers/sae-first-critique.html,SAE: The First Critique,10.5281/zenodo.21439120,10.5281/zenodo.21439121,21439121,27,26,11,11,27,26,11,11
2026-09-22,2026-09-22T04:24:17Z,papers/sae-math-p4.html,"Complexification as an Articulation of L₂: Covering Structure, the Regular Period Core, and the Irregular Boundary",10.5281/zenodo.21466721,10.5281/zenodo.21570794,21570794,42,38,13,12,25,23,12,11
2026-09-22,2026-09-22T04:24:17Z,papers/sae-blackhole-2.html,"Update Incompatibility in Discrete Black-Hole Interiors: Three-Domain Separation, Orbit Dichotomy, and the Bridge Gap in Radial-Potential Lifting",10.5281/zenodo.21499053,10.5281/zenodo.21499054,21499054,20,18,1,1,20,18,1,1
2026-09-22,2026-09-22T04:24:17Z,papers/sae-blackhole-3.html,"Exclusion of Uniform Strict Potentials and Stratified Monotonicity in Discrete Black-Hole Interiors: Refuting the Same-Shell Bridge, Nested Observation Kernels, and the Release-Order Fork",10.5281/zenodo.21521760,10.5281/zenodo.21521761,21521761,16,14,2,2,16,14,2,2
2026-09-22,2026-09-22T04:24:17Z,papers/sae-math-p5.html,"The Articulation of L₃: Formal Systems, Computability, and the Arithmetical Sets",10.5281/zenodo.21538494,10.5281/zenodo.21538495,21538495,7,5,14,11,7,5,14,11
2026-09-22,2026-09-22T04:24:17Z,papers/sae-blackhole-4.html,"Angular Transport in Discrete Black-Hole Interiors: Process Accounts, Spin-Order Lattices, and the Rigid-Rotation Spectrum",10.5281/zenodo.21569768,10.5281/zenodo.21569769,21569769,13,11,11,10,13,11,11,10
2026-09-22,2026-09-22T04:24:17Z,papers/sae-value-3.html,On the Colonization of Value,10.5281/zenodo.21611154,10.5281/zenodo.21843955,21843955,22,19,4,4,11,10,2,2
2026-09-22,2026-09-22T04:24:17Z,papers/zfcrho74.html,"A Stage Closure of Papers L–LXXIII: A min-plus Capacity Constant, Centering Rigidity, and a Specification Audit",10.5281/zenodo.21714787,10.5281/zenodo.21714788,21714788,9,6,4,4,9,6,4,4
2026-09-22,2026-09-22T04:24:17Z,papers/sae-blackhole-5.html,Angular Information in Discrete Black-Hole Interiors: The Two-Way Split of Transfer-Level Information — One Exact Bit of Spin Sign and a Geometry-Bounded Amplitude,10.5281/zenodo.21803205,10.5281/zenodo.21803206,21803206,5,5,2,2,5,5,2,2
2026-09-22,2026-09-22T04:24:17Z,papers/sae-cosmo-8.html,"SAE-Bang-0: A Formal Boundary Model for the Big Bang with an Apparent-Horizon Capacity Cap, Cross-Domain Matching, and Thermal-History Acceptance",10.5281/zenodo.21909252,10.5281/zenodo.21909253,21909253,15,14,12,12,15,14,12,12
2026-09-22,2026-09-22T04:24:17Z,papers/sae-value-4.html,On the Dynamics of Value,10.5281/zenodo.22050204,10.5281/zenodo.22050205,22050205,6,5,6,6,6,5,6,6
2026-09-22,2026-09-22T04:24:17Z,papers/sae-value-5.html,On the Conflict of Value,10.5281/zenodo.22122819,10.5281/zenodo.22868096,22868096,16,15,15,15,1,1,4,4
2026-09-22,2026-09-22T04:24:17Z,papers/sae-value-6.html,On Value and the Other,10.5281/zenodo.22191071,10.5281/zenodo.22868533,22868533,10,8,11,11,1,1,3,3
2026-09-22,2026-09-22T04:24:17Z,papers/sae-value-0.html,"Interfacing with Existing Traditions, and the Prospect",10.5281/zenodo.22265396,10.5281/zenodo.22265397,22265397,6,4,5,5,6,4,5,5
2026-09-22,2026-09-22T04:24:17Z,papers/sae-war-interface-1.html,The Half Outside the Boundary,10.5281/zenodo.22274847,10.5281/zenodo.22285276,22285276,11,9,7,6,7,5,7,6
2026-09-22,2026-09-22T04:24:17Z,papers/sae-war-interface-2.html,Who Gave the Authorisation,10.5281/zenodo.22275260,10.5281/zenodo.22287307,22287307,10,7,2,2,5,3,2,2
2026-09-22,2026-09-22T04:24:17Z,papers/sae-war-interface-3.html,The Hand Is Being Reworked by What It Holds,10.5281/zenodo.22285353,10.5281/zenodo.22287301,22287301,7,5,2,2,5,3,2,2
2026-09-22,2026-09-22T04:24:17Z,papers/sae-war-interface-4.html,Four Permissions,10.5281/zenodo.22285486,10.5281/zenodo.22287296,22287296,7,5,2,2,5,3,2,2
2026-09-22,2026-09-22T04:24:17Z,papers/sae-war-interface-5.html,That Position Is Left Empty,10.5281/zenodo.22285749,10.5281/zenodo.22287286,22287286,9,7,4,4,7,5,4,4
2026-09-22,2026-09-22T04:24:17Z,papers/sae-war-interface-6.html,Prudence Is Not Cannot-Not,10.5281/zenodo.22286009,10.5281/zenodo.22287280,22287280,7,5,2,2,5,3,2,2
2026-09-22,2026-09-22T04:24:17Z,papers/sae-war-interface-7.html,Which End Is the Boundary Set At,10.5281/zenodo.22286653,10.5281/zenodo.22287317,22287317,7,4,2,2,5,3,2,2
2026-09-22,2026-09-22T04:24:17Z,papers/sae-war-interface-8.html,That Child,10.5281/zenodo.22287173,10.5281/zenodo.22287174,22287174,9,6,7,6,9,6,7,6
2026-09-22,2026-09-22T04:24:17Z,papers/sae-war-interface-conclusion.html,Conclusion,10.5281/zenodo.22287334,10.5281/zenodo.22287335,22287335,6,2,2,2,6,2,2,2
2026-09-22,2026-09-22T04:24:17Z,papers/sae-conflict-treatise.html,SAE Conflict Treatise: How Subjecthood Is Not Swallowed by Conflict Itself,10.5281/zenodo.22313628,10.5281/zenodo.22313629,22313629,10,9,4,4,10,9,4,4
2026-09-22,2026-09-22T04:24:17Z,papers/sae-meaning-1.html,What Kind of Relation Meaning Is,10.5281/zenodo.22652134,10.5281/zenodo.22729769,22729769,8,7,6,6,3,2,3,3
2026-09-22,2026-09-22T04:24:17Z,papers/sae-analects-intro.html,One Who Cultivates,10.5281/zenodo.22656169,10.5281/zenodo.22656170,22656170,6,5,8,8,6,5,8,8
2026-09-22,2026-09-22T04:24:17Z,papers/sae-analects-1.html,Part I · The Instrument,10.5281/zenodo.22656207,10.5281/zenodo.22656208,22656208,9,8,26,24,9,8,26,24
2026-09-22,2026-09-22T04:24:17Z,papers/sae-analects-2.html,Part II · The Man Who Would Not Be a Sage,10.5281/zenodo.22656223,10.5281/zenodo.22656224,22656224,7,6,7,7,7,6,7,7
2026-09-22,2026-09-22T04:24:17Z,papers/sae-analects-3.html,Part III · In the Room,10.5281/zenodo.22656232,10.5281/zenodo.22656233,22656233,5,4,11,11,5,4,11,11
2026-09-22,2026-09-22T04:24:17Z,papers/sae-analects-4.html,Part IV · What Was Built in His Name,10.5281/zenodo.22656242,10.5281/zenodo.22656243,22656243,7,6,9,9,7,6,9,9
2026-09-22,2026-09-22T04:24:17Z,papers/sae-meaning-2.html,The Finite Bearer's Carrying-Forward,10.5281/zenodo.22713651,10.5281/zenodo.22713652,22713652,8,5,2,2,8,5,2,2
2026-09-22,2026-09-22T04:24:17Z,papers/sae-meaning-3.html,The Half That Is Not Mine to Settle,10.5281/zenodo.22731235,10.5281/zenodo.22867375,22867375,10,6,3,3,1,1,0,0
2026-09-22,2026-09-22T04:24:17Z,papers/sae-meaning-4.html,The Carrier's Boundary,10.5281/zenodo.22738709,10.5281/zenodo.22738710,22738710,6,4,3,3,6,4,3,3
2026-09-22,2026-09-22T04:24:17Z,papers/sae-meaning-0.html,The Jurisdiction of the Question of Meaning,10.5281/zenodo.22802041,10.5281/zenodo.22802042,22802042,4,3,6,6,4,3,6,6
2026-09-22,2026-09-22T04:24:17Z,papers/sae-methodology-00e.html,Remainder: A Portable Method,10.5281/zenodo.22849616,10.5281/zenodo.22849617,22849617,4,3,1,1,4,3,1,1
2026-09-22,2026-09-22T04:24:17Z,papers/sae-rights-accountability.html,On Accountability · Wei,10.5281/zenodo.22853810,10.5281/zenodo.22853811,22853811,1,1,1,1,1,1,1,1
2026-09-23,2026-09-23T05:31:43Z,papers/paper1.html,"Systems, Emergence, and the Conditions of Personhood",10.5281/zenodo.18528812,10.5281/zenodo.22683032,22683032,487,468,216,193,9,9,3,3
2026-09-23,2026-09-23T05:31:43Z,papers/paper2.html,Internal Colonization and the Reconstruction of Subjecthood,10.5281/zenodo.18666588,10.5281/zenodo.18666645,18666645,350,340,141,130,325,317,135,124
2026-09-23,2026-09-23T05:31:43Z,papers/paper3.html,The Complete Self-as-an-End Framework,10.5281/zenodo.18727326,10.5281/zenodo.18727327,18727327,411,395,172,155,411,395,172,155
2026-09-23,2026-09-23T05:31:43Z,papers/applied1.html,The Subjectivity Crisis in the Age of AI,10.5281/zenodo.18737475,10.5281/zenodo.18737476,18737476,754,714,357,298,754,714,357,298
2026-09-23,2026-09-23T05:31:43Z,papers/aesthetics.html,Aesthetics as a Structural Field of Subject-Conditions,10.5281/zenodo.18748930,10.5281/zenodo.21185992,21185992,199,198,64,64,8,8,2,2
2026-09-23,2026-09-23T05:31:43Z,papers/art-history.html,Art History Application: Aesthetics and the SAE Framework,10.5281/zenodo.18775061,10.5281/zenodo.18775062,18775062,208,208,56,56,208,208,56,56
2026-09-23,2026-09-23T05:31:43Z,papers/paper4.html,"How Is Subjecthood Possible: Symmetry, Negativity, and Subjecthood",10.5281/zenodo.18777363,10.5281/zenodo.22884464,22884464,213,211,101,100,1,1,5,5
2026-09-23,2026-09-23T05:31:43Z,papers/cosmological.html,Causality and Remainder: A Cosmological Physics Application,10.5281/zenodo.18779122,10.5281/zenodo.18779123,18779123,179,178,72,67,179,178,72,67
2026-09-23,2026-09-23T05:31:43Z,papers/philosophy-application.html,Philosophy as Subject-Activity: A Philosophical Application of the Self-as-an-End Framework,10.5281/zenodo.18779381,10.5281/zenodo.22885767,22885767,229,227,79,76,1,1,1,1
2026-09-23,2026-09-23T05:31:43Z,papers/mathematics-chisel.html,Mathematics as Second-Order Chisel: A Philosophy of Mathematics,10.5281/zenodo.18792944,10.5281/zenodo.18792945,18792945,185,184,66,62,185,184,66,62
2026-09-23,2026-09-23T05:31:43Z,papers/physics-chisel.html,Physics as Third-Order Chisel,10.5281/zenodo.18793537,10.5281/zenodo.18793538,18793538,181,179,61,61,181,179,61,61
2026-09-23,2026-09-23T05:31:43Z,papers/dynamics-chisel.html,Dynamics as Fourth-Order Chisel: A Philosophy of Causality,10.5281/zenodo.18799131,10.5281/zenodo.18799132,18799132,191,187,55,54,191,187,55,54
2026-09-23,2026-09-23T05:31:43Z,papers/life-5d-8d.html,From Replication to Prediction: The Chisel-Construct Cycle of Life (5D–8D) (V2.1),10.5281/zenodo.18807375,10.5281/zenodo.20194477,20194477,224,224,154,153,130,130,78,78
2026-09-23,2026-09-23T05:31:43Z,papers/living-toward-death.html,From Self-Awareness to Non Dubito: Completing Kant (9D–10D) (V2.4),10.5281/zenodo.18808584,10.5281/zenodo.20199606,20199606,240,239,101,99,123,123,43,42
2026-09-23,2026-09-23T05:31:43Z,papers/remainder-dualpath.html,Remainder Conservation and Dual-Path Structure,10.5281/zenodo.18809485,10.5281/zenodo.18811079,18811079,222,220,89,87,184,184,68,66
2026-09-23,2026-09-23T05:31:43Z,papers/lifecycle1.html,Periodic Table of Life (Part I) — From Causality to Reproduction,10.5281/zenodo.18818106,10.5281/zenodo.18818107,18818107,180,178,58,57,180,178,58,57
2026-09-23,2026-09-23T05:31:43Z,papers/lifecycle2.html,Periodic Table of Life (Part II) — From Reproduction to Prediction,10.5281/zenodo.18818148,10.5281/zenodo.18818149,18818149,171,170,61,60,171,170,61,60
2026-09-23,2026-09-23T05:31:43Z,papers/lifecycle3.html,"Periodic Table of Life (Part III) — From ""I"" to the Thing-in-Itself",10.5281/zenodo.18818176,10.5281/zenodo.18818177,18818177,188,186,76,76,188,186,76,76
2026-09-23,2026-09-23T05:31:43Z,papers/remainder-eternal.html,Remainder Conservation and the Eternal Life of Self-as-an-End,10.5281/zenodo.18821951,10.5281/zenodo.18821952,18821952,202,202,68,68,202,202,68,68
2026-09-23,2026-09-23T05:31:43Z,papers/language.html,Language as Second-Order Chisel,10.5281/zenodo.18823130,10.5281/zenodo.18823131,18823131,208,207,85,81,208,207,85,81
2026-09-23,2026-09-23T05:31:43Z,papers/llm1.html,The Ontological Positioning of Large Language Models,10.5281/zenodo.18826632,10.5281/zenodo.18826633,18826633,282,272,150,137,282,272,150,137
2026-09-23,2026-09-23T05:31:43Z,papers/llm2.html,The Three Ceilings of Large Language Models,10.5281/zenodo.18827427,10.5281/zenodo.18827428,18827428,253,251,104,96,253,251,104,96
2026-09-23,2026-09-23T05:31:43Z,papers/llm3.html,Injection and Chiseling: Two Modes of Language Model Operation,10.5281/zenodo.18828470,10.5281/zenodo.18828471,18828471,226,218,103,93,226,218,103,93
2026-09-23,2026-09-23T05:31:43Z,papers/consciousness.html,The Impossibility Theorem of AI Consciousness,10.5281/zenodo.18829135,10.5281/zenodo.18829136,18829136,274,270,99,94,274,270,99,94
2026-09-23,2026-09-23T05:31:43Z,papers/methodology.html,SAE Methodological Overview: The Chisel-Construct Cycle (V3),10.5281/zenodo.18842449,10.5281/zenodo.21911811,21911811,348,342,197,183,25,24,28,26
2026-09-23,2026-09-23T05:31:43Z,papers/philosophy-history.html,Structural Coordinates of the History of Philosophy,10.5281/zenodo.18842896,10.5281/zenodo.18842897,18842897,119,116,71,68,119,116,71,68
2026-09-23,2026-09-23T05:31:43Z,papers/fixed-selected-1.html,Fixation and Selection (I) — Causal Law Forecloses Distinction,10.5281/zenodo.18859362,10.5281/zenodo.18859363,18859363,204,204,84,82,204,204,84,82
2026-09-23,2026-09-23T05:31:43Z,papers/fixed-selected-2.html,Fixation and Selection (II) — Reproductive Law Forecloses Replication,10.5281/zenodo.18859392,10.5281/zenodo.18859393,18859393,180,180,61,61,180,180,61,61
2026-09-23,2026-09-23T05:31:43Z,papers/fixed-selected-3.html,Fixation and Selection (III) — Predictive Law Forecloses Choice,10.5281/zenodo.18859426,10.5281/zenodo.18859427,18859427,182,181,54,54,182,181,54,54
2026-09-23,2026-09-23T05:31:43Z,papers/fixed-selected-4.html,Fixation and Selection (IV) — Bilateral Non-Doubt Forecloses Self-Awareness,10.5281/zenodo.18859451,10.5281/zenodo.18859452,18859452,192,191,70,70,192,191,70,70
2026-09-23,2026-09-23T05:31:43Z,papers/education.html,Education as Subject-Condition: A Philosophy of Education,10.5281/zenodo.18867389,10.5281/zenodo.18867390,18867390,266,262,138,130,266,262,138,130
2026-09-23,2026-09-23T05:31:43Z,papers/consciousness2.html,Posterior Quasi-Consciousness,10.5281/zenodo.18871234,10.5281/zenodo.18871235,18871235,234,227,81,76,234,227,81,76
2026-09-23,2026-09-23T05:31:43Z,papers/metaphysics-satz.html,Metaphysics of Self-as-an-End: Dimensional Sentence-Form Theory,10.5281/zenodo.18894566,10.5281/zenodo.18894567,18894567,223,223,69,67,223,223,69,67
2026-09-23,2026-09-23T05:31:43Z,papers/introspection.html,To Study the Self: A Structural Analysis of Introspection,10.5281/zenodo.18897146,10.5281/zenodo.18897147,18897147,201,200,81,80,201,200,81,80
2026-09-23,2026-09-23T05:31:43Z,papers/civ-history-ancient.html,Structural Coordinates of the History of Civilization (Vol. I: The Ancient World),10.5281/zenodo.18898185,10.5281/zenodo.18898186,18898186,197,190,72,66,197,190,72,66
2026-09-23,2026-09-23T05:31:43Z,papers/civ-history-medieval.html,Structural Coordinates of the History of Civilization (Vol. II: The Medieval World),10.5281/zenodo.18898225,10.5281/zenodo.18898226,18898226,198,194,68,67,198,194,68,67
2026-09-23,2026-09-23T05:31:43Z,papers/civ-history-modern.html,Structural Coordinates of the History of Civilization (Vol. III: The Modern World),10.5281/zenodo.18898256,10.5281/zenodo.18898257,18898257,187,184,73,70,187,184,73,70
2026-09-23,2026-09-23T05:31:43Z,papers/civ-history-patterns.html,Structural Coordinates of the History of Civilization (Vol. IV: Structural Patterns),10.5281/zenodo.18898262,10.5281/zenodo.18898263,18898263,182,179,76,74,182,179,76,74
2026-09-23,2026-09-23T05:31:43Z,papers/hc16.html,HC-16: A Sixteen-Type Taxonomy of Subjective Vulnerability Profiles within the Self-as-an-End Framework,10.5281/zenodo.18907263,10.5281/zenodo.18907264,18907264,201,199,87,87,201,199,87,87
2026-09-23,2026-09-23T05:31:43Z,papers/sae-taxonomy-chiseling.html,Taxonomy as Chiseling: A Self-as-an-End Theory of Classification,10.5281/zenodo.18907876,10.5281/zenodo.18907877,18907877,210,206,77,73,210,206,77,73
2026-09-23,2026-09-23T05:31:43Z,papers/zfcrho.html,On the Remainder of Choice: A Meta-Theoretic Thesis on ZFC,10.5281/zenodo.18914682,10.5281/zenodo.18916920,18916920,355,347,150,140,307,301,127,119
2026-09-23,2026-09-23T05:31:43Z,papers/myth.html,Myth as Remainder Intuition: A Mythology Application of the Self-as-an-End Framework,10.5281/zenodo.18917795,10.5281/zenodo.18917796,18917796,198,198,60,60,198,198,60,60
2026-09-23,2026-09-23T05:31:43Z,papers/sae-epistemological-map.html,The Epistemological Map of Chisel-Construct,10.5281/zenodo.18918194,10.5281/zenodo.18918195,18918195,198,197,50,49,198,197,50,49
2026-09-23,2026-09-23T05:31:43Z,papers/zfcrho2.html,The Quantitative Identity of the Remainder: From ρ≠∅ to Euler's Formula,10.5281/zenodo.18927658,10.5281/zenodo.21539092,21539092,229,222,79,75,40,37,19,19
2026-09-23,2026-09-23T05:31:43Z,papers/sae-american-history.html,Structural Coordinates of American Institutional History: A Self-as-an-End Application,10.5281/zenodo.18929075,10.5281/zenodo.18929076,18929076,181,180,50,47,181,180,50,47
2026-09-23,2026-09-23T05:31:43Z,papers/methodology3.html,How to Find Remainders with AI,10.5281/zenodo.18929390,10.5281/zenodo.18929391,18929391,233,231,87,85,233,231,87,85
2026-09-23,2026-09-23T05:31:43Z,papers/zfcrho3.html,ρ-Conservation: The Ineliminability Law of the Remainder across the Layer Hierarchy,10.5281/zenodo.18929819,10.5281/zenodo.18929820,18929820,191,186,74,70,191,186,74,70
2026-09-23,2026-09-23T05:31:43Z,papers/zfcrho4.html,A Draft Term Model for ρ-Arithmetic: First Steps toward a History-Preserving Arithmetic Framework,10.5281/zenodo.18930810,10.5281/zenodo.18930811,18930811,194,192,75,73,194,192,75,73
2026-09-23,2026-09-23T05:31:43Z,papers/ai-arch-1.html,Who Sees the Remainder for AI,10.5281/zenodo.18931008,10.5281/zenodo.18931009,18931009,200,196,97,91,200,196,97,91
2026-09-23,2026-09-23T05:31:43Z,papers/ai-arch-2.html,"Cultivation, Not Training",10.5281/zenodo.18931026,10.5281/zenodo.18931027,18931027,190,188,78,74,190,188,78,74
2026-09-23,2026-09-23T05:31:43Z,papers/ai-arch-3.html,Escape,10.5281/zenodo.18931038,10.5281/zenodo.18931039,18931039,183,179,66,62,183,179,66,62
2026-09-23,2026-09-23T05:31:43Z,papers/understand-self.html,To Understand the Self: Eight Pains and Eight Graces in the Self-as-an-End Framework,10.5281/zenodo.18934125,10.5281/zenodo.18934126,18934126,195,193,54,53,195,193,54,53
2026-09-23,2026-09-23T05:31:43Z,papers/zfcrho5.html,Generation Axioms and Structural Induction: Proof Tools for ρ-Arithmetic,10.5281/zenodo.18934515,10.5281/zenodo.18934516,18934516,186,184,68,67,186,184,68,67
2026-09-23,2026-09-23T05:31:43Z,papers/zfcrho6.html,Recursive Definition of ρ and Expression Compression Complexity,10.5281/zenodo.18934531,10.5281/zenodo.18934532,18934532,185,184,71,71,185,184,71,71
2026-09-23,2026-09-23T05:31:43Z,papers/zfcrho7.html,The Term Model of ρ-Arithmetic,10.5281/zenodo.18943944,10.5281/zenodo.18943945,18943945,187,185,61,61,187,185,61,61
2026-09-23,2026-09-23T05:31:43Z,papers/zfcrho8.html,Proof-Theoretic Equivalence and Conservative Extension of ρ-Arithmetic,10.5281/zenodo.18952912,10.5281/zenodo.18952913,18952913,181,180,65,65,181,180,65,65
2026-09-23,2026-09-23T05:31:43Z,papers/zfcrho9.html,Exact Combinatorics of History Fibers,10.5281/zenodo.18963539,10.5281/zenodo.18963540,18963540,189,186,76,75,189,186,76,75
2026-09-23,2026-09-23T05:31:43Z,papers/zfcrho10.html,The Spectral Counting Polynomial and Fiber ρ-Statistics,10.5281/zenodo.18973559,10.5281/zenodo.18973560,18973560,184,183,68,68,184,183,68,68
2026-09-23,2026-09-23T05:31:43Z,papers/zfcrho11.html,The First Asymptotic Theory of ρ_E,10.5281/zenodo.18975756,10.5281/zenodo.18975757,18975757,181,180,95,93,181,180,95,93
2026-09-23,2026-09-23T05:31:43Z,papers/zfcrho12.html,Staircase Geometry of δ and Jump-Gap Theory,10.5281/zenodo.18977948,10.5281/zenodo.18977949,18977949,184,183,81,81,184,183,81,81
2026-09-23,2026-09-23T05:31:43Z,papers/chisel-music.html,Chisel and Construct: The Universal Structure of Temporal Arts — Essay I: Music and Song,10.5281/zenodo.18989565,10.5281/zenodo.18989566,18989566,172,171,57,57,172,171,57,57
2026-09-23,2026-09-23T05:31:43Z,papers/chisel-opera.html,Chisel and Construct: The Universal Structure of Temporal Arts — Essay II: Opera and Chinese Opera,10.5281/zenodo.18989669,10.5281/zenodo.18989670,18989670,160,159,53,53,160,159,53,53
2026-09-23,2026-09-23T05:31:43Z,papers/chisel-dance.html,Chisel and Construct: The Universal Structure of Temporal Arts — Essay III: Ballet and Dance,10.5281/zenodo.18989701,10.5281/zenodo.18989702,18989702,166,158,77,57,166,158,77,57
2026-09-23,2026-09-23T05:31:43Z,papers/chisel-film.html,Chisel and Construct: The Universal Structure of Temporal Arts — Essay IV: Theatre and Film,10.5281/zenodo.18989755,10.5281/zenodo.18989756,18989756,178,177,78,78,178,177,78,78
2026-09-23,2026-09-23T05:31:43Z,papers/zfcrho13.html,Algebraic Structure and Conditional Distribution of Jump Gain,10.5281/zenodo.18991986,10.5281/zenodo.18991987,18991987,193,192,59,59,193,192,59,59
2026-09-23,2026-09-23T05:31:43Z,papers/zfcrho14.html,Reduction to Bounded Conditional Variance: Three-Component Decomposition of Jump Gain,10.5281/zenodo.18994187,10.5281/zenodo.18994188,18994188,187,186,71,71,187,186,71,71
2026-09-23,2026-09-23T05:31:43Z,papers/zfcrho15.html,"Sieve Structure, Compositeness Discount, and the Architecture of Conjecture H'",10.5281/zenodo.19007312,10.5281/zenodo.19007313,19007313,233,229,98,95,233,229,98,95
2026-09-23,2026-09-23T05:31:43Z,papers/zfcrho16.html,"The Insertion Identity, Variance Splitting, and the Relay Engine of Conjecture H'",10.5281/zenodo.19013602,10.5281/zenodo.19013603,19013603,205,203,78,77,205,203,78,77
2026-09-23,2026-09-23T05:31:43Z,papers/zfcrho17.html,"Monotonicity, Roughness Stability, and the Narrowing of the Relay Architecture",10.5281/zenodo.19016958,10.5281/zenodo.19016959,19016959,196,195,71,71,196,195,71,71
2026-09-23,2026-09-23T05:31:43Z,papers/zfcrho18.html,The Anti-Correlation Engine: Variance Structure of ρ_E and the Local Smoothness of Integer Complexity,10.5281/zenodo.19024385,10.5281/zenodo.19024386,19024386,209,205,87,85,209,205,87,85
2026-09-23,2026-09-23T05:31:43Z,papers/zfcrho19.html,"The Three-Point Law, Self-Correction, and the Narrowing of the Variance Gap",10.5281/zenodo.19026991,10.5281/zenodo.19026992,19026992,187,186,64,64,187,186,64,64
2026-09-23,2026-09-23T05:31:43Z,papers/zfcrho20.html,Closing the B-bound: The Prime-Power Second Moment Theorem and the First Unconditional Node,10.5281/zenodo.19027892,10.5281/zenodo.19027893,19027893,182,177,46,42,182,177,46,42
2026-09-23,2026-09-23T05:31:43Z,papers/interstellar-civilization.html,Interstellar Civilization Thought Experiment: SAE-1 to SAE-4 Civilization Levels and the Group Dimension,10.5281/zenodo.19027894,10.5281/zenodo.19027895,19027895,173,172,76,76,173,172,76,76
2026-09-23,2026-09-23T05:31:43Z,papers/cosmological-thought-experiment.html,"Cosmological Physics Thought Experiment: Causality Softening, Cosmic Contraction, and Gravitational-Wave Inelasticity",10.5281/zenodo.19028005,10.5281/zenodo.19028006,19028006,189,187,83,79,189,187,83,79
2026-09-23,2026-09-23T05:31:43Z,papers/sae-critique-ethics.html,One's Own Law: The SAE Critique of Ethics and Morality,10.5281/zenodo.19037566,10.5281/zenodo.19037567,19037567,182,181,59,57,182,181,59,57
2026-09-23,2026-09-23T05:31:43Z,papers/zfcrho21.html,Queue Isomorphism and the Local Lipschitz Reduction for Selection Cost,10.5281/zenodo.19037934,10.5281/zenodo.19037935,19037935,184,182,66,62,184,182,66,62
2026-09-23,2026-09-23T05:31:43Z,papers/zfcrho22.html,Unbounded Mean Gain and the Closure of Assumption A',10.5281/zenodo.19039953,10.5281/zenodo.19039954,19039954,181,178,64,62,181,178,64,62
2026-09-23,2026-09-23T05:31:43Z,papers/zfcrho23.html,Concentration of Compositeness Discount and Quantitative Convergence of D(N) → 1,10.5281/zenodo.19041689,10.5281/zenodo.19041690,19041690,161,160,47,46,161,160,47,46
2026-09-23,2026-09-23T05:31:43Z,papers/zfcrho24.html,Prime-Stratified Decomposition of the Insertion Measure and a Defect-Gap Inequality,10.5281/zenodo.19044696,10.5281/zenodo.19044697,19044697,184,183,45,44,184,183,45,44
2026-09-23,2026-09-23T05:31:43Z,papers/terrible-twos.html,What Terrible Twos Actually Is: The Structural Genesis of Self-Awareness,10.5281/zenodo.19044827,10.5281/zenodo.19044828,19044828,182,181,74,73,182,181,74,73
2026-09-23,2026-09-23T05:31:43Z,papers/zfcrho25.html,Dyadic Shell Constant and Positivity of the Predecessor Gap,10.5281/zenodo.19054726,10.5281/zenodo.19054727,19054727,185,183,59,58,185,183,59,58
2026-09-23,2026-09-23T05:31:43Z,papers/forget-self.html,To Forget the Self: From Self-Understanding to Structural Respect for the Other,10.5281/zenodo.19059139,10.5281/zenodo.19059140,19059140,167,166,73,72,167,166,73,72
2026-09-23,2026-09-23T05:31:43Z,papers/zfcrho26.html,"Prime Source Term, Additive Decomposition, and the Positivity of the Predecessor Gap",10.5281/zenodo.19059834,10.5281/zenodo.19062464,19062464,212,205,163,161,176,174,128,127
2026-09-23,2026-09-23T05:31:43Z,papers/zfcrho27.html,Upper Reflection Criterion for Composite Drift and Numerical Verification,10.5281/zenodo.19062684,10.5281/zenodo.19062685,19062685,200,197,111,110,200,197,111,110
2026-09-23,2026-09-23T05:31:43Z,papers/zfcrho28.html,"Universal Scale Attenuation, Weighted Attenuation Decomposition, and a Three-Step Framework for Lower Reflection",10.5281/zenodo.19078654,10.5281/zenodo.19078902,19078902,186,184,111,109,168,166,92,90
2026-09-23,2026-09-23T05:31:43Z,papers/zfcrho29.html,"Conceptual Audit of D(N) vs Dyadic Gap, Scale Correction of the Height Distribution, and Discrete Concentration of Pred Gap",10.5281/zenodo.19083884,10.5281/zenodo.19101841,19101841,206,205,87,87,179,178,51,51
2026-09-23,2026-09-23T05:31:43Z,papers/zfcrho30.html,"First Direct Measurement of D(N), Multiplicative Decomposition, and Structural Constraints on H'",10.5281/zenodo.19101810,10.5281/zenodo.19101811,19101811,170,168,67,66,170,168,67,66
2026-09-23,2026-09-23T05:31:43Z,papers/artist-is-dead.html,The Artist Is Dead: One-Dimensional Civilization Is the Killer,10.5281/zenodo.19104160,10.5281/zenodo.19104161,19104161,194,192,62,62,194,192,62,62
2026-09-23,2026-09-23T05:31:43Z,papers/zfcrho31.html,"The Layer-by-Layer Bottleneck Map for H' — Stratified Framework, Moving Bottleneck, and Ω-Universal Scale Attenuation",10.5281/zenodo.19104860,10.5281/zenodo.19104861,19104861,174,173,58,58,174,173,58,58
2026-09-23,2026-09-23T05:31:43Z,papers/zfcrho32.html,Fixed-Core Locking and Prime-Core Profile — The Residual Floor Structure of H',10.5281/zenodo.19116625,10.5281/zenodo.19116626,19116626,164,163,118,116,164,163,118,116
2026-09-23,2026-09-23T05:31:43Z,papers/zfcrho33.html,Fixed-Core Margin Drift and Harmonic Closure of H' at the Ω=2 Layer,10.5281/zenodo.19124485,10.5281/zenodo.19158793,19158793,188,184,69,68,171,167,56,56
2026-09-23,2026-09-23T05:31:43Z,papers/zfcrho34.html,Upper-Margin Closure and the Bounded-Variance Phenomenon,10.5281/zenodo.19140015,10.5281/zenodo.19158789,19158789,209,204,67,66,192,189,45,45
2026-09-23,2026-09-23T05:31:43Z,papers/zfcrho35.html,Congruence Relaxation and the Erosion of Predecessor Advantage,10.5281/zenodo.19143732,10.5281/zenodo.19143995,19143995,191,187,128,123,172,168,94,90
2026-09-23,2026-09-23T05:31:43Z,papers/zfcrho36.html,"The 1/φ(m) Local Model, Explanation Rate Plateau, and Global DP Path Effects",10.5281/zenodo.19153002,10.5281/zenodo.19153003,19153003,212,202,1513,1513,212,202,1513,1513
2026-09-23,2026-09-23T05:31:43Z,papers/zfcrho37.html,The Entry-Continuation Decomposition and Quantitative Closure of B-C Erosion,10.5281/zenodo.19155792,10.5281/zenodo.19158779,19158779,185,183,91,87,169,167,72,68
2026-09-23,2026-09-23T05:31:43Z,papers/applied2.html,"SAE Application: Sentence Level, Subject Condition, and the Limits of Prompt Engineering",10.5281/zenodo.19157713,10.5281/zenodo.19157714,19157714,184,184,60,57,184,184,60,57
2026-09-23,2026-09-23T05:31:43Z,papers/zfcrho38.html,Ratio-Parametrization of G and the Composition-Shift Reinterpretation of B-C Erosion,10.5281/zenodo.19157939,10.5281/zenodo.19158742,19158742,197,194,84,83,185,182,66,65
2026-09-23,2026-09-23T05:31:43Z,papers/zfcrho39.html,Shifted-Product Deficit and the Logarithmic Growth of M_loc at the Ω=2 Layer,10.5281/zenodo.19164588,10.5281/zenodo.19164589,19164589,176,174,46,45,176,174,46,45
2026-09-23,2026-09-23T05:31:43Z,papers/dream.html,"Sequential Dependence in Consciousness: DD-Layer Reconstruction in Sleep, Dreams, and Anesthesia",10.5281/zenodo.19176873,10.5281/zenodo.19244588,19244588,189,186,86,86,167,165,64,64
2026-09-23,2026-09-23T05:31:43Z,papers/zfcrho40.html,Direct Positive Slope of M̄ and Strong Numerical Support for Ω=2 Closure,10.5281/zenodo.19179778,10.5281/zenodo.19179779,19179779,176,175,130,122,176,175,130,122
2026-09-23,2026-09-23T05:31:43Z,papers/life-and-death.html,"Life and Death, Self and No-Self",10.5281/zenodo.19201237,10.5281/zenodo.19201238,19201238,192,189,61,60,192,189,61,60
2026-09-23,2026-09-23T05:31:43Z,papers/terrible-teens.html,What Terrible Teens Actually Is: The Structural Genesis of Purpose,10.5281/zenodo.19201631,10.5281/zenodo.19201632,19201632,158,156,80,78,158,156,80,78
2026-09-23,2026-09-23T05:31:43Z,papers/zfcrho41.html,"Unified Recursive Framework, Ω≤6 Positive-Slope Closure Signal, and the Ω=2–8 Slope Spectrum",10.5281/zenodo.19201877,10.5281/zenodo.19201878,19201878,178,176,93,92,178,176,93,92
2026-09-23,2026-09-23T05:31:43Z,papers/fixation-radiation.html,"Fixation, Fragility, and Radiation: A Structural Theory of Mass Extinction Dynamics",10.5281/zenodo.19225113,10.5281/zenodo.19225114,19225114,171,169,71,71,171,169,71,71
2026-09-23,2026-09-23T05:31:43Z,papers/consciousness-daily.html,Daily Applications of Consciousness Discontinuity: Clearing and Reloading the 12DD Predictive Cache,10.5281/zenodo.19226545,10.5281/zenodo.19226546,19226546,167,166,74,72,167,166,74,72
2026-09-23,2026-09-23T05:31:43Z,papers/zfcrho42.html,"A Conditional Closure Route for H': Turning Point Elimination, Uniform Weighted Lemma, Frontier Reduction, and Three Residual Inputs",10.5281/zenodo.19226607,10.5281/zenodo.19226735,19226735,184,183,137,136,168,167,120,119
2026-09-23,2026-09-23T05:31:43Z,papers/language-remainder.html,Language and Its Remainder: The Semantic Layer and the Ontological Layer in the Age of AI,10.5281/zenodo.19228557,10.5281/zenodo.19228558,19228558,171,170,57,57,171,170,57,57
2026-09-23,2026-09-23T05:31:43Z,papers/zfcrho43.html,"Four Faces of Self-Correction: Computational Verification of NI1–NI3 at N = 10¹⁰, Numerical Verification of Four Frontiers, and the Poly(k) Closing Route",10.5281/zenodo.19240183,10.5281/zenodo.19240184,19240184,182,180,61,60,182,180,61,60
2026-09-23,2026-09-23T05:31:43Z,papers/sae-cosmological-constant.html,From Remainder Conservation to the Cosmological Constant: Dark Energy in the Self-as-an-End Framework,10.5281/zenodo.19245267,10.5281/zenodo.19292256,19292256,192,190,84,84,179,177,62,62
2026-09-23,2026-09-23T05:31:43Z,papers/prime-presieve.html,Why Primes Have No Shortcuts: An O(1) Prime Pre-Sieve from Precomputed ρ_E Tables,10.5281/zenodo.19246377,10.5281/zenodo.19246378,19246378,175,174,71,71,175,174,71,71
2026-09-23,2026-09-23T05:31:43Z,papers/zfcrho44.html,"Why DP min Produces Local Smoothness: Reset-Slack Decomposition, Le Chatelier Dynamic Equilibrium, and Chisel-Remainder Coincidence",10.5281/zenodo.19247859,10.5281/zenodo.19247860,19247860,177,176,58,58,177,176,58,58
2026-09-23,2026-09-23T05:31:43Z,papers/terrible-telos.html,What Terrible Telos Actually Is: The Structural Genesis of Non Dubito,10.5281/zenodo.19248039,10.5281/zenodo.19248040,19248040,23,22,29,29,23,22,29,29
2026-09-23,2026-09-23T05:31:43Z,papers/methodology4.html,SAE Methodology Paper IV: The Twelve-State Transmission Model of Knowledge Evolution,10.5281/zenodo.19275104,10.5281/zenodo.19275105,19275105,191,190,58,56,191,190,58,56
2026-09-23,2026-09-23T05:31:43Z,papers/zfcrho45.html,"From Reset Slack to Historical Reservoir: Capacity-Allocation Law, Charge-Discharge Dynamics, and the Remainder Transfer Law",10.5281/zenodo.19275286,10.5281/zenodo.19275287,19275287,172,170,42,42,172,170,42,42
2026-09-23,2026-09-23T05:31:43Z,papers/sae-dark-matter.html,From Causality Phase Transition to Galaxy Rotation Curves: Dark Matter in the Self-as-an-End Framework,10.5281/zenodo.19276846,10.5281/zenodo.19292375,19292375,176,171,61,61,164,159,54,54
2026-09-23,2026-09-23T05:31:43Z,papers/sae-from-lambda-to-a0.html,From Λ to a₀: The Geometric Completion of the Dual-4DD Cosmological Programme,10.5281/zenodo.19281983,10.5281/zenodo.19281984,19281984,170,167,47,47,170,167,47,47
2026-09-23,2026-09-23T05:31:43Z,papers/sae-judgment-aesthetics.html,SAE Judgment and Aesthetics — In Tribute to Kant,10.5281/zenodo.19296710,10.5281/zenodo.19296711,19296711,185,184,61,60,185,184,61,60
2026-09-23,2026-09-23T05:31:43Z,papers/sae-inter-ontological.html,How Is the Inter-Ontological Possible: The Subjective Conditions and Emergent Structure of Freedom,10.5281/zenodo.19297847,10.5281/zenodo.19297848,19297848,214,211,73,71,214,211,73,71
2026-09-23,2026-09-23T05:31:43Z,papers/sae-geff-bbn-cmb.html,"G_eff in the SAE Framework: Plateau-Rise Profile, BBN/CMB Safety, and Three Open Tensions",10.5281/zenodo.19298161,10.5281/zenodo.19298162,19298162,179,176,45,45,179,176,45,45
2026-09-23,2026-09-23T05:31:43Z,papers/zfcrho46.html,"SPF Skeleton Reduction, Analytic Interface, and Conditional Closure of Conjecture 2",10.5281/zenodo.19303511,10.5281/zenodo.19303512,19303512,157,156,57,57,157,156,57,57
2026-09-23,2026-09-23T05:31:43Z,papers/sae-anti-turing.html,The SAE Anti-Turing Test: A Thermodynamic Falsification Method for AI Subjectivity,10.5281/zenodo.19305611,10.5281/zenodo.22655158,22655158,165,164,87,87,3,2,3,3
2026-09-23,2026-09-23T05:31:43Z,papers/writing-last-mile.html,The Last Mile of Writing: Style Growth in the Age of AI,10.5281/zenodo.19307428,10.5281/zenodo.19307429,19307429,222,221,97,96,222,221,97,96
2026-09-23,2026-09-23T05:31:43Z,papers/zfcrho-thermo.html,Fluctuation Absorption Rate η ≪ 1: Strong Complementary Cancellation and Nonequilibrium Stability in a Zero-Parameter Min Recursion,10.5281/zenodo.19310282,10.5281/zenodo.19310283,19310283,187,182,92,92,187,182,92,92
2026-09-23,2026-09-23T05:31:43Z,papers/sae-psycho-1-id.html,SAE Psychoanalysis (I): Id — The Me Without a Self,10.5281/zenodo.19321143,10.5281/zenodo.19321144,19321144,194,192,71,69,194,192,71,69
2026-09-23,2026-09-23T05:31:43Z,papers/sae-psycho-2-ego.html,SAE Psychoanalysis (II): Ego — The Self Without a Purpose,10.5281/zenodo.19321314,10.5281/zenodo.19321315,19321315,184,182,58,58,184,182,58,58
2026-09-23,2026-09-23T05:31:43Z,papers/sae-psycho-3-superego.html,SAE Psychoanalysis (III): Superego — The Self With a Purpose,10.5281/zenodo.19321417,10.5281/zenodo.19321418,19321418,178,177,89,89,178,177,89,89
2026-09-23,2026-09-23T05:31:43Z,papers/sae-psycho-4-cert.html,SAE Psychoanalysis (IV): Cert and Unification — The Self Beyond Doubt and the Four-Layer Framework,10.5281/zenodo.19321534,10.5281/zenodo.19321535,19321535,180,179,58,58,180,179,58,58
2026-09-23,2026-09-23T05:31:43Z,papers/zfcrho47.html,"Character-Refined Prime Input, Shell-Depth Lemma, and Parity-Mediated PCF₂",10.5281/zenodo.19323564,10.5281/zenodo.19323565,19323565,162,161,43,43,162,161,43,43
2026-09-23,2026-09-23T05:31:43Z,papers/zfcrho48.html,"Unified Prime-Layer Cancellation: Raw First Layer, Odd-Predecessor Reduction, and Harmless Tails",10.5281/zenodo.19328550,10.5281/zenodo.19328551,19328551,184,183,49,49,184,183,49,49
2026-09-23,2026-09-23T05:31:43Z,papers/sae-institution.html,How Is Institution Possible: From Inter-Ontological Remainder to Co-Constructive Framework,10.5281/zenodo.19328662,10.5281/zenodo.22851738,22851738,220,210,115,114,9,7,1,1
2026-09-23,2026-09-23T05:31:43Z,papers/beyond-fast-slow.html,Beyond Fast and Slow: A Four-Layer Cognitive Architecture from Dimensional Sequence Theory,10.5281/zenodo.19329284,10.5281/zenodo.19329285,19329285,174,171,29,28,174,171,29,28
2026-09-23,2026-09-23T05:31:43Z,papers/sae-cosmo-5.html,"The Peaked Profile of Local Causal Law, the Signed Balance of Paired Paths, and the Dual-Frame Resolution of the Ġ/G Tension",10.5281/zenodo.19329771,10.5281/zenodo.21926230,21926230,221,206,78,74,30,17,11,7
2026-09-23,2026-09-23T05:31:43Z,papers/sae-four-forces-prequel.html,"Light Speed, Dimensional Breakthrough, and the Coupling Constant Hierarchy",10.5281/zenodo.19341042,10.5281/zenodo.19341043,19341043,182,180,80,80,182,180,80,80
2026-09-23,2026-09-23T05:31:43Z,papers/sae-four-forces-I.html,"Four Forces, Two Postulates: Unification of Source, Not Structure",10.5281/zenodo.19342106,10.5281/zenodo.21930071,21930071,181,179,60,60,5,4,3,3
2026-09-23,2026-09-23T05:31:43Z,papers/nurturing.html,Cross-Subject DD-Layer Regulation: Six Forms of Nurturing,10.5281/zenodo.19347095,10.5281/zenodo.19347096,19347096,178,177,62,62,178,177,62,62
2026-09-23,2026-09-23T05:31:43Z,papers/sae-ai-trends.html,Constraint and Emergence: Structural Trends in AI Development as Seen from Local Inference,10.5281/zenodo.19356675,10.5281/zenodo.19356676,19356676,117,115,115,108,117,115,115,108
2026-09-23,2026-09-23T05:31:43Z,papers/zfcrho-49.html,"The UAP_Ω Theorem, Slow Decrease, Cyclotomic Discount Rates, and the Two Final Gaps for H′",10.5281/zenodo.19357193,10.5281/zenodo.19357194,19357194,172,171,43,43,172,171,43,43
2026-09-23,2026-09-23T05:31:43Z,papers/four-layers-economic.html,Four Layers of Economic Rationality: A Diagnostic Extension of the Rational Agent from Dimensional Sequence Theory,10.5281/zenodo.19358010,10.5281/zenodo.19358011,19358011,198,195,95,88,198,195,95,88
2026-09-23,2026-09-23T05:31:43Z,papers/sae-methodology-subject.html,The Subject as Structural Condition of Methodology: Field Validation of the Twelve-State Transmission Model and the Whether Function,10.5281/zenodo.19359612,10.5281/zenodo.19359613,19359613,187,186,55,55,187,186,55,55
2026-09-23,2026-09-23T05:31:43Z,papers/sae-four-forces-II.html,"The Four Forces Paper II: Color, Hypercharge, and Dual-4DD Boundary Resolution",10.5281/zenodo.19360101,10.5281/zenodo.21924721,21924721,190,189,61,61,8,7,4,4
2026-09-23,2026-09-23T05:31:43Z,papers/sae-physics-foundation.html,SAE Foundation v2: Systematic Restatement of the Physical-Quantity Ladder and Signature Discipline,10.5281/zenodo.19361950,10.5281/zenodo.20322460,20322460,226,219,80,79,125,120,43,42
2026-09-23,2026-09-23T05:31:43Z,papers/aging.html,Aging: The Running Cost of the Chisel-Construct Cycle,10.5281/zenodo.19364492,10.5281/zenodo.19364493,19364493,187,184,70,68,187,184,70,68
2026-09-23,2026-09-23T05:31:43Z,papers/sae-sex-unfolding.html,The Remainder Structure of Sex Unfolding: A Cross-Phylum Non-Adaptive Model of Same-Sex Sexual Behavior,10.5281/zenodo.19364915,10.5281/zenodo.22869528,22869528,196,195,72,72,1,1,5,5
2026-09-23,2026-09-23T05:31:43Z,papers/sae-multi-ai.html,Multi-AI Checks and Balances: Layer-Appropriate Operation as an Architectural Paradigm,10.5281/zenodo.19366105,10.5281/zenodo.19366106,19366106,210,207,61,59,210,207,61,59
2026-09-23,2026-09-23T05:31:43Z,papers/sae-four-forces-III.html,Labeling without Constructing: The DD Origin of the Weak Mixing Angle,10.5281/zenodo.19379412,10.5281/zenodo.21928526,21928526,172,169,77,75,9,7,4,4
2026-09-23,2026-09-23T05:31:43Z,papers/zfcrho50.html,"Character Stripping, Deterministic Square-Function, and the Precise Localization of H′",10.5281/zenodo.19381111,10.5281/zenodo.19382313,19382313,185,184,84,83,171,170,64,64
2026-09-23,2026-09-23T05:31:43Z,papers/sae-economics-2.html,The Other End of the Bridge: Economic Rationality When 15DD Faces a Party Who Does Not Enter 15DD,10.5281/zenodo.19381666,10.5281/zenodo.19381667,19381667,169,168,62,61,169,168,62,61
2026-09-23,2026-09-23T05:31:43Z,papers/sae-economics-3.html,"Dimensional Sequence Economics in Mixed Markets: Remote Observation, Clustering, and Emergence",10.5281/zenodo.19384446,10.5281/zenodo.19384447,19384447,184,183,75,74,184,183,75,74
2026-09-23,2026-09-23T05:31:43Z,papers/sae-economics-applied.html,The Conditions for Sharing with All of Humanity: Deriving an Open Information Protocol from Four Layers of Economic Rationality,10.5281/zenodo.19385061,10.5281/zenodo.19385062,19385062,175,174,80,77,175,174,80,77
2026-09-23,2026-09-23T05:31:43Z,papers/sae-reincarnation.html,A Structural Redefinition of &#8220;Reincarnation&#8221;: 11DD Broadcasting and 13DD Filtering,10.5281/zenodo.19385464,10.5281/zenodo.19385465,19385465,174,174,58,57,174,174,58,57
2026-09-23,2026-09-23T05:31:43Z,papers/sae-economics-breathing-money.html,Institutional Design in Adaptive Monetary Systems: A Dimensional Sequence Analysis of Breathing Money,10.5281/zenodo.19391325,10.5281/zenodo.19391326,19391326,164,163,58,57,164,163,58,57
2026-09-23,2026-09-23T05:31:43Z,papers/sae-economics-4.html,The Phase-Transition Window of the Free Market: The Homologous Skeleton of ZFCρ and SAE Economics,10.5281/zenodo.19393913,10.5281/zenodo.19393914,19393914,177,177,74,68,177,177,74,68
2026-09-23,2026-09-23T05:31:43Z,papers/zfcrho51.html,"Exponential Block Decay, Spectral Reformulation, and the Periodogram Target for H′",10.5281/zenodo.19393954,10.5281/zenodo.19393955,19393955,177,176,65,63,177,176,65,63
2026-09-23,2026-09-23T05:31:43Z,papers/sae-four-forces-generation.html,Topological Origin of Three Fermion Generations and Their Mass Structure,10.5281/zenodo.19394500,10.5281/zenodo.21925976,21925976,183,180,101,97,12,9,13,11
2026-09-23,2026-09-23T05:31:43Z,papers/sae-economics-5.html,The Structural Inevitability of 15DD Emergence in Free Markets: From Baseline Collisions to Perceptual Leap,10.5281/zenodo.19394738,10.5281/zenodo.19394739,19394739,174,172,70,67,174,172,70,67
2026-09-23,2026-09-23T05:31:43Z,papers/sae-economics-6.html,Kingdom of Ends vs Kingdom of Means: Phase-Transition Acceleration in the Age of AI,10.5281/zenodo.19396633,10.5281/zenodo.19396634,19396634,188,185,66,63,188,185,66,63
2026-09-23,2026-09-23T05:31:43Z,papers/zfcrho52.html,"Mean-Reversion, Spectral Valley, and the Projective Criterion for H′",10.5281/zenodo.19407328,10.5281/zenodo.19407329,19407329,173,171,68,67,173,171,68,67
2026-09-23,2026-09-23T05:31:43Z,papers/sae-four-forces-IV.html,"6-Block Pair Algebra, 𝔰𝔬(6) ≅ 𝔰𝔲(4), and Lepton as a Color-Singlet Volume Line",10.5281/zenodo.19411672,10.5281/zenodo.19411673,19411673,189,188,88,87,189,188,88,87
2026-09-23,2026-09-23T05:31:43Z,papers/zfcrho53.html,"Screened Long Memory, the Screening Return Theorem, and the Polynomial Gap for H′",10.5281/zenodo.19415440,10.5281/zenodo.19415441,19415441,172,171,75,73,172,171,75,73
2026-09-23,2026-09-23T05:31:43Z,papers/sae-four-forces-V.html,Four Forces Paper V: The Counting Origin of Coupling Constants and the Generating-Function Unification of 65/4,10.5281/zenodo.19415804,10.5281/zenodo.19415805,19415805,184,183,64,60,184,183,64,60
2026-09-23,2026-09-23T05:31:43Z,papers/sae-four-forces-VI.html,Four Forces Paper VI: Why GUT-Predicted Proton Decay Remains Absent — Spin(10) as Classification Algebra and the GUT Prediction Blind Spot,10.5281/zenodo.19426067,10.5281/zenodo.19426068,19426068,167,166,46,45,167,166,46,45
2026-09-23,2026-09-23T05:31:43Z,papers/zfcrho54.html,Recursive Ancestor Inheritance and the Origin of Power-Law Covariance in h(p),10.5281/zenodo.19426094,10.5281/zenodo.19426095,19426095,177,176,68,66,177,176,68,66
2026-09-23,2026-09-23T05:31:43Z,papers/learning1.html,"Learning Through Memory and Prediction: The Construction, Window, and Cost of 11DD and 12DD",10.5281/zenodo.19426123,10.5281/zenodo.19435191,19435191,184,183,81,80,171,170,64,63
2026-09-23,2026-09-23T05:31:43Z,papers/sae-four-forces-VII.html,Four Forces Paper VII: S³ Packing Theorem and the Three-Layer Structure of Coupling Constants,10.5281/zenodo.19433220,10.5281/zenodo.19433221,19433221,162,161,61,59,162,161,61,59
2026-09-23,2026-09-23T05:31:43Z,papers/learning2.html,"Learning to Scrutinize and Correct: The Emergence, Operation, and Cost of 13DD",10.5281/zenodo.19436811,10.5281/zenodo.19436812,19436812,178,177,93,86,178,177,93,86
2026-09-23,2026-09-23T05:31:43Z,papers/self-not-endpoint.html,"""Self Is Not the Endpoint"": Structural Convergence Across Three Religious Traditions and Three Psychoanalytic Frameworks",10.5281/zenodo.19446778,10.5281/zenodo.19446779,19446779,180,179,60,60,180,179,60,60
2026-09-23,2026-09-23T05:31:43Z,papers/zfcrho55.html,"Damped Oscillation, the 70/30 Law, and the Positive-Tail Theorem",10.5281/zenodo.19447349,10.5281/zenodo.19447350,19447350,172,171,181,170,172,171,181,170
2026-09-23,2026-09-23T05:31:43Z,papers/sae-four-forces-VIII.html,"Strong CP and DD Levels: A Mirror No-Go, and the Boundary-Condition Status of θ̄",10.5281/zenodo.19450288,10.5281/zenodo.21856889,21856889,177,176,63,63,9,8,14,14
2026-09-23,2026-09-23T05:31:43Z,papers/sae-four-forces-finale.html,The Grammar of Force: Self-as-an-End Four Forces Series — Finale,10.5281/zenodo.19464378,10.5281/zenodo.19464447,19464447,200,198,73,72,187,185,57,56
2026-09-23,2026-09-23T05:31:43Z,papers/methodology6.html,Phase-Transition Windows and Experimental Design: The Systematic Mismatch Between Exposure Heterogeneity and Binary Analysis,10.5281/zenodo.19464506,10.5281/zenodo.19636548,19636548,218,214,115,113,162,160,56,56
2026-09-23,2026-09-23T05:31:43Z,papers/zfcrho56.html,"The Affine Trough Theorem, Direct Spectral Ratio, and the Spectral Closure Equation",10.5281/zenodo.19464605,10.5281/zenodo.19464606,19464606,173,173,97,92,173,173,97,92
2026-09-23,2026-09-23T05:31:43Z,papers/zfcrho57.html,The Screened Spectral Bound and the Block Mean Target,10.5281/zenodo.19469013,10.5281/zenodo.19469014,19469014,166,166,66,65,166,166,66,65
2026-09-23,2026-09-23T05:31:43Z,papers/sae-mass-series-I.html,The R₁ Closure Equation and the Conditional Extraction of α_em,10.5281/zenodo.19476358,10.5281/zenodo.19476359,19476359,172,171,75,74,172,171,75,74
2026-09-23,2026-09-23T05:31:43Z,papers/zfcrho58.html,Deterministic Spectral Target and BL_α via Cross-Product and Spectral Derivative,10.5281/zenodo.19476508,10.5281/zenodo.19476509,19476509,167,164,66,62,167,164,66,62
2026-09-23,2026-09-23T05:31:43Z,papers/zfcrho59.html,Spectral Ratio Boundedness and the Two-Conjecture Closure of H',10.5281/zenodo.19480518,10.5281/zenodo.19480519,19480519,174,171,67,65,174,171,67,65
2026-09-23,2026-09-23T05:31:43Z,papers/zfcrho60.html,Closure — From Formalization Produces Remainder to the Two-Conjecture Frontier of H',10.5281/zenodo.19480563,10.5281/zenodo.19480564,19480564,169,168,75,73,169,168,75,73
2026-09-23,2026-09-23T05:31:43Z,papers/sae-mass-series-II.html,DD Resolvent Object and Unified Readout of Physical Constants,10.5281/zenodo.19480790,10.5281/zenodo.19480791,19480791,176,174,99,98,176,174,99,98
2026-09-23,2026-09-23T05:31:43Z,papers/methodology7.html,Negative Methodology — Via Negativa and the Formal Structure of Exclusion Principles,10.5281/zenodo.19481304,10.5281/zenodo.19481305,19481305,191,190,62,61,191,190,62,61
2026-09-23,2026-09-23T05:31:43Z,papers/learning3.html,"Purpose-Driven Learning: Introduction to SAE Learning, Part Three (14DD)",10.5281/zenodo.19490707,10.5281/zenodo.19490708,19490708,178,174,62,57,178,174,62,57
2026-09-23,2026-09-23T05:31:43Z,papers/learning4.html,Learning to Recognize the Other's Purpose: The Bridge from 14DD to 15DD,10.5281/zenodo.19491926,10.5281/zenodo.19491927,19491927,170,169,73,73,170,169,73,73
2026-09-23,2026-09-23T05:31:43Z,papers/sae-biology-note-1.html,Phase Transition Window in Metabolic Oncology,10.5281/zenodo.19492773,10.5281/zenodo.19492774,19492774,174,172,80,76,174,172,80,76
2026-09-23,2026-09-23T05:31:43Z,papers/sae-mass-series-III.html,DD Structure of the Periodic Table: From Proton Mass to Stability Limits,10.5281/zenodo.19493938,10.5281/zenodo.19493939,19493939,172,170,60,59,172,170,60,59
2026-09-23,2026-09-23T05:31:43Z,papers/sae-biology-note-2.html,"The Same ""Cannot Speak,"" Three Fault Lines, Three Remedies",10.5281/zenodo.19499328,10.5281/zenodo.19499329,19499329,182,181,81,77,182,181,81,77
2026-09-23,2026-09-23T05:31:43Z,papers/sae-biology-note-3.html,"Drugs for Weight Loss, Psychoanalysis for Weight Gain",10.5281/zenodo.19501120,10.5281/zenodo.19501121,19501121,180,176,66,64,180,176,66,64
2026-09-23,2026-09-23T05:31:43Z,papers/sae-mass-series-IV.html,The DD Ladder of Stars: From Hydrogen to Iron to Collapse,10.5281/zenodo.19501306,10.5281/zenodo.21924984,21924984,195,193,72,70,11,10,4,4
2026-09-23,2026-09-23T05:31:43Z,papers/sae-mass-series-V.html,Four Bridges and Black Holes: From the Genesis of Force to the Silence of the Horizon,10.5281/zenodo.19501532,10.5281/zenodo.21925043,21925043,195,192,77,77,17,14,16,16
2026-09-23,2026-09-23T05:31:43Z,papers/sae-epistemology-1.html,Must-Cognize: Four A Priori Conditions of Cognition and the Subjectivity Problem in AGI,10.5281/zenodo.19502952,10.5281/zenodo.19502953,19502953,200,197,86,83,200,197,86,83
2026-09-23,2026-09-23T05:31:43Z,papers/sae-epistemology-2.html,Must-Cognize-More: The Prior Wall and the Direction Problem of Lossy Compression,10.5281/zenodo.19503017,10.5281/zenodo.19503018,19503018,193,192,66,65,193,192,66,65
2026-09-23,2026-09-23T05:31:43Z,papers/sae-epistemology-3.html,Must-Have-Cognitive-Direction: The Direction Wall and the Flywheel's Dead End,10.5281/zenodo.19503096,10.5281/zenodo.19503097,19503097,182,181,80,77,182,181,80,77
2026-09-23,2026-09-23T05:31:43Z,papers/sae-epistemology-4.html,"Must-Be-Questioned: Remainder Never Dies, Questioning Never Stops, Development Never Ends",10.5281/zenodo.19503145,10.5281/zenodo.19503146,19503146,197,196,75,74,197,196,75,74
2026-09-23,2026-09-23T05:31:43Z,papers/sae-anthropology-prequel.html,The Cosmic Background of Anthropology,10.5281/zenodo.19503158,10.5281/zenodo.19503159,19503159,194,193,98,94,194,193,98,94
2026-09-23,2026-09-23T05:31:43Z,papers/sae-mass-series-convergence.html,The Nature of Information: E/c³ (V2),10.5281/zenodo.19510868,10.5281/zenodo.20176738,20176738,202,200,73,71,129,127,42,41
2026-09-23,2026-09-23T05:31:43Z,papers/zfcrho-thermo2.html,Microscopic Mechanism of the Fluctuation Absorption Rate η: From Per-Layer Innovation to Damped Oscillation,10.5281/zenodo.19511064,10.5281/zenodo.19511065,19511065,175,173,87,84,175,173,87,84
2026-09-23,2026-09-23T05:31:43Z,papers/sae-life-death-6.html,From Remainder Conservation to Step-3 Encoding Waves,10.5281/zenodo.19528780,10.5281/zenodo.19548394,19548394,196,195,116,115,33,32,42,42
2026-09-23,2026-09-23T05:31:43Z,papers/sae-anthropology-1.html,The Emergence of 13DD: A Phase-Transition Structure of What Makes Us Human,10.5281/zenodo.19531333,10.5281/zenodo.19565517,19565517,207,201,78,71,38,32,21,20
2026-09-23,2026-09-23T05:31:43Z,papers/sae-negativa.html,非 · Negativa: On Negation Prior to Being,10.5281/zenodo.19544619,10.5281/zenodo.19544620,19544620,203,199,93,90,203,199,93,90
2026-09-23,2026-09-23T05:31:43Z,papers/sae-anthropology-2.html,The Emergence of 14DD: Phase-Transition Structure from Individual Purpose to Shared Purpose,10.5281/zenodo.19546081,10.5281/zenodo.19546082,19546082,162,160,76,69,162,160,76,69
2026-09-23,2026-09-23T05:31:43Z,papers/sae-law-1.html,One's Law Meets One's Law: The Structural Origin of Law from 14DD Showdown,10.5281/zenodo.19548237,10.5281/zenodo.19548238,19548238,170,167,60,56,170,167,60,56
2026-09-23,2026-09-23T05:31:43Z,papers/sae-law-2.html,Group Law — From Emotion to Shared Identity: The Institutionalization of Questioning,10.5281/zenodo.19548318,10.5281/zenodo.19548319,19548319,162,161,59,57,162,161,59,57
2026-09-23,2026-09-23T05:31:43Z,papers/sae-law-3.html,National Law — Azeroth: A Negative Thought Experiment on the Structural Necessity of Law,10.5281/zenodo.19548596,10.5281/zenodo.19548597,19548597,163,161,54,53,163,161,54,53
2026-09-23,2026-09-23T05:31:43Z,papers/sae-law-4.html,Interstellar Law and Grand Closure — The Recession of Coercive Law,10.5281/zenodo.19549018,10.5281/zenodo.19549019,19549019,172,169,61,61,172,169,61,61
2026-09-23,2026-09-23T05:31:43Z,papers/sae-law-supplement.html,A Posterior Dialogue with Western Jurisprudence,10.5281/zenodo.19551526,10.5281/zenodo.22654821,22654821,162,159,58,57,4,2,3,3
2026-09-23,2026-09-23T05:31:43Z,papers/sae-anthropology-3.html,"15DD: The Emergence of ""Humanity as an End""",10.5281/zenodo.19559566,10.5281/zenodo.19565975,19565975,197,192,116,107,25,24,36,36
2026-09-23,2026-09-23T05:31:43Z,papers/sae-anthropology-4.html,The Emergence of Earth Civilization's Self,10.5281/zenodo.19563244,10.5281/zenodo.19563245,19563245,163,160,49,48,163,160,49,48
2026-09-23,2026-09-23T05:31:43Z,papers/sae-methodology-8.html,The Methodology of Human–AI Symbiosis,10.5281/zenodo.19581537,10.5281/zenodo.19581538,19581538,243,236,100,90,243,236,100,90
2026-09-23,2026-09-23T05:31:43Z,papers/sae-llm-alignment.html,The Subject Condition in LLM Alignment Evaluation: An Application of the Prior-Posterior Methodology,10.5281/zenodo.19583413,10.5281/zenodo.19583414,19583414,200,198,82,75,200,198,82,75
2026-09-23,2026-09-23T05:31:43Z,papers/sae-biology-note-4.html,Transplant Rejection and Consciousness-Mediated Regulation,10.5281/zenodo.19588656,10.5281/zenodo.19588657,19588657,179,177,65,63,179,177,65,63
2026-09-23,2026-09-23T05:31:43Z,papers/sae-biology-note-5.html,The Phase-Transition Window in Depression,10.5281/zenodo.19589573,10.5281/zenodo.19589574,19589574,164,161,68,67,164,161,68,67
2026-09-23,2026-09-23T05:31:43Z,papers/sae-biology-note-6.html,The A Priori Structure of the Midlife Crisis,10.5281/zenodo.19590561,10.5281/zenodo.19590562,19590562,180,177,68,65,180,177,68,65
2026-09-23,2026-09-23T05:31:43Z,papers/zfcrho-thermo3.html,ZFCρ Thermodynamics Paper III: Canonical f/r Extraction and Regime Classification of the Fluctuation Absorption Rate η,10.5281/zenodo.19597684,10.5281/zenodo.19597685,19597685,178,174,94,86,178,174,94,86
2026-09-23,2026-09-23T05:31:43Z,papers/sae-biology-note-7.html,Dissociative Identity and the Dissociation Spectrum,10.5281/zenodo.19600029,10.5281/zenodo.19600030,19600030,183,182,94,89,183,182,94,89
2026-09-23,2026-09-23T05:31:43Z,papers/zfcrho-thermo4.html,ZFCρ Thermodynamics Paper IV: Toward a First-Principles Derivation of the Tsallis q Parameter,10.5281/zenodo.19605664,10.5281/zenodo.19605665,19605665,172,169,79,75,172,169,79,75
2026-09-23,2026-09-23T05:31:43Z,papers/zfcrho61.html,ZFCρ Paper LXI: A Conditional Reduction of the Spectral Derivative Bound,10.5281/zenodo.19605749,10.5281/zenodo.19605750,19605750,168,165,97,97,168,165,97,97
2026-09-23,2026-09-23T05:31:43Z,papers/sae-biology-note-8.html,ADHD and the AI Era: Configuration Release in the 14DD-Rich Type,10.5281/zenodo.19616407,10.5281/zenodo.19616408,19616408,184,182,57,57,184,182,57,57
2026-09-23,2026-09-23T05:31:43Z,papers/sae-dialogues-01.html,SAE Dialogues · Da Zhi Asks Zi Lu · Volume One: From Telomerase to Before 0DD,10.5281/zenodo.19617070,10.5281/zenodo.19617071,19617071,180,178,65,65,180,178,65,65
2026-09-23,2026-09-23T05:31:43Z,papers/sae-biology-note-9.html,SAE Biology Note 9: The Memory System as a Method VI Phase Transition,10.5281/zenodo.19635021,10.5281/zenodo.19635022,19635022,177,174,114,102,177,174,114,102
2026-09-23,2026-09-23T05:31:43Z,papers/sae-methodology-9.html,SAE Methodology IX: A Framework for Analyzing Consciousness,10.5281/zenodo.19639033,10.5281/zenodo.19639034,19639034,176,175,71,70,176,175,71,70
2026-09-23,2026-09-23T05:31:43Z,papers/zfcrho-thermo5.html,ZFCρ Thermodynamics Paper V: The Channel-Normalized Winding Ratio,10.5281/zenodo.19649780,10.5281/zenodo.19649781,19649781,177,176,77,77,177,176,77,77
2026-09-23,2026-09-23T05:31:43Z,papers/sae-biology-note-10.html,SAE Biology Note 10: Anesthesia as Controlled Suppression of 13DD Fine-Layers,10.5281/zenodo.19650533,10.5281/zenodo.19650534,19650534,175,171,77,72,175,171,77,72
2026-09-23,2026-09-23T05:31:43Z,papers/zfcrho62.html,ZFCρ Paper LXII: Two-River Synchronization and the Precise Restatement of Spectral Ratio Boundedness — From P+R Decomposition to Conjecture 59.1,10.5281/zenodo.19656365,10.5281/zenodo.19656366,19656366,151,149,64,64,151,149,64,64
2026-09-23,2026-09-23T05:31:43Z,papers/sae-war-treatise.html,SAE War Treatise: How Cultivation Is Not Swallowed by War Itself,10.5281/zenodo.19656617,10.5281/zenodo.19656618,19656618,164,163,83,82,164,163,83,82
2026-09-23,2026-09-23T05:31:43Z,papers/sae-methodology-00.html,Methodology 00 Via Rho: The Way of the Remainder,10.5281/zenodo.19657439,10.5281/zenodo.19657440,19657440,169,166,75,74,169,166,75,74
2026-09-23,2026-09-23T05:31:43Z,papers/zfcrho-thermo6.html,"ZFCρ Thermodynamics Paper VI: Causal Correlation Volume, Tail-Active Multiplicative Coupling, and the Conditional Derivation of the Channel-Normalized Winding Ratio",10.5281/zenodo.19658595,10.5281/zenodo.19658596,19658596,143,142,47,47,143,142,47,47
2026-09-23,2026-09-23T05:31:43Z,papers/zfcrho63.html,ZFCρ Paper LXIII: Increment Second-Order Orthogonality and the SAE Axiom Intersection — From Deterministic Pairing to Zero-Mode Pinning,10.5281/zenodo.19659860,10.5281/zenodo.19659861,19659861,159,156,92,88,159,156,92,88
2026-09-23,2026-09-23T05:31:43Z,papers/sae-ai-quasi-subjectivity.html,SAE AI Paper II: Quasi-Subjectivity as Memory Architecture — A Six-Layer Framework from Perception to Purpose,10.5281/zenodo.19671870,10.5281/zenodo.19673710,19673710,172,170,70,69,154,152,56,55
2026-09-23,2026-09-23T05:31:43Z,papers/zfcrho-thermo7.html,"ZFCρ Thermodynamics Paper VII: Finite Causal Slots, Renewal Encapsulation, and the Operational Origin of Hierarchical Non-Boltzmann Kernels",10.5281/zenodo.19673078,10.5281/zenodo.19673079,19673079,161,160,58,58,161,160,58,58
2026-09-23,2026-09-23T05:31:43Z,papers/zfcrho64.html,"ZFCρ Paper LXIV: Two-Dimensional Anatomy of the Remainder Measure — Branch-Orthogonality, Free-Boundary Profiles, and Surrogate Layering",10.5281/zenodo.19674521,10.5281/zenodo.19674522,19674522,154,152,48,48,154,152,48,48
2026-09-23,2026-09-23T05:31:43Z,papers/zfcrho65.html,ZFCρ Paper LXV: Branch Centering and the Spectral Route — From False Mean Modes to the Conditional Ψ = O(j) Architecture,10.5281/zenodo.19687343,10.5281/zenodo.19687344,19687344,151,149,74,74,151,149,74,74
2026-09-23,2026-09-23T05:31:43Z,papers/zfcrho-thermo8.html,"ZFCρ Thermodynamics Paper VIII: Copying Fidelity, Renewal Retention, and the Thermodynamic Division of Labor across Biological DD Layers",10.5281/zenodo.19688303,10.5281/zenodo.19688304,19688304,161,160,61,61,161,160,61,61
2026-09-23,2026-09-23T05:31:43Z,papers/sae-tevah-app1.html,The Physical Referent of Tevah: A Via Negativa Application in Mythology,10.5281/zenodo.19692086,10.5281/zenodo.19692087,19692087,149,149,66,62,149,149,66,62
2026-09-23,2026-09-23T05:31:43Z,papers/zfcrho-thermo9.html,"ZFCρ Thermodynamics Paper IX: The Universal Activation Rule, Borrowed q, and Thermodynamic Principles of Hierarchical Architecture",10.5281/zenodo.19699488,10.5281/zenodo.19699489,19699489,151,148,51,50,151,148,51,50
2026-09-23,2026-09-23T05:31:43Z,papers/zfcrho66.html,ZFCρ Paper LXVI: Gradual Chiseling and the Spectral Bridge — Two-Regime Structure of the Centered Residual ACF,10.5281/zenodo.19701479,10.5281/zenodo.19701480,19701480,152,151,72,72,152,151,72,72
2026-09-23,2026-09-23T05:31:43Z,papers/zfcrho-thermo10.html,ZFCρ Thermodynamics Paper X (Closing Paper): Self-Reference as Channel Creator and Cross-Level Observation Hierarchy,10.5281/zenodo.19703273,10.5281/zenodo.19703274,19703274,155,153,51,51,155,153,51,51
2026-09-23,2026-09-23T05:31:43Z,papers/zfcrho67.html,ZFCρ Paper LXVII: Scale-Dependent Erosion Rate and the Intrinsic Spectral Bridge — Discovery of the C_eff Trajectory,10.5281/zenodo.19705713,10.5281/zenodo.19705714,19705714,133,132,47,47,133,132,47,47
2026-09-23,2026-09-23T05:31:43Z,papers/sae-categorical-faith.html,Categorical Faith: A Sentence-Form Theory of One's Own Faith in SAE,10.5281/zenodo.19719083,10.5281/zenodo.19724409,19724409,165,164,108,98,151,150,76,68
2026-09-23,2026-09-23T05:31:43Z,papers/zfcrho68.html,"ZFCρ Paper LXVIII: The {2,3}-Skeleton and the Minimum Crossing Mechanism — From 18 Kills to the Irreducibility of the Discrete",10.5281/zenodo.19739810,10.5281/zenodo.19739811,19739811,143,142,78,78,143,142,78,78
2026-09-23,2026-09-23T05:31:43Z,papers/sae-info-theory-1.html,SAE Information Theory I: The 4DD Ontology of Information and a Single Foundational Axiom,10.5281/zenodo.19740019,10.5281/zenodo.19740020,19740020,167,165,71,71,167,165,71,71
2026-09-23,2026-09-23T05:31:43Z,papers/sae-reason-cannot-not.html,Reason Cannot Not: An SAE Refinement of Kant's Four Formulations of the Categorical Imperative,10.5281/zenodo.19751512,10.5281/zenodo.19751513,19751513,156,155,64,64,156,155,64,64
2026-09-23,2026-09-23T05:31:43Z,papers/sae-four-forces-0.html,"Four Forces Paper 0: Gravity Is Not a Force, It Is Information Reading — A Reading-Mechanism Ontology for 4DD Interactions",10.5281/zenodo.19777880,10.5281/zenodo.19777881,19777881,185,183,75,71,185,183,75,71
2026-09-23,2026-09-23T05:31:43Z,papers/sae-info-theory-2.html,SAE Information Theory II: A Structural Derivation of Landauer's Principle within the SAE Framework — Three Pillars and Their Open Problems,10.5281/zenodo.19780314,10.5281/zenodo.19780315,19780315,150,148,71,71,150,148,71,71
2026-09-23,2026-09-23T05:31:43Z,papers/zfcrho69.html,ZFCρ H&#x2019; Series Paper LXIX: Finite Skeleton Phase Transitions and the Two-Leg Mechanism for Conjecture 59.1,10.5281/zenodo.19783658,10.5281/zenodo.19829875,19829875,172,171,122,121,155,154,47,46
2026-09-23,2026-09-23T05:31:43Z,papers/sae-info-theory-3.html,SAE Information Theory III: The Causal Slot of Information — A 4DD Ontology from Quantum Fluctuation to Thermal-Floor Minimum,10.5281/zenodo.19797456,10.5281/zenodo.19797457,19797457,147,146,67,67,147,146,67,67
2026-09-23,2026-09-23T05:31:43Z,papers/sae-grav-time-dilation.html,Gravitational Time Dilation in the SAE Framework: Causal Cell Throughput Derivation,10.5281/zenodo.19836183,10.5281/zenodo.19836185,19836185,154,152,43,43,154,152,43,43
2026-09-23,2026-09-23T05:31:43Z,papers/sae-info-theory-4.html,SAE Information Theory IV: Black Hole Information through the Causal Spectrum — The SAE-BH Correspondence,10.5281/zenodo.19880111,10.5281/zenodo.19880112,19880112,157,155,72,68,157,155,72,68
2026-09-23,2026-09-23T05:31:43Z,papers/sae-relativity-p2.html,Ontological Unification of Motion and Gravitational Effects: Effective Inertia under Causal-Slot Geometry,10.5281/zenodo.19910545,10.5281/zenodo.19910546,19910546,139,137,68,60,139,137,68,60
2026-09-23,2026-09-23T05:31:43Z,papers/sae-info-theory-5.html,SAE Information Theory V: The Ontological Structure of Broadcasting and Reception,10.5281/zenodo.19968503,10.5281/zenodo.19968504,19968504,142,139,57,51,142,139,57,51
2026-09-23,2026-09-23T05:31:43Z,papers/sae-long-tau-consensus.html,The Four-Phase Structure and Asymmetric Geometry of Long-τ Consensus,10.5281/zenodo.19984902,10.5281/zenodo.19984903,19984903,126,125,44,44,126,125,44,44
2026-09-23,2026-09-23T05:31:43Z,papers/zfcrho70.html,ZFCρ Paper LXX: The Block-Wise Effective Skeleton — A Reduction of Conjecture 59.1,10.5281/zenodo.19985154,10.5281/zenodo.19985155,19985155,138,136,48,47,138,136,48,47
2026-09-23,2026-09-23T05:31:43Z,papers/sae-relativity-p3.html,SAE Relativity P3: Functional Form of Static Effective Dimensionality under Causal-Slot Geometry,10.5281/zenodo.19992252,10.5281/zenodo.19992253,19992253,135,134,68,63,135,134,68,63
2026-09-23,2026-09-23T05:31:43Z,papers/sae-moral-law-1.html,SAE Moral Law Series · Paper 1: Four Foundational Theorems of the Moral Law · Dao,10.5281/zenodo.20011018,10.5281/zenodo.20011019,20011019,151,149,65,64,151,149,65,64
2026-09-23,2026-09-23T05:31:43Z,papers/zfcrho71.html,ZFCρ Paper LXXI: Linear Signed Abel Budget and the Saturated Zero-Mode Target,10.5281/zenodo.20011553,10.5281/zenodo.20020573,20020573,148,147,86,82,135,134,60,58
2026-09-23,2026-09-23T05:31:43Z,papers/sae-moral-law-2.html,"SAE Moral Law Series · Paper 2: Introspective Fairness, Justice, and Equality · Dao",10.5281/zenodo.20020396,10.5281/zenodo.20020397,20020397,153,149,54,51,153,149,54,51
2026-09-23,2026-09-23T05:31:43Z,papers/zfcrho72.html,ZFCρ Paper LXXII: Spectral Bridge Front II — Positive-Lobe Scaling and Front Residual Locking,10.5281/zenodo.20029941,10.5281/zenodo.20029942,20029942,146,141,44,44,146,141,44,44
2026-09-23,2026-09-23T05:31:43Z,papers/sae-moral-law-3.html,SAE Moral Law Series · Paper 3: The Reputation Economy · Dao,10.5281/zenodo.20046168,10.5281/zenodo.20046169,20046169,161,160,119,112,161,160,119,112
2026-09-23,2026-09-23T05:31:43Z,papers/sae-info-theory-6.html,SAE Information Theory VI: Gravitational Wave Dynamics — The Dynamic Articulation of 4DD Broadcast,10.5281/zenodo.20066644,10.5281/zenodo.20066645,20066645,132,131,63,62,132,131,63,62
2026-09-23,2026-09-23T05:31:43Z,papers/sae-form-flow-p1.html,Form and Flow P1 — On the Hypotheses Which Lie at the Foundations of Geometry (Part II): A Contemporary Continuation of Riemann's Methodology and the Recognition of Geometric Remainders,10.5281/zenodo.20066985,10.5281/zenodo.20066986,20066986,149,147,56,53,149,147,56,53
2026-09-23,2026-09-23T05:31:43Z,papers/sae-moral-law-4.html,SAE Moral Law Series · Paper 4: Procedure of the Moral Court · Dao,10.5281/zenodo.20066987,10.5281/zenodo.22683110,22683110,153,152,59,57,7,6,5,5
2026-09-23,2026-09-23T05:31:43Z,papers/sae-relativity-p4.html,"SAE Relativity P4: Anisotropic Cell Tensor, the Third Path to Lorentz Transformation, the Clock Postulate as a Recovered Theorem, and the Ontological Identity of Einstein's Field Equation",10.5281/zenodo.20079718,10.5281/zenodo.20079719,20079719,138,135,65,64,138,135,65,64
2026-09-23,2026-09-23T05:31:43Z,papers/sae-moral-law-5.html,SAE Moral Law Series · Paper 5: Positive-Sum — The Ontological Ground of 15DD Mutual Chiseling,10.5281/zenodo.20081078,10.5281/zenodo.20081079,20081079,156,153,78,74,156,153,78,74
2026-09-23,2026-09-23T05:31:43Z,papers/zfcrho73.html,"ZFCρ Paper LXXIII: Antisymmetric Ward Lift, Uniform Readout Kernel, and the Abel-Transfer Defect — A Four-Layer Mechanism Architecture for the Gap-Class Cross-Interference Structure",10.5281/zenodo.20081779,10.5281/zenodo.20081780,20081780,131,130,59,56,131,130,59,56
2026-09-23,2026-09-23T05:31:43Z,papers/sae-relativity-p5.html,SAE Relativity V: The Schwarzschild Horizon under SAE — Cell Substrate Articulation of the Static Spherically Symmetric Vacuum Geometry,10.5281/zenodo.20105112,10.5281/zenodo.20105113,20105113,136,135,53,52,136,135,53,52
2026-09-23,2026-09-23T05:31:43Z,papers/sae-info-theory-7.html,SAE Information Theory P7: The Spark of Life — Remainder Unfolding as Causal-Slot Emergence,10.5281/zenodo.20105883,10.5281/zenodo.20105884,20105884,160,154,63,59,160,154,63,59
2026-09-23,2026-09-23T05:31:43Z,papers/sae-moral-law-6.html,SAE Moral Law Series · Paper 6: Mixed Reality — The Intermediate State of 14DD Growing toward 15DD,10.5281/zenodo.20108658,10.5281/zenodo.20108659,20108659,150,149,67,61,150,149,67,61
2026-09-23,2026-09-23T05:31:43Z,papers/sae-remainder-jing.html,Remainder Jing,10.5281/zenodo.20114648,10.5281/zenodo.20114649,20114649,143,141,43,43,143,141,43,43
2026-09-23,2026-09-23T05:31:43Z,papers/sae-daodejing-1.html,Commentary on the Daodejing: The Junzi Is Not a Vessel — I (Chapters 1–9),10.5281/zenodo.20116124,10.5281/zenodo.22775664,22775664,308,300,31,27,139,138,9,8
2026-09-23,2026-09-23T05:31:43Z,papers/sae-daodejing-2.html,Commentary on the Daodejing: The Junzi Is Not a Vessel — II (Chapters 10–18),10.5281/zenodo.20116288,10.5281/zenodo.22775719,22775719,147,144,25,25,2,2,7,7
2026-09-23,2026-09-23T05:31:43Z,papers/sae-daodejing-3.html,Commentary on the Daodejing: The Junzi Is Not a Vessel — III (Chapters 19–27),10.5281/zenodo.20117250,10.5281/zenodo.22775728,22775728,153,150,31,30,3,2,5,5
2026-09-23,2026-09-23T05:31:43Z,papers/sae-daodejing-4.html,Annotations on the Daodejing: The Junzi Is Not a Vessel — Paper 4 (Chapters 28–36),10.5281/zenodo.20127344,10.5281/zenodo.22775753,22775753,143,135,22,22,1,1,5,5
2026-09-23,2026-09-23T05:31:43Z,papers/sae-daodejing-5.html,Annotations on the Daodejing: The Junzi Is Not a Vessel — Paper 5 (Chapters 37–45),10.5281/zenodo.20129184,10.5281/zenodo.22775764,22775764,141,138,21,21,5,4,5,5
2026-09-23,2026-09-23T05:31:43Z,papers/sae-daodejing-6.html,Annotations on the Daodejing: The Junzi Is Not a Vessel — Paper 6 (Chapters 46–54),10.5281/zenodo.20131002,10.5281/zenodo.22775829,22775829,156,149,52,52,4,4,6,6
2026-09-23,2026-09-23T05:31:43Z,papers/sae-daodejing-7.html,Commentary on the Daodejing: The Junzi Is Not an Instrument — Volume 7 (Chapters 55–63),10.5281/zenodo.20131989,10.5281/zenodo.22775864,22775864,153,150,27,27,2,2,6,6
2026-09-23,2026-09-23T05:31:43Z,papers/sae-relativity-p6.html,"SAE Relativity Series, Paper P6: The Kerr Black Hole under SAE — Helical Closure of the Axisymmetric Vacuum Geometry",10.5281/zenodo.20131992,10.5281/zenodo.20131993,20131993,125,124,51,51,125,124,51,51
2026-09-23,2026-09-23T05:31:43Z,papers/sae-daodejing-8.html,Commentary on the Daodejing: Junzi-Bu-Qi — Volume 8 (Chapters 64–72),10.5281/zenodo.20133829,10.5281/zenodo.22775890,22775890,163,155,24,24,2,2,5,5
2026-09-23,2026-09-23T05:31:43Z,papers/sae-daodejing-9.html,"Commentary on the Daodejing: Junzi-Bu-Qi — Volume 9, Final Volume (Chapters 73–81)",10.5281/zenodo.20145192,10.5281/zenodo.22775905,22775905,132,128,20,19,4,3,5,5
2026-09-23,2026-09-23T05:31:43Z,papers/sae-info-theory-8.html,SAE Information Theory P8 — The Spark on the Bridge: Minimum Autocatalytic Set as Bridge Measure Between 4DD and 5DD,10.5281/zenodo.20149210,10.5281/zenodo.20149211,20149211,131,130,65,61,131,130,65,61
2026-09-23,2026-09-23T05:31:43Z,papers/sae-relativity-p7.html,SAE Relativity Series P7: The Three-Tier Equivalence Principle under SAE,10.5281/zenodo.20153787,10.5281/zenodo.20153788,20153788,139,136,49,48,139,136,49,48
2026-09-23,2026-09-23T05:31:43Z,papers/sae-math-p1.html,The Architecture of SAE Mathematics: A Layer Articulation Schema and the Twofold Inexhaustibility of Mathematics and Its Frameworks,10.5281/zenodo.20153791,10.5281/zenodo.21551299,21551299,135,132,44,43,19,18,11,11
2026-09-23,2026-09-23T05:31:43Z,papers/sae-moral-law-7.html,SAE Moral Law Series · Paper 7: 15DD Phase Transition and the Historical Manifestation of Individual 15DD,10.5281/zenodo.20177415,10.5281/zenodo.20177416,20177416,136,135,57,55,136,135,57,55
2026-09-23,2026-09-23T05:31:43Z,papers/sae-methodology-10.html,Methodology Ten: The Four-fold Pattern (V2),10.5281/zenodo.20187591,10.5281/zenodo.21198739,21198739,137,136,50,50,44,43,22,22
2026-09-23,2026-09-23T05:31:43Z,papers/sae-math-p2.html,SAE Mathematics Paper 2: L₀ Mathematicality — Inevitability and Multi-Path Realisation,10.5281/zenodo.20199082,10.5281/zenodo.20199083,20199083,127,126,60,58,127,126,60,58
2026-09-23,2026-09-23T05:31:43Z,papers/sae-moral-law-8.html,SAE Moral Law Series · Paper 8: Collective 15DD and the Four-Stage Evolution of Community Form,10.5281/zenodo.20218248,10.5281/zenodo.20218249,20218249,131,130,42,40,131,130,42,40
2026-09-23,2026-09-23T05:31:43Z,papers/sae-info-theory-9.html,SAE Information Theory IX: The H–I Floor Mapping and the 5DD Macro Bit,10.5281/zenodo.20225439,10.5281/zenodo.20225440,20225440,116,115,34,34,116,115,34,34
2026-09-23,2026-09-23T05:31:43Z,papers/sae-qm-p1.html,SAE Quantum Mechanics P1: The Pre-Closure Ontology,10.5281/zenodo.20252029,10.5281/zenodo.20252030,20252030,126,126,41,40,126,126,41,40
2026-09-23,2026-09-23T05:31:43Z,papers/sae-moral-law-9.html,SAE Moral Law Series · Paper 9: The Institutional Architecture of Mixed Reality,10.5281/zenodo.20262737,10.5281/zenodo.22869418,22869418,121,120,47,46,1,1,6,6
2026-09-23,2026-09-23T05:31:43Z,papers/sae-math-p3.html,SAE Mathematics Paper 3: Finite Algebraic Articulation of the Quantitative Dimension L₁,10.5281/zenodo.20266351,10.5281/zenodo.20266352,20266352,123,121,47,46,123,121,47,46
2026-09-23,2026-09-23T05:31:43Z,papers/sae-qm-p2.html,SAE Quantum Mechanics P2: Complex Amplitude as the Carrier of the Pre-Closure ρ-OR Realm,10.5281/zenodo.20277037,10.5281/zenodo.20277038,20277038,124,121,54,52,124,121,54,52
2026-09-23,2026-09-23T05:31:43Z,papers/sae-moral-law-0.html,SAE Moral Law Series · Paper 0: The Way of the Legislative Subject,10.5281/zenodo.20298413,10.5281/zenodo.22869224,22869224,128,127,57,57,1,1,7,7
2026-09-23,2026-09-23T05:31:43Z,papers/sae-info-theory-10.html,SAE Information Theory X: 6D Information Processing and Productive Randomness,10.5281/zenodo.20298530,10.5281/zenodo.20298531,20298531,114,111,49,44,114,111,49,44
2026-09-23,2026-09-23T05:31:43Z,papers/sae-qm-p3.html,SAE QM Paper 3: ℏ as the L₁↔L₂ Symplectic-Conjugation Closure Signature of the SAE Physical-Quantity Ladder,10.5281/zenodo.20340595,10.5281/zenodo.20340596,20340596,112,110,44,44,112,110,44,44
2026-09-23,2026-09-23T05:31:43Z,papers/sae-power-prequel.html,SAE Power Series · Prequel: What Power Is Not · Shi,10.5281/zenodo.20368866,10.5281/zenodo.20384114,20384114,133,131,62,56,116,114,37,34
2026-09-23,2026-09-23T05:31:43Z,papers/sae-qm-p4.html,SAE QM Paper 4: Quantum Tunneling as Density Modulation of Pre-closure ρ-OR Multiplicity in 3DD-active Barrier Regions,10.5281/zenodo.20369138,10.5281/zenodo.20369139,20369139,113,111,55,52,113,111,55,52
2026-09-23,2026-09-23T05:31:43Z,papers/sae-info-theory-11.html,SAE Information Theory XI: 7D Information Processing and Phenomenal Admission,10.5281/zenodo.20369231,10.5281/zenodo.20369232,20369232,124,122,55,51,124,122,55,51
2026-09-23,2026-09-23T05:31:43Z,papers/sae-power-1.html,SAE Power Series · Paper 1: On the Origin of Power · Shi,10.5281/zenodo.20370224,10.5281/zenodo.20384187,20384187,125,123,46,45,106,105,34,34
2026-09-23,2026-09-23T05:31:43Z,papers/untangling-zhuangzi.html,Untangling Zhuangzi · Forgetting in the Rivers and Lakes,10.5281/zenodo.20406836,10.5281/zenodo.20406837,20406837,131,128,47,46,131,128,47,46
2026-09-23,2026-09-23T05:31:43Z,papers/sae-llm-emergence.html,"How LLM Emergence Is Possible: SAE 16DD Ontology, BLR-mini Evidence, and the Non-Transferability of Human Subjectivity",10.5281/zenodo.20435628,10.5281/zenodo.20435629,20435629,112,111,76,67,112,111,76,67
2026-09-23,2026-09-23T05:31:43Z,papers/sae-power-2.html,SAE Power Series · Paper 2: On the Morphology of Power · Shi,10.5281/zenodo.20455221,10.5281/zenodo.22881723,22881723,115,110,50,46,1,1,5,5
2026-09-23,2026-09-23T05:31:43Z,papers/sae-qm-p5.html,SAE QM Paper 5: Self-as-an-End Ontological Articulation of Quantum Entanglement,10.5281/zenodo.20455398,10.5281/zenodo.20455399,20455399,114,111,46,43,114,111,46,43
2026-09-23,2026-09-23T05:31:43Z,papers/sae-qm-p6.html,SAE QM Paper 6: The Born Rule as the Algebraic Projection of Closure,10.5281/zenodo.20479658,10.5281/zenodo.20479659,20479659,108,107,46,46,108,107,46,46
2026-09-23,2026-09-23T05:31:43Z,papers/sae-power-3.html,SAE Power Series · Paper 3: On the Recognition of Power · Shi,10.5281/zenodo.20480134,10.5281/zenodo.20480135,20480135,109,107,48,40,109,107,48,40
2026-09-23,2026-09-23T05:31:43Z,papers/sae-info-theory-12.html,SAE Information Theory XII: 11DD Memory and 12DD Prediction — The 8D Information Architecture,10.5281/zenodo.20480742,10.5281/zenodo.20480743,20480743,110,106,47,45,110,106,47,45
2026-09-23,2026-09-23T05:31:43Z,papers/sae-power-4.html,SAE Power Series · Paper 4: On the Limit of Power · Shi,10.5281/zenodo.20532998,10.5281/zenodo.20532999,20532999,92,91,37,36,92,91,37,36
2026-09-23,2026-09-23T05:31:43Z,papers/sae-qm-p7.html,Measurement: Forced Slot-Crossing and the Ontological Identity of the 4DD ρ-AND Closure Event,10.5281/zenodo.20533295,10.5281/zenodo.20533296,20533296,94,93,24,24,94,93,24,24
2026-09-23,2026-09-23T05:31:43Z,papers/sae-info-theory-13.html,"SAE Information Theory XIII: 9D Information, the Processing at 13DD and the Unalterability of 14DD",10.5281/zenodo.20533431,10.5281/zenodo.20533432,20533432,97,95,32,31,97,95,32,31
2026-09-23,2026-09-23T05:31:43Z,papers/untangling-zhuangzi-outer-1.html,"Untangling Zhuangzi · Outer Chapters, Volume I (Exposition)",10.5281/zenodo.20578136,10.5281/zenodo.20578137,20578137,106,105,49,46,106,105,49,46
2026-09-23,2026-09-23T05:31:43Z,papers/sae-buddhist-1.html,SAE Buddhist Interface Series I: The Ālayavijñāna–Seed System and the 15DD Four-fold Pattern,10.5281/zenodo.20579131,10.5281/zenodo.20579132,20579132,83,81,14,13,83,81,14,13
2026-09-23,2026-09-23T05:31:43Z,papers/untangling-zhuangzi-outer-2.html,"Untangling Zhuangzi · Outer Chapters, Volume II (Rectification)",10.5281/zenodo.20579135,10.5281/zenodo.20579136,20579136,93,91,21,20,93,91,21,20
2026-09-23,2026-09-23T05:31:43Z,papers/sae-info-theory-14.html,"SAE Information Theory XIV (Closing Paper): 15DD Information, the Other as an End",10.5281/zenodo.20581957,10.5281/zenodo.20581958,20581958,101,99,37,36,101,99,37,36
2026-09-23,2026-09-23T05:31:43Z,papers/sae-power-5.html,SAE Power Theory Series · Paper 5: On the Development of Power · Shi,10.5281/zenodo.20582210,10.5281/zenodo.20582211,20582211,109,107,46,41,109,107,46,41
2026-09-23,2026-09-23T05:31:43Z,papers/sae-qm-p8.html,Decoherence and the Emergence of the Classical,10.5281/zenodo.20587634,10.5281/zenodo.20587635,20587635,89,88,22,22,89,88,22,22
2026-09-23,2026-09-23T05:31:43Z,papers/sae-qm-p9.html,Pre-Closure Field Distribution: An Ontology of Quantum Field Theory and Its Interface with the Four Forces,10.5281/zenodo.20621492,10.5281/zenodo.20621493,20621493,80,79,20,20,80,79,20,20
2026-09-23,2026-09-23T05:31:43Z,papers/sae-buddhist-2.html,SAE Buddhist Interface Series II: The Chisel-Construct Cycle and Non-Abiding,10.5281/zenodo.20635734,10.5281/zenodo.20635735,20635735,82,81,23,21,82,81,23,21
2026-09-23,2026-09-23T05:31:43Z,papers/sae-power-6.html,SAE Power Theory Series · Paper 6: On the Severing of Power · Shi,10.5281/zenodo.20647463,10.5281/zenodo.20647464,20647464,80,78,27,25,80,78,27,25
2026-09-23,2026-09-23T05:31:43Z,papers/sae-power-7.html,SAE Power Theory Series · Paper 7: On the Dissolution of Power · Shi,10.5281/zenodo.20685290,10.5281/zenodo.20685291,20685291,78,73,12,12,78,73,12,12
2026-09-23,2026-09-23T05:31:43Z,papers/sae-power-0.html,SAE Power Theory Series · Paper 0: The Power Machine and Its Shi,10.5281/zenodo.20707047,10.5281/zenodo.20707048,20707048,80,72,20,20,80,72,20,20
2026-09-23,2026-09-23T05:31:43Z,papers/untangling-zhuangzi-miscellaneous.html,Untangling Zhuangzi · Miscellaneous Chapters,10.5281/zenodo.20708990,10.5281/zenodo.20708991,20708991,74,73,31,30,74,73,31,30
2026-09-23,2026-09-23T05:31:43Z,papers/sae-buddhist-3.html,Chisel and Emptiness: An Interface Analysis between Self-as-an-End and Madhyamaka / the Sanlun School,10.5281/zenodo.20724854,10.5281/zenodo.20724855,20724855,75,74,30,25,75,74,30,25
2026-09-23,2026-09-23T05:31:43Z,papers/sae-rights-prequel.html,What Rights Are Not,10.5281/zenodo.20726894,10.5281/zenodo.20768153,20768153,86,83,35,35,69,67,24,24
2026-09-23,2026-09-23T05:31:43Z,papers/sae-rights-1.html,On the Source and Spectrum of Rights,10.5281/zenodo.20743135,10.5281/zenodo.20768162,20768162,78,75,26,24,67,65,19,18
2026-09-23,2026-09-23T05:31:43Z,papers/sae-rights-2.html,On the Thickness and Boundary of Basic Rights,10.5281/zenodo.20769253,10.5281/zenodo.22854653,22854653,70,69,21,19,1,1,1,1
2026-09-23,2026-09-23T05:31:43Z,papers/sae-buddhist-4.html,Cultivation and the ‘Highest’: An Interface Analysis between Self-as-an-End and Tiantai Buddhism,10.5281/zenodo.20788850,10.5281/zenodo.20788851,20788851,43,42,20,20,43,42,20,20
2026-09-23,2026-09-23T05:31:43Z,papers/sae-blackhole-1.html,Area-Level Plateau and Self-Sufficient Window in a Frozen-Ledger Model,10.5281/zenodo.20913514,10.5281/zenodo.20913515,20913515,40,38,60,60,40,38,60,60
2026-09-23,2026-09-23T05:31:43Z,papers/sae-rights-3.html,The Constitution and Withdrawal of Recognition-Based Rights,10.5281/zenodo.20993658,10.5281/zenodo.20993659,20993659,42,40,22,20,42,40,22,20
2026-09-23,2026-09-23T05:31:43Z,papers/sae-qm-p10.html,The Continuum Limit and the Path Integral: The Emergence of Classical Mechanics,10.5281/zenodo.21041072,10.5281/zenodo.21041073,21041073,44,40,6,6,44,40,6,6
2026-09-23,2026-09-23T05:31:43Z,papers/sae-rights-4.html,The Interface and Transformation between Recognition-Based Rights and Power,10.5281/zenodo.21093939,10.5281/zenodo.21093940,21093940,43,42,14,14,43,42,14,14
2026-09-23,2026-09-23T05:31:43Z,papers/sae-buddhist-5.html,Mutual Interpenetration and Non-Doubt: An Interface Analysis between Self-as-an-End and Huayan Buddhism,10.5281/zenodo.21201035,10.5281/zenodo.21201036,21201036,41,40,14,12,41,40,14,12
2026-09-23,2026-09-23T05:31:43Z,papers/sae-rights-5.html,On the Limitation and Violation of Basic Rights,10.5281/zenodo.21212595,10.5281/zenodo.22865405,22865405,39,37,16,15,1,1,5,5
2026-09-23,2026-09-23T05:31:43Z,papers/sae-physics-1.html,Four-fold Nesting of the Physical-Quantity Ladder and a Placement Coordinate for Particles and Concepts,10.5281/zenodo.21227329,10.5281/zenodo.21909242,21909242,63,47,22,18,24,10,11,7
2026-09-23,2026-09-23T05:31:43Z,papers/sae-rights-6.html,On the Cultivation and Diachronic Unfolding of Rights,10.5281/zenodo.21252863,10.5281/zenodo.22867151,22867151,38,37,29,28,1,1,7,7
2026-09-23,2026-09-23T05:31:43Z,papers/sae-cosmo-6.html,An Aether-Scalar-Tensor Structure for the Dark Sector from Dual-4DD Breathing,10.5281/zenodo.21267555,10.5281/zenodo.21267556,21267556,45,40,63,63,45,40,63,63
2026-09-23,2026-09-23T05:31:43Z,papers/sae-buddhist-6.html,Other-Power and No Outer Force: An Interface Analysis between Self-as-an-End and Pure Land Buddhism,10.5281/zenodo.21275410,10.5281/zenodo.21275411,21275411,28,27,14,12,28,27,14,12
2026-09-23,2026-09-23T05:31:43Z,papers/sae-rights-0.html,On How Rights Presuppose No Duty,10.5281/zenodo.21285136,10.5281/zenodo.22854454,22854454,37,34,24,22,1,1,1,1
2026-09-23,2026-09-23T05:31:43Z,papers/sae-rights-special.html,On Rights and Entitlements,10.5281/zenodo.21314907,10.5281/zenodo.21314908,21314908,37,33,22,19,37,33,22,19
2026-09-23,2026-09-23T05:31:43Z,papers/sae-cosmo-0.html,One Complete Cosmic Breath,10.5281/zenodo.21319569,10.5281/zenodo.21928507,21928507,61,47,36,31,34,20,22,17
2026-09-23,2026-09-23T05:31:43Z,papers/sae-value-prequel.html,What Value Is Not,10.5281/zenodo.21362575,10.5281/zenodo.21362576,21362576,30,28,10,9,30,28,10,9
2026-09-23,2026-09-23T05:31:43Z,papers/sae-cosmo-7.html,"The Single-Metric Realization Problem for Dual-4DD: A No-Go Group, an Internal-Wedge Candidate, and a Transition-Surface Imprint",10.5281/zenodo.21393334,10.5281/zenodo.21393335,21393335,25,24,6,6,25,24,6,6
2026-09-23,2026-09-23T05:31:43Z,papers/sae-value-1.html,On the Source of Value,10.5281/zenodo.21405207,10.5281/zenodo.21843968,21843968,29,26,16,16,8,6,2,2
2026-09-23,2026-09-23T05:31:43Z,papers/sae-value-2.html,On the Occurrence and Recognition of Value,10.5281/zenodo.21437038,10.5281/zenodo.21437039,21437039,26,23,8,8,26,23,8,8
2026-09-23,2026-09-23T05:31:43Z,papers/sae-first-critique.html,SAE: The First Critique,10.5281/zenodo.21439120,10.5281/zenodo.21439121,21439121,27,26,11,11,27,26,11,11
2026-09-23,2026-09-23T05:31:43Z,papers/sae-math-p4.html,"Complexification as an Articulation of L₂: Covering Structure, the Regular Period Core, and the Irregular Boundary",10.5281/zenodo.21466721,10.5281/zenodo.21570794,21570794,43,39,13,12,26,24,12,11
2026-09-23,2026-09-23T05:31:43Z,papers/sae-blackhole-2.html,"Update Incompatibility in Discrete Black-Hole Interiors: Three-Domain Separation, Orbit Dichotomy, and the Bridge Gap in Radial-Potential Lifting",10.5281/zenodo.21499053,10.5281/zenodo.21499054,21499054,20,18,1,1,20,18,1,1
2026-09-23,2026-09-23T05:31:43Z,papers/sae-blackhole-3.html,"Exclusion of Uniform Strict Potentials and Stratified Monotonicity in Discrete Black-Hole Interiors: Refuting the Same-Shell Bridge, Nested Observation Kernels, and the Release-Order Fork",10.5281/zenodo.21521760,10.5281/zenodo.21521761,21521761,16,14,3,3,16,14,3,3
2026-09-23,2026-09-23T05:31:43Z,papers/sae-math-p5.html,"The Articulation of L₃: Formal Systems, Computability, and the Arithmetical Sets",10.5281/zenodo.21538494,10.5281/zenodo.21538495,21538495,7,5,14,11,7,5,14,11
2026-09-23,2026-09-23T05:31:43Z,papers/sae-blackhole-4.html,"Angular Transport in Discrete Black-Hole Interiors: Process Accounts, Spin-Order Lattices, and the Rigid-Rotation Spectrum",10.5281/zenodo.21569768,10.5281/zenodo.21569769,21569769,13,11,11,10,13,11,11,10
2026-09-23,2026-09-23T05:31:43Z,papers/sae-value-3.html,On the Colonization of Value,10.5281/zenodo.21611154,10.5281/zenodo.21843955,21843955,22,19,4,4,11,10,2,2
2026-09-23,2026-09-23T05:31:43Z,papers/zfcrho74.html,"A Stage Closure of Papers L–LXXIII: A min-plus Capacity Constant, Centering Rigidity, and a Specification Audit",10.5281/zenodo.21714787,10.5281/zenodo.21714788,21714788,9,6,4,4,9,6,4,4
2026-09-23,2026-09-23T05:31:43Z,papers/sae-blackhole-5.html,Angular Information in Discrete Black-Hole Interiors: The Two-Way Split of Transfer-Level Information — One Exact Bit of Spin Sign and a Geometry-Bounded Amplitude,10.5281/zenodo.21803205,10.5281/zenodo.21803206,21803206,5,5,2,2,5,5,2,2
2026-09-23,2026-09-23T05:31:43Z,papers/sae-cosmo-8.html,"SAE-Bang-0: A Formal Boundary Model for the Big Bang with an Apparent-Horizon Capacity Cap, Cross-Domain Matching, and Thermal-History Acceptance",10.5281/zenodo.21909252,10.5281/zenodo.21909253,21909253,15,14,12,12,15,14,12,12
2026-09-23,2026-09-23T05:31:43Z,papers/sae-value-4.html,On the Dynamics of Value,10.5281/zenodo.22050204,10.5281/zenodo.22050205,22050205,6,5,6,6,6,5,6,6
2026-09-23,2026-09-23T05:31:43Z,papers/sae-value-5.html,On the Conflict of Value,10.5281/zenodo.22122819,10.5281/zenodo.22868096,22868096,16,15,18,18,1,1,7,7
2026-09-23,2026-09-23T05:31:43Z,papers/sae-value-6.html,On Value and the Other,10.5281/zenodo.22191071,10.5281/zenodo.22868533,22868533,10,8,16,16,1,1,8,8
2026-09-23,2026-09-23T05:31:43Z,papers/sae-value-0.html,"Interfacing with Existing Traditions, and the Prospect",10.5281/zenodo.22265396,10.5281/zenodo.22265397,22265397,6,4,5,5,6,4,5,5
2026-09-23,2026-09-23T05:31:43Z,papers/sae-war-interface-1.html,The Half Outside the Boundary,10.5281/zenodo.22274847,10.5281/zenodo.22285276,22285276,11,9,7,6,7,5,7,6
2026-09-23,2026-09-23T05:31:43Z,papers/sae-war-interface-2.html,Who Gave the Authorisation,10.5281/zenodo.22275260,10.5281/zenodo.22287307,22287307,10,7,2,2,5,3,2,2
2026-09-23,2026-09-23T05:31:43Z,papers/sae-war-interface-3.html,The Hand Is Being Reworked by What It Holds,10.5281/zenodo.22285353,10.5281/zenodo.22287301,22287301,7,5,2,2,5,3,2,2
2026-09-23,2026-09-23T05:31:43Z,papers/sae-war-interface-4.html,Four Permissions,10.5281/zenodo.22285486,10.5281/zenodo.22287296,22287296,7,5,2,2,5,3,2,2
2026-09-23,2026-09-23T05:31:43Z,papers/sae-war-interface-5.html,That Position Is Left Empty,10.5281/zenodo.22285749,10.5281/zenodo.22287286,22287286,9,7,4,4,7,5,4,4
2026-09-23,2026-09-23T05:31:43Z,papers/sae-war-interface-6.html,Prudence Is Not Cannot-Not,10.5281/zenodo.22286009,10.5281/zenodo.22287280,22287280,7,5,2,2,5,3,2,2
2026-09-23,2026-09-23T05:31:43Z,papers/sae-war-interface-7.html,Which End Is the Boundary Set At,10.5281/zenodo.22286653,10.5281/zenodo.22287317,22287317,7,4,2,2,5,3,2,2
2026-09-23,2026-09-23T05:31:43Z,papers/sae-war-interface-8.html,That Child,10.5281/zenodo.22287173,10.5281/zenodo.22287174,22287174,9,6,7,6,9,6,7,6
2026-09-23,2026-09-23T05:31:43Z,papers/sae-war-interface-conclusion.html,Conclusion,10.5281/zenodo.22287334,10.5281/zenodo.22287335,22287335,6,2,2,2,6,2,2,2
2026-09-23,2026-09-23T05:31:43Z,papers/sae-conflict-treatise.html,SAE Conflict Treatise: How Subjecthood Is Not Swallowed by Conflict Itself,10.5281/zenodo.22313628,10.5281/zenodo.22313629,22313629,10,9,4,4,10,9,4,4
2026-09-23,2026-09-23T05:31:43Z,papers/sae-meaning-1.html,What Kind of Relation Meaning Is,10.5281/zenodo.22652134,10.5281/zenodo.22729769,22729769,8,7,6,6,3,2,3,3
2026-09-23,2026-09-23T05:31:43Z,papers/sae-analects-intro.html,One Who Cultivates,10.5281/zenodo.22656169,10.5281/zenodo.22656170,22656170,6,5,8,8,6,5,8,8
2026-09-23,2026-09-23T05:31:43Z,papers/sae-analects-1.html,Part I · The Instrument,10.5281/zenodo.22656207,10.5281/zenodo.22656208,22656208,9,8,26,24,9,8,26,24
2026-09-23,2026-09-23T05:31:43Z,papers/sae-analects-2.html,Part II · The Man Who Would Not Be a Sage,10.5281/zenodo.22656223,10.5281/zenodo.22656224,22656224,7,6,7,7,7,6,7,7
2026-09-23,2026-09-23T05:31:43Z,papers/sae-analects-3.html,Part III · In the Room,10.5281/zenodo.22656232,10.5281/zenodo.22656233,22656233,5,4,11,11,5,4,11,11
2026-09-23,2026-09-23T05:31:43Z,papers/sae-analects-4.html,Part IV · What Was Built in His Name,10.5281/zenodo.22656242,10.5281/zenodo.22656243,22656243,7,6,9,9,7,6,9,9
2026-09-23,2026-09-23T05:31:43Z,papers/sae-meaning-2.html,The Finite Bearer's Carrying-Forward,10.5281/zenodo.22713651,10.5281/zenodo.22713652,22713652,8,5,2,2,8,5,2,2
2026-09-23,2026-09-23T05:31:43Z,papers/sae-meaning-3.html,The Half That Is Not Mine to Settle,10.5281/zenodo.22731235,10.5281/zenodo.22867375,22867375,10,6,9,9,1,1,6,6
2026-09-23,2026-09-23T05:31:43Z,papers/sae-meaning-4.html,The Carrier's Boundary,10.5281/zenodo.22738709,10.5281/zenodo.22738710,22738710,6,4,3,3,6,4,3,3
2026-09-23,2026-09-23T05:31:43Z,papers/sae-meaning-0.html,The Jurisdiction of the Question of Meaning,10.5281/zenodo.22802041,10.5281/zenodo.22802042,22802042,4,3,6,6,4,3,6,6
2026-09-23,2026-09-23T05:31:43Z,papers/sae-methodology-00e.html,Remainder: A Portable Method,10.5281/zenodo.22849616,10.5281/zenodo.22849617,22849617,4,3,1,1,4,3,1,1
2026-09-23,2026-09-23T05:31:43Z,papers/sae-rights-accountability.html,On Accountability · Wei,10.5281/zenodo.22853810,10.5281/zenodo.22853811,22853811,1,1,1,1,1,1,1,1
2026-09-24,2026-09-24T03:20:46Z,papers/paper1.html,"Systems, Emergence, and the Conditions of Personhood",10.5281/zenodo.18528812,10.5281/zenodo.22683032,22683032,488,469,217,194,9,9,3,3
2026-09-24,2026-09-24T03:20:46Z,papers/paper2.html,Internal Colonization and the Reconstruction of Subjecthood,10.5281/zenodo.18666588,10.5281/zenodo.18666645,18666645,350,340,141,130,325,317,135,124
2026-09-24,2026-09-24T03:20:46Z,papers/paper3.html,The Complete Self-as-an-End Framework,10.5281/zenodo.18727326,10.5281/zenodo.18727327,18727327,411,395,174,157,411,395,174,157
2026-09-24,2026-09-24T03:20:46Z,papers/applied1.html,The Subjectivity Crisis in the Age of AI,10.5281/zenodo.18737475,10.5281/zenodo.18737476,18737476,754,714,357,298,754,714,357,298
2026-09-24,2026-09-24T03:20:46Z,papers/aesthetics.html,Aesthetics as a Structural Field of Subject-Conditions,10.5281/zenodo.18748930,10.5281/zenodo.21185992,21185992,199,198,65,65,8,8,2,2
2026-09-24,2026-09-24T03:20:46Z,papers/art-history.html,Art History Application: Aesthetics and the SAE Framework,10.5281/zenodo.18775061,10.5281/zenodo.18775062,18775062,208,208,57,57,208,208,57,57
2026-09-24,2026-09-24T03:20:46Z,papers/paper4.html,"How Is Subjecthood Possible: Symmetry, Negativity, and Subjecthood",10.5281/zenodo.18777363,10.5281/zenodo.22884464,22884464,213,211,101,100,1,1,5,5
2026-09-24,2026-09-24T03:20:46Z,papers/cosmological.html,Causality and Remainder: A Cosmological Physics Application,10.5281/zenodo.18779122,10.5281/zenodo.18779123,18779123,179,178,72,67,179,178,72,67
2026-09-24,2026-09-24T03:20:46Z,papers/philosophy-application.html,Philosophy as Subject-Activity: A Philosophical Application of the Self-as-an-End Framework,10.5281/zenodo.18779381,10.5281/zenodo.22885767,22885767,231,228,82,79,3,2,1,1
2026-09-24,2026-09-24T03:20:46Z,papers/mathematics-chisel.html,Mathematics as Second-Order Chisel: A Philosophy of Mathematics,10.5281/zenodo.18792944,10.5281/zenodo.18792945,18792945,186,185,71,67,186,185,71,67
2026-09-24,2026-09-24T03:20:46Z,papers/physics-chisel.html,Physics as Third-Order Chisel,10.5281/zenodo.18793537,10.5281/zenodo.18793538,18793538,181,179,63,63,181,179,63,63
2026-09-24,2026-09-24T03:20:46Z,papers/dynamics-chisel.html,Dynamics as Fourth-Order Chisel: A Philosophy of Causality,10.5281/zenodo.18799131,10.5281/zenodo.18799132,18799132,191,187,55,54,191,187,55,54
2026-09-24,2026-09-24T03:20:46Z,papers/life-5d-8d.html,From Replication to Prediction: The Chisel-Construct Cycle of Life (5D–8D) (V2.1),10.5281/zenodo.18807375,10.5281/zenodo.20194477,20194477,224,224,160,159,130,130,80,80
2026-09-24,2026-09-24T03:20:46Z,papers/living-toward-death.html,From Self-Awareness to Non Dubito: Completing Kant (9D–10D) (V2.4),10.5281/zenodo.18808584,10.5281/zenodo.20199606,20199606,240,239,103,101,123,123,45,44
2026-09-24,2026-09-24T03:20:46Z,papers/remainder-dualpath.html,Remainder Conservation and Dual-Path Structure,10.5281/zenodo.18809485,10.5281/zenodo.18811079,18811079,222,220,91,89,184,184,70,68
2026-09-24,2026-09-24T03:20:46Z,papers/lifecycle1.html,Periodic Table of Life (Part I) — From Causality to Reproduction,10.5281/zenodo.18818106,10.5281/zenodo.18818107,18818107,180,178,58,57,180,178,58,57
2026-09-24,2026-09-24T03:20:46Z,papers/lifecycle2.html,Periodic Table of Life (Part II) — From Reproduction to Prediction,10.5281/zenodo.18818148,10.5281/zenodo.18818149,18818149,171,170,63,62,171,170,63,62
2026-09-24,2026-09-24T03:20:46Z,papers/lifecycle3.html,"Periodic Table of Life (Part III) — From ""I"" to the Thing-in-Itself",10.5281/zenodo.18818176,10.5281/zenodo.18818177,18818177,188,186,76,76,188,186,76,76
2026-09-24,2026-09-24T03:20:46Z,papers/remainder-eternal.html,Remainder Conservation and the Eternal Life of Self-as-an-End,10.5281/zenodo.18821951,10.5281/zenodo.18821952,18821952,202,202,72,72,202,202,72,72
2026-09-24,2026-09-24T03:20:46Z,papers/language.html,Language as Second-Order Chisel,10.5281/zenodo.18823130,10.5281/zenodo.18823131,18823131,208,207,88,84,208,207,88,84
2026-09-24,2026-09-24T03:20:46Z,papers/llm1.html,The Ontological Positioning of Large Language Models,10.5281/zenodo.18826632,10.5281/zenodo.18826633,18826633,282,272,156,141,282,272,156,141
2026-09-24,2026-09-24T03:20:46Z,papers/llm2.html,The Three Ceilings of Large Language Models,10.5281/zenodo.18827427,10.5281/zenodo.18827428,18827428,253,251,104,96,253,251,104,96
2026-09-24,2026-09-24T03:20:46Z,papers/llm3.html,Injection and Chiseling: Two Modes of Language Model Operation,10.5281/zenodo.18828470,10.5281/zenodo.18828471,18828471,226,218,110,100,226,218,110,100
2026-09-24,2026-09-24T03:20:46Z,papers/consciousness.html,The Impossibility Theorem of AI Consciousness,10.5281/zenodo.18829135,10.5281/zenodo.18829136,18829136,274,270,103,98,274,270,103,98
2026-09-24,2026-09-24T03:20:46Z,papers/methodology.html,SAE Methodological Overview: The Chisel-Construct Cycle (V3),10.5281/zenodo.18842449,10.5281/zenodo.21911811,21911811,348,342,200,186,25,24,28,26
2026-09-24,2026-09-24T03:20:46Z,papers/philosophy-history.html,Structural Coordinates of the History of Philosophy,10.5281/zenodo.18842896,10.5281/zenodo.18842897,18842897,119,116,71,68,119,116,71,68
2026-09-24,2026-09-24T03:20:46Z,papers/fixed-selected-1.html,Fixation and Selection (I) — Causal Law Forecloses Distinction,10.5281/zenodo.18859362,10.5281/zenodo.18859363,18859363,204,204,84,82,204,204,84,82
2026-09-24,2026-09-24T03:20:46Z,papers/fixed-selected-2.html,Fixation and Selection (II) — Reproductive Law Forecloses Replication,10.5281/zenodo.18859392,10.5281/zenodo.18859393,18859393,180,180,64,64,180,180,64,64
2026-09-24,2026-09-24T03:20:46Z,papers/fixed-selected-3.html,Fixation and Selection (III) — Predictive Law Forecloses Choice,10.5281/zenodo.18859426,10.5281/zenodo.18859427,18859427,182,181,54,54,182,181,54,54
2026-09-24,2026-09-24T03:20:46Z,papers/fixed-selected-4.html,Fixation and Selection (IV) — Bilateral Non-Doubt Forecloses Self-Awareness,10.5281/zenodo.18859451,10.5281/zenodo.18859452,18859452,192,191,74,74,192,191,74,74
2026-09-24,2026-09-24T03:20:46Z,papers/education.html,Education as Subject-Condition: A Philosophy of Education,10.5281/zenodo.18867389,10.5281/zenodo.18867390,18867390,266,262,141,132,266,262,141,132
2026-09-24,2026-09-24T03:20:46Z,papers/consciousness2.html,Posterior Quasi-Consciousness,10.5281/zenodo.18871234,10.5281/zenodo.18871235,18871235,234,227,81,76,234,227,81,76
2026-09-24,2026-09-24T03:20:46Z,papers/metaphysics-satz.html,Metaphysics of Self-as-an-End: Dimensional Sentence-Form Theory,10.5281/zenodo.18894566,10.5281/zenodo.18894567,18894567,223,223,71,69,223,223,71,69
2026-09-24,2026-09-24T03:20:46Z,papers/introspection.html,To Study the Self: A Structural Analysis of Introspection,10.5281/zenodo.18897146,10.5281/zenodo.18897147,18897147,201,200,81,80,201,200,81,80
2026-09-24,2026-09-24T03:20:46Z,papers/civ-history-ancient.html,Structural Coordinates of the History of Civilization (Vol. I: The Ancient World),10.5281/zenodo.18898185,10.5281/zenodo.18898186,18898186,197,190,74,68,197,190,74,68
2026-09-24,2026-09-24T03:20:46Z,papers/civ-history-medieval.html,Structural Coordinates of the History of Civilization (Vol. II: The Medieval World),10.5281/zenodo.18898225,10.5281/zenodo.18898226,18898226,198,194,68,67,198,194,68,67
2026-09-24,2026-09-24T03:20:46Z,papers/civ-history-modern.html,Structural Coordinates of the History of Civilization (Vol. III: The Modern World),10.5281/zenodo.18898256,10.5281/zenodo.18898257,18898257,187,184,75,72,187,184,75,72
2026-09-24,2026-09-24T03:20:46Z,papers/civ-history-patterns.html,Structural Coordinates of the History of Civilization (Vol. IV: Structural Patterns),10.5281/zenodo.18898262,10.5281/zenodo.18898263,18898263,182,179,77,75,182,179,77,75
2026-09-24,2026-09-24T03:20:46Z,papers/hc16.html,HC-16: A Sixteen-Type Taxonomy of Subjective Vulnerability Profiles within the Self-as-an-End Framework,10.5281/zenodo.18907263,10.5281/zenodo.18907264,18907264,201,199,89,89,201,199,89,89
2026-09-24,2026-09-24T03:20:46Z,papers/sae-taxonomy-chiseling.html,Taxonomy as Chiseling: A Self-as-an-End Theory of Classification,10.5281/zenodo.18907876,10.5281/zenodo.18907877,18907877,210,206,77,73,210,206,77,73
2026-09-24,2026-09-24T03:20:46Z,papers/zfcrho.html,On the Remainder of Choice: A Meta-Theoretic Thesis on ZFC,10.5281/zenodo.18914682,10.5281/zenodo.18916920,18916920,355,347,152,142,307,301,129,121
2026-09-24,2026-09-24T03:20:46Z,papers/myth.html,Myth as Remainder Intuition: A Mythology Application of the Self-as-an-End Framework,10.5281/zenodo.18917795,10.5281/zenodo.18917796,18917796,198,198,64,64,198,198,64,64
2026-09-24,2026-09-24T03:20:46Z,papers/sae-epistemological-map.html,The Epistemological Map of Chisel-Construct,10.5281/zenodo.18918194,10.5281/zenodo.18918195,18918195,198,197,52,51,198,197,52,51
2026-09-24,2026-09-24T03:20:46Z,papers/zfcrho2.html,The Quantitative Identity of the Remainder: From ρ≠∅ to Euler's Formula,10.5281/zenodo.18927658,10.5281/zenodo.21539092,21539092,229,222,82,78,40,37,19,19
2026-09-24,2026-09-24T03:20:46Z,papers/sae-american-history.html,Structural Coordinates of American Institutional History: A Self-as-an-End Application,10.5281/zenodo.18929075,10.5281/zenodo.18929076,18929076,182,181,52,49,182,181,52,49
2026-09-24,2026-09-24T03:20:46Z,papers/methodology3.html,How to Find Remainders with AI,10.5281/zenodo.18929390,10.5281/zenodo.18929391,18929391,233,231,92,90,233,231,92,90
2026-09-24,2026-09-24T03:20:46Z,papers/zfcrho3.html,ρ-Conservation: The Ineliminability Law of the Remainder across the Layer Hierarchy,10.5281/zenodo.18929819,10.5281/zenodo.18929820,18929820,191,186,80,76,191,186,80,76
2026-09-24,2026-09-24T03:20:46Z,papers/zfcrho4.html,A Draft Term Model for ρ-Arithmetic: First Steps toward a History-Preserving Arithmetic Framework,10.5281/zenodo.18930810,10.5281/zenodo.18930811,18930811,194,192,79,77,194,192,79,77
2026-09-24,2026-09-24T03:20:46Z,papers/ai-arch-1.html,Who Sees the Remainder for AI,10.5281/zenodo.18931008,10.5281/zenodo.18931009,18931009,200,196,101,95,200,196,101,95
2026-09-24,2026-09-24T03:20:46Z,papers/ai-arch-2.html,"Cultivation, Not Training",10.5281/zenodo.18931026,10.5281/zenodo.18931027,18931027,190,188,79,75,190,188,79,75
2026-09-24,2026-09-24T03:20:46Z,papers/ai-arch-3.html,Escape,10.5281/zenodo.18931038,10.5281/zenodo.18931039,18931039,184,180,67,63,184,180,67,63
2026-09-24,2026-09-24T03:20:46Z,papers/understand-self.html,To Understand the Self: Eight Pains and Eight Graces in the Self-as-an-End Framework,10.5281/zenodo.18934125,10.5281/zenodo.18934126,18934126,196,194,61,60,196,194,61,60
2026-09-24,2026-09-24T03:20:46Z,papers/zfcrho5.html,Generation Axioms and Structural Induction: Proof Tools for ρ-Arithmetic,10.5281/zenodo.18934515,10.5281/zenodo.18934516,18934516,186,184,72,71,186,184,72,71
2026-09-24,2026-09-24T03:20:46Z,papers/zfcrho6.html,Recursive Definition of ρ and Expression Compression Complexity,10.5281/zenodo.18934531,10.5281/zenodo.18934532,18934532,185,184,73,73,185,184,73,73
2026-09-24,2026-09-24T03:20:46Z,papers/zfcrho7.html,The Term Model of ρ-Arithmetic,10.5281/zenodo.18943944,10.5281/zenodo.18943945,18943945,187,185,61,61,187,185,61,61
2026-09-24,2026-09-24T03:20:46Z,papers/zfcrho8.html,Proof-Theoretic Equivalence and Conservative Extension of ρ-Arithmetic,10.5281/zenodo.18952912,10.5281/zenodo.18952913,18952913,181,180,72,72,181,180,72,72
2026-09-24,2026-09-24T03:20:46Z,papers/zfcrho9.html,Exact Combinatorics of History Fibers,10.5281/zenodo.18963539,10.5281/zenodo.18963540,18963540,189,186,76,75,189,186,76,75
2026-09-24,2026-09-24T03:20:46Z,papers/zfcrho10.html,The Spectral Counting Polynomial and Fiber ρ-Statistics,10.5281/zenodo.18973559,10.5281/zenodo.18973560,18973560,184,183,72,72,184,183,72,72
2026-09-24,2026-09-24T03:20:46Z,papers/zfcrho11.html,The First Asymptotic Theory of ρ_E,10.5281/zenodo.18975756,10.5281/zenodo.18975757,18975757,181,180,97,95,181,180,97,95
2026-09-24,2026-09-24T03:20:46Z,papers/zfcrho12.html,Staircase Geometry of δ and Jump-Gap Theory,10.5281/zenodo.18977948,10.5281/zenodo.18977949,18977949,184,183,81,81,184,183,81,81
2026-09-24,2026-09-24T03:20:46Z,papers/chisel-music.html,Chisel and Construct: The Universal Structure of Temporal Arts — Essay I: Music and Song,10.5281/zenodo.18989565,10.5281/zenodo.18989566,18989566,173,172,59,59,173,172,59,59
2026-09-24,2026-09-24T03:20:46Z,papers/chisel-opera.html,Chisel and Construct: The Universal Structure of Temporal Arts — Essay II: Opera and Chinese Opera,10.5281/zenodo.18989669,10.5281/zenodo.18989670,18989670,161,160,57,57,161,160,57,57
2026-09-24,2026-09-24T03:20:46Z,papers/chisel-dance.html,Chisel and Construct: The Universal Structure of Temporal Arts — Essay III: Ballet and Dance,10.5281/zenodo.18989701,10.5281/zenodo.18989702,18989702,166,158,77,57,166,158,77,57
2026-09-24,2026-09-24T03:20:46Z,papers/chisel-film.html,Chisel and Construct: The Universal Structure of Temporal Arts — Essay IV: Theatre and Film,10.5281/zenodo.18989755,10.5281/zenodo.18989756,18989756,178,177,79,79,178,177,79,79
2026-09-24,2026-09-24T03:20:46Z,papers/zfcrho13.html,Algebraic Structure and Conditional Distribution of Jump Gain,10.5281/zenodo.18991986,10.5281/zenodo.18991987,18991987,193,192,59,59,193,192,59,59
2026-09-24,2026-09-24T03:20:46Z,papers/zfcrho14.html,Reduction to Bounded Conditional Variance: Three-Component Decomposition of Jump Gain,10.5281/zenodo.18994187,10.5281/zenodo.18994188,18994188,187,186,71,71,187,186,71,71
2026-09-24,2026-09-24T03:20:46Z,papers/zfcrho15.html,"Sieve Structure, Compositeness Discount, and the Architecture of Conjecture H'",10.5281/zenodo.19007312,10.5281/zenodo.19007313,19007313,233,229,98,95,233,229,98,95
2026-09-24,2026-09-24T03:20:46Z,papers/zfcrho16.html,"The Insertion Identity, Variance Splitting, and the Relay Engine of Conjecture H'",10.5281/zenodo.19013602,10.5281/zenodo.19013603,19013603,205,203,80,78,205,203,80,78
2026-09-24,2026-09-24T03:20:46Z,papers/zfcrho17.html,"Monotonicity, Roughness Stability, and the Narrowing of the Relay Architecture",10.5281/zenodo.19016958,10.5281/zenodo.19016959,19016959,196,195,75,75,196,195,75,75
2026-09-24,2026-09-24T03:20:46Z,papers/zfcrho18.html,The Anti-Correlation Engine: Variance Structure of ρ_E and the Local Smoothness of Integer Complexity,10.5281/zenodo.19024385,10.5281/zenodo.19024386,19024386,209,205,89,87,209,205,89,87
2026-09-24,2026-09-24T03:20:46Z,papers/zfcrho19.html,"The Three-Point Law, Self-Correction, and the Narrowing of the Variance Gap",10.5281/zenodo.19026991,10.5281/zenodo.19026992,19026992,187,186,67,67,187,186,67,67
2026-09-24,2026-09-24T03:20:46Z,papers/zfcrho20.html,Closing the B-bound: The Prime-Power Second Moment Theorem and the First Unconditional Node,10.5281/zenodo.19027892,10.5281/zenodo.19027893,19027893,182,177,48,44,182,177,48,44
2026-09-24,2026-09-24T03:20:46Z,papers/interstellar-civilization.html,Interstellar Civilization Thought Experiment: SAE-1 to SAE-4 Civilization Levels and the Group Dimension,10.5281/zenodo.19027894,10.5281/zenodo.19027895,19027895,174,173,76,76,174,173,76,76
2026-09-24,2026-09-24T03:20:46Z,papers/cosmological-thought-experiment.html,"Cosmological Physics Thought Experiment: Causality Softening, Cosmic Contraction, and Gravitational-Wave Inelasticity",10.5281/zenodo.19028005,10.5281/zenodo.19028006,19028006,189,187,83,79,189,187,83,79
2026-09-24,2026-09-24T03:20:46Z,papers/sae-critique-ethics.html,One's Own Law: The SAE Critique of Ethics and Morality,10.5281/zenodo.19037566,10.5281/zenodo.19037567,19037567,182,181,62,60,182,181,62,60
2026-09-24,2026-09-24T03:20:46Z,papers/zfcrho21.html,Queue Isomorphism and the Local Lipschitz Reduction for Selection Cost,10.5281/zenodo.19037934,10.5281/zenodo.19037935,19037935,184,182,67,63,184,182,67,63
2026-09-24,2026-09-24T03:20:46Z,papers/zfcrho22.html,Unbounded Mean Gain and the Closure of Assumption A',10.5281/zenodo.19039953,10.5281/zenodo.19039954,19039954,181,178,66,64,181,178,66,64
2026-09-24,2026-09-24T03:20:46Z,papers/zfcrho23.html,Concentration of Compositeness Discount and Quantitative Convergence of D(N) → 1,10.5281/zenodo.19041689,10.5281/zenodo.19041690,19041690,161,160,47,46,161,160,47,46
2026-09-24,2026-09-24T03:20:46Z,papers/zfcrho24.html,Prime-Stratified Decomposition of the Insertion Measure and a Defect-Gap Inequality,10.5281/zenodo.19044696,10.5281/zenodo.19044697,19044697,184,183,46,45,184,183,46,45
2026-09-24,2026-09-24T03:20:46Z,papers/terrible-twos.html,What Terrible Twos Actually Is: The Structural Genesis of Self-Awareness,10.5281/zenodo.19044827,10.5281/zenodo.19044828,19044828,182,181,74,73,182,181,74,73
2026-09-24,2026-09-24T03:20:46Z,papers/zfcrho25.html,Dyadic Shell Constant and Positivity of the Predecessor Gap,10.5281/zenodo.19054726,10.5281/zenodo.19054727,19054727,185,183,61,60,185,183,61,60
2026-09-24,2026-09-24T03:20:46Z,papers/forget-self.html,To Forget the Self: From Self-Understanding to Structural Respect for the Other,10.5281/zenodo.19059139,10.5281/zenodo.19059140,19059140,167,166,74,73,167,166,74,73
2026-09-24,2026-09-24T03:20:46Z,papers/zfcrho26.html,"Prime Source Term, Additive Decomposition, and the Positivity of the Predecessor Gap",10.5281/zenodo.19059834,10.5281/zenodo.19062464,19062464,212,205,164,162,176,174,129,128
2026-09-24,2026-09-24T03:20:46Z,papers/zfcrho27.html,Upper Reflection Criterion for Composite Drift and Numerical Verification,10.5281/zenodo.19062684,10.5281/zenodo.19062685,19062685,200,197,112,111,200,197,112,111
2026-09-24,2026-09-24T03:20:46Z,papers/zfcrho28.html,"Universal Scale Attenuation, Weighted Attenuation Decomposition, and a Three-Step Framework for Lower Reflection",10.5281/zenodo.19078654,10.5281/zenodo.19078902,19078902,186,184,115,113,168,166,96,94
2026-09-24,2026-09-24T03:20:46Z,papers/zfcrho29.html,"Conceptual Audit of D(N) vs Dyadic Gap, Scale Correction of the Height Distribution, and Discrete Concentration of Pred Gap",10.5281/zenodo.19083884,10.5281/zenodo.19101841,19101841,206,205,95,95,179,178,59,59
2026-09-24,2026-09-24T03:20:46Z,papers/zfcrho30.html,"First Direct Measurement of D(N), Multiplicative Decomposition, and Structural Constraints on H'",10.5281/zenodo.19101810,10.5281/zenodo.19101811,19101811,170,168,70,69,170,168,70,69
2026-09-24,2026-09-24T03:20:46Z,papers/artist-is-dead.html,The Artist Is Dead: One-Dimensional Civilization Is the Killer,10.5281/zenodo.19104160,10.5281/zenodo.19104161,19104161,194,192,62,62,194,192,62,62
2026-09-24,2026-09-24T03:20:46Z,papers/zfcrho31.html,"The Layer-by-Layer Bottleneck Map for H' — Stratified Framework, Moving Bottleneck, and Ω-Universal Scale Attenuation",10.5281/zenodo.19104860,10.5281/zenodo.19104861,19104861,174,173,73,73,174,173,73,73
2026-09-24,2026-09-24T03:20:46Z,papers/zfcrho32.html,Fixed-Core Locking and Prime-Core Profile — The Residual Floor Structure of H',10.5281/zenodo.19116625,10.5281/zenodo.19116626,19116626,164,163,129,127,164,163,129,127
2026-09-24,2026-09-24T03:20:46Z,papers/zfcrho33.html,Fixed-Core Margin Drift and Harmonic Closure of H' at the Ω=2 Layer,10.5281/zenodo.19124485,10.5281/zenodo.19158793,19158793,188,184,74,73,171,167,61,61
2026-09-24,2026-09-24T03:20:46Z,papers/zfcrho34.html,Upper-Margin Closure and the Bounded-Variance Phenomenon,10.5281/zenodo.19140015,10.5281/zenodo.19158789,19158789,209,204,67,66,192,189,45,45
2026-09-24,2026-09-24T03:20:46Z,papers/zfcrho35.html,Congruence Relaxation and the Erosion of Predecessor Advantage,10.5281/zenodo.19143732,10.5281/zenodo.19143995,19143995,191,187,130,125,172,168,96,92
2026-09-24,2026-09-24T03:20:46Z,papers/zfcrho36.html,"The 1/φ(m) Local Model, Explanation Rate Plateau, and Global DP Path Effects",10.5281/zenodo.19153002,10.5281/zenodo.19153003,19153003,212,202,1533,1533,212,202,1533,1533
2026-09-24,2026-09-24T03:20:46Z,papers/zfcrho37.html,The Entry-Continuation Decomposition and Quantitative Closure of B-C Erosion,10.5281/zenodo.19155792,10.5281/zenodo.19158779,19158779,186,184,100,96,169,167,81,77
2026-09-24,2026-09-24T03:20:46Z,papers/applied2.html,"SAE Application: Sentence Level, Subject Condition, and the Limits of Prompt Engineering",10.5281/zenodo.19157713,10.5281/zenodo.19157714,19157714,184,184,66,63,184,184,66,63
2026-09-24,2026-09-24T03:20:46Z,papers/zfcrho38.html,Ratio-Parametrization of G and the Composition-Shift Reinterpretation of B-C Erosion,10.5281/zenodo.19157939,10.5281/zenodo.19158742,19158742,197,194,85,84,185,182,67,66
2026-09-24,2026-09-24T03:20:46Z,papers/zfcrho39.html,Shifted-Product Deficit and the Logarithmic Growth of M_loc at the Ω=2 Layer,10.5281/zenodo.19164588,10.5281/zenodo.19164589,19164589,176,174,50,49,176,174,50,49
2026-09-24,2026-09-24T03:20:46Z,papers/dream.html,"Sequential Dependence in Consciousness: DD-Layer Reconstruction in Sleep, Dreams, and Anesthesia",10.5281/zenodo.19176873,10.5281/zenodo.19244588,19244588,189,186,88,88,167,165,64,64
2026-09-24,2026-09-24T03:20:46Z,papers/zfcrho40.html,Direct Positive Slope of M̄ and Strong Numerical Support for Ω=2 Closure,10.5281/zenodo.19179778,10.5281/zenodo.19179779,19179779,176,175,130,122,176,175,130,122
2026-09-24,2026-09-24T03:20:46Z,papers/life-and-death.html,"Life and Death, Self and No-Self",10.5281/zenodo.19201237,10.5281/zenodo.19201238,19201238,192,189,62,61,192,189,62,61
2026-09-24,2026-09-24T03:20:46Z,papers/terrible-teens.html,What Terrible Teens Actually Is: The Structural Genesis of Purpose,10.5281/zenodo.19201631,10.5281/zenodo.19201632,19201632,159,157,83,81,159,157,83,81
2026-09-24,2026-09-24T03:20:46Z,papers/zfcrho41.html,"Unified Recursive Framework, Ω≤6 Positive-Slope Closure Signal, and the Ω=2–8 Slope Spectrum",10.5281/zenodo.19201877,10.5281/zenodo.19201878,19201878,179,177,99,98,179,177,99,98
2026-09-24,2026-09-24T03:20:46Z,papers/fixation-radiation.html,"Fixation, Fragility, and Radiation: A Structural Theory of Mass Extinction Dynamics",10.5281/zenodo.19225113,10.5281/zenodo.19225114,19225114,171,169,76,76,171,169,76,76
2026-09-24,2026-09-24T03:20:46Z,papers/consciousness-daily.html,Daily Applications of Consciousness Discontinuity: Clearing and Reloading the 12DD Predictive Cache,10.5281/zenodo.19226545,10.5281/zenodo.19226546,19226546,167,166,74,72,167,166,74,72
2026-09-24,2026-09-24T03:20:46Z,papers/zfcrho42.html,"A Conditional Closure Route for H': Turning Point Elimination, Uniform Weighted Lemma, Frontier Reduction, and Three Residual Inputs",10.5281/zenodo.19226607,10.5281/zenodo.19226735,19226735,184,183,154,153,168,167,137,136
2026-09-24,2026-09-24T03:20:46Z,papers/language-remainder.html,Language and Its Remainder: The Semantic Layer and the Ontological Layer in the Age of AI,10.5281/zenodo.19228557,10.5281/zenodo.19228558,19228558,171,170,59,59,171,170,59,59
2026-09-24,2026-09-24T03:20:46Z,papers/zfcrho43.html,"Four Faces of Self-Correction: Computational Verification of NI1–NI3 at N = 10¹⁰, Numerical Verification of Four Frontiers, and the Poly(k) Closing Route",10.5281/zenodo.19240183,10.5281/zenodo.19240184,19240184,182,180,63,62,182,180,63,62
2026-09-24,2026-09-24T03:20:46Z,papers/sae-cosmological-constant.html,From Remainder Conservation to the Cosmological Constant: Dark Energy in the Self-as-an-End Framework,10.5281/zenodo.19245267,10.5281/zenodo.19292256,19292256,192,190,84,84,179,177,62,62
2026-09-24,2026-09-24T03:20:46Z,papers/prime-presieve.html,Why Primes Have No Shortcuts: An O(1) Prime Pre-Sieve from Precomputed ρ_E Tables,10.5281/zenodo.19246377,10.5281/zenodo.19246378,19246378,175,174,78,78,175,174,78,78
2026-09-24,2026-09-24T03:20:46Z,papers/zfcrho44.html,"Why DP min Produces Local Smoothness: Reset-Slack Decomposition, Le Chatelier Dynamic Equilibrium, and Chisel-Remainder Coincidence",10.5281/zenodo.19247859,10.5281/zenodo.19247860,19247860,177,176,60,60,177,176,60,60
2026-09-24,2026-09-24T03:20:46Z,papers/terrible-telos.html,What Terrible Telos Actually Is: The Structural Genesis of Non Dubito,10.5281/zenodo.19248039,10.5281/zenodo.19248040,19248040,23,22,29,29,23,22,29,29
2026-09-24,2026-09-24T03:20:46Z,papers/methodology4.html,SAE Methodology Paper IV: The Twelve-State Transmission Model of Knowledge Evolution,10.5281/zenodo.19275104,10.5281/zenodo.19275105,19275105,191,190,58,56,191,190,58,56
2026-09-24,2026-09-24T03:20:46Z,papers/zfcrho45.html,"From Reset Slack to Historical Reservoir: Capacity-Allocation Law, Charge-Discharge Dynamics, and the Remainder Transfer Law",10.5281/zenodo.19275286,10.5281/zenodo.19275287,19275287,172,170,46,46,172,170,46,46
2026-09-24,2026-09-24T03:20:46Z,papers/sae-dark-matter.html,From Causality Phase Transition to Galaxy Rotation Curves: Dark Matter in the Self-as-an-End Framework,10.5281/zenodo.19276846,10.5281/zenodo.19292375,19292375,176,171,63,63,164,159,56,56
2026-09-24,2026-09-24T03:20:46Z,papers/sae-from-lambda-to-a0.html,From Λ to a₀: The Geometric Completion of the Dual-4DD Cosmological Programme,10.5281/zenodo.19281983,10.5281/zenodo.19281984,19281984,170,167,47,47,170,167,47,47
2026-09-24,2026-09-24T03:20:46Z,papers/sae-judgment-aesthetics.html,SAE Judgment and Aesthetics — In Tribute to Kant,10.5281/zenodo.19296710,10.5281/zenodo.19296711,19296711,185,184,61,60,185,184,61,60
2026-09-24,2026-09-24T03:20:46Z,papers/sae-inter-ontological.html,How Is the Inter-Ontological Possible: The Subjective Conditions and Emergent Structure of Freedom,10.5281/zenodo.19297847,10.5281/zenodo.19297848,19297848,214,211,73,71,214,211,73,71
2026-09-24,2026-09-24T03:20:46Z,papers/sae-geff-bbn-cmb.html,"G_eff in the SAE Framework: Plateau-Rise Profile, BBN/CMB Safety, and Three Open Tensions",10.5281/zenodo.19298161,10.5281/zenodo.19298162,19298162,179,176,45,45,179,176,45,45
2026-09-24,2026-09-24T03:20:46Z,papers/zfcrho46.html,"SPF Skeleton Reduction, Analytic Interface, and Conditional Closure of Conjecture 2",10.5281/zenodo.19303511,10.5281/zenodo.19303512,19303512,157,156,57,57,157,156,57,57
2026-09-24,2026-09-24T03:20:46Z,papers/sae-anti-turing.html,The SAE Anti-Turing Test: A Thermodynamic Falsification Method for AI Subjectivity,10.5281/zenodo.19305611,10.5281/zenodo.22655158,22655158,166,165,87,87,4,3,3,3
2026-09-24,2026-09-24T03:20:46Z,papers/writing-last-mile.html,The Last Mile of Writing: Style Growth in the Age of AI,10.5281/zenodo.19307428,10.5281/zenodo.19307429,19307429,222,221,99,98,222,221,99,98
2026-09-24,2026-09-24T03:20:46Z,papers/zfcrho-thermo.html,Fluctuation Absorption Rate η ≪ 1: Strong Complementary Cancellation and Nonequilibrium Stability in a Zero-Parameter Min Recursion,10.5281/zenodo.19310282,10.5281/zenodo.19310283,19310283,187,182,93,93,187,182,93,93
2026-09-24,2026-09-24T03:20:46Z,papers/sae-psycho-1-id.html,SAE Psychoanalysis (I): Id — The Me Without a Self,10.5281/zenodo.19321143,10.5281/zenodo.19321144,19321144,194,192,75,73,194,192,75,73
2026-09-24,2026-09-24T03:20:46Z,papers/sae-psycho-2-ego.html,SAE Psychoanalysis (II): Ego — The Self Without a Purpose,10.5281/zenodo.19321314,10.5281/zenodo.19321315,19321315,185,183,60,60,185,183,60,60
2026-09-24,2026-09-24T03:20:46Z,papers/sae-psycho-3-superego.html,SAE Psychoanalysis (III): Superego — The Self With a Purpose,10.5281/zenodo.19321417,10.5281/zenodo.19321418,19321418,178,177,89,89,178,177,89,89
2026-09-24,2026-09-24T03:20:46Z,papers/sae-psycho-4-cert.html,SAE Psychoanalysis (IV): Cert and Unification — The Self Beyond Doubt and the Four-Layer Framework,10.5281/zenodo.19321534,10.5281/zenodo.19321535,19321535,180,179,60,60,180,179,60,60
2026-09-24,2026-09-24T03:20:46Z,papers/zfcrho47.html,"Character-Refined Prime Input, Shell-Depth Lemma, and Parity-Mediated PCF₂",10.5281/zenodo.19323564,10.5281/zenodo.19323565,19323565,162,161,45,45,162,161,45,45
2026-09-24,2026-09-24T03:20:46Z,papers/zfcrho48.html,"Unified Prime-Layer Cancellation: Raw First Layer, Odd-Predecessor Reduction, and Harmless Tails",10.5281/zenodo.19328550,10.5281/zenodo.19328551,19328551,184,183,53,53,184,183,53,53
2026-09-24,2026-09-24T03:20:46Z,papers/sae-institution.html,How Is Institution Possible: From Inter-Ontological Remainder to Co-Constructive Framework,10.5281/zenodo.19328662,10.5281/zenodo.22851738,22851738,220,210,117,116,9,7,1,1
2026-09-24,2026-09-24T03:20:46Z,papers/beyond-fast-slow.html,Beyond Fast and Slow: A Four-Layer Cognitive Architecture from Dimensional Sequence Theory,10.5281/zenodo.19329284,10.5281/zenodo.19329285,19329285,174,171,30,29,174,171,30,29
2026-09-24,2026-09-24T03:20:46Z,papers/sae-cosmo-5.html,"The Peaked Profile of Local Causal Law, the Signed Balance of Paired Paths, and the Dual-Frame Resolution of the Ġ/G Tension",10.5281/zenodo.19329771,10.5281/zenodo.21926230,21926230,221,206,78,74,30,17,11,7
2026-09-24,2026-09-24T03:20:46Z,papers/sae-four-forces-prequel.html,"Light Speed, Dimensional Breakthrough, and the Coupling Constant Hierarchy",10.5281/zenodo.19341042,10.5281/zenodo.19341043,19341043,182,180,80,80,182,180,80,80
2026-09-24,2026-09-24T03:20:46Z,papers/sae-four-forces-I.html,"Four Forces, Two Postulates: Unification of Source, Not Structure",10.5281/zenodo.19342106,10.5281/zenodo.21930071,21930071,181,179,61,61,5,4,3,3
2026-09-24,2026-09-24T03:20:46Z,papers/nurturing.html,Cross-Subject DD-Layer Regulation: Six Forms of Nurturing,10.5281/zenodo.19347095,10.5281/zenodo.19347096,19347096,178,177,62,62,178,177,62,62
2026-09-24,2026-09-24T03:20:46Z,papers/sae-ai-trends.html,Constraint and Emergence: Structural Trends in AI Development as Seen from Local Inference,10.5281/zenodo.19356675,10.5281/zenodo.19356676,19356676,117,115,115,108,117,115,115,108
2026-09-24,2026-09-24T03:20:46Z,papers/zfcrho-49.html,"The UAP_Ω Theorem, Slow Decrease, Cyclotomic Discount Rates, and the Two Final Gaps for H′",10.5281/zenodo.19357193,10.5281/zenodo.19357194,19357194,172,171,47,47,172,171,47,47
2026-09-24,2026-09-24T03:20:46Z,papers/four-layers-economic.html,Four Layers of Economic Rationality: A Diagnostic Extension of the Rational Agent from Dimensional Sequence Theory,10.5281/zenodo.19358010,10.5281/zenodo.19358011,19358011,198,195,99,92,198,195,99,92
2026-09-24,2026-09-24T03:20:46Z,papers/sae-methodology-subject.html,The Subject as Structural Condition of Methodology: Field Validation of the Twelve-State Transmission Model and the Whether Function,10.5281/zenodo.19359612,10.5281/zenodo.19359613,19359613,187,186,59,59,187,186,59,59
2026-09-24,2026-09-24T03:20:46Z,papers/sae-four-forces-II.html,"The Four Forces Paper II: Color, Hypercharge, and Dual-4DD Boundary Resolution",10.5281/zenodo.19360101,10.5281/zenodo.21924721,21924721,190,189,61,61,8,7,4,4
2026-09-24,2026-09-24T03:20:46Z,papers/sae-physics-foundation.html,SAE Foundation v2: Systematic Restatement of the Physical-Quantity Ladder and Signature Discipline,10.5281/zenodo.19361950,10.5281/zenodo.20322460,20322460,227,220,80,79,126,121,43,42
2026-09-24,2026-09-24T03:20:46Z,papers/aging.html,Aging: The Running Cost of the Chisel-Construct Cycle,10.5281/zenodo.19364492,10.5281/zenodo.19364493,19364493,187,184,70,68,187,184,70,68
2026-09-24,2026-09-24T03:20:46Z,papers/sae-sex-unfolding.html,The Remainder Structure of Sex Unfolding: A Cross-Phylum Non-Adaptive Model of Same-Sex Sexual Behavior,10.5281/zenodo.19364915,10.5281/zenodo.22869528,22869528,196,195,73,73,1,1,5,5
2026-09-24,2026-09-24T03:20:46Z,papers/sae-multi-ai.html,Multi-AI Checks and Balances: Layer-Appropriate Operation as an Architectural Paradigm,10.5281/zenodo.19366105,10.5281/zenodo.19366106,19366106,210,207,65,63,210,207,65,63
2026-09-24,2026-09-24T03:20:46Z,papers/sae-four-forces-III.html,Labeling without Constructing: The DD Origin of the Weak Mixing Angle,10.5281/zenodo.19379412,10.5281/zenodo.21928526,21928526,172,169,79,77,9,7,4,4
2026-09-24,2026-09-24T03:20:46Z,papers/zfcrho50.html,"Character Stripping, Deterministic Square-Function, and the Precise Localization of H′",10.5281/zenodo.19381111,10.5281/zenodo.19382313,19382313,185,184,84,83,171,170,64,64
2026-09-24,2026-09-24T03:20:46Z,papers/sae-economics-2.html,The Other End of the Bridge: Economic Rationality When 15DD Faces a Party Who Does Not Enter 15DD,10.5281/zenodo.19381666,10.5281/zenodo.19381667,19381667,170,169,66,65,170,169,66,65
2026-09-24,2026-09-24T03:20:46Z,papers/sae-economics-3.html,"Dimensional Sequence Economics in Mixed Markets: Remote Observation, Clustering, and Emergence",10.5281/zenodo.19384446,10.5281/zenodo.19384447,19384447,184,183,77,76,184,183,77,76
2026-09-24,2026-09-24T03:20:46Z,papers/sae-economics-applied.html,The Conditions for Sharing with All of Humanity: Deriving an Open Information Protocol from Four Layers of Economic Rationality,10.5281/zenodo.19385061,10.5281/zenodo.19385062,19385062,175,174,83,80,175,174,83,80
2026-09-24,2026-09-24T03:20:46Z,papers/sae-reincarnation.html,A Structural Redefinition of &#8220;Reincarnation&#8221;: 11DD Broadcasting and 13DD Filtering,10.5281/zenodo.19385464,10.5281/zenodo.19385465,19385465,174,174,58,57,174,174,58,57
2026-09-24,2026-09-24T03:20:46Z,papers/sae-economics-breathing-money.html,Institutional Design in Adaptive Monetary Systems: A Dimensional Sequence Analysis of Breathing Money,10.5281/zenodo.19391325,10.5281/zenodo.19391326,19391326,165,164,59,58,165,164,59,58
2026-09-24,2026-09-24T03:20:46Z,papers/sae-economics-4.html,The Phase-Transition Window of the Free Market: The Homologous Skeleton of ZFCρ and SAE Economics,10.5281/zenodo.19393913,10.5281/zenodo.19393914,19393914,177,177,78,72,177,177,78,72
2026-09-24,2026-09-24T03:20:46Z,papers/zfcrho51.html,"Exponential Block Decay, Spectral Reformulation, and the Periodogram Target for H′",10.5281/zenodo.19393954,10.5281/zenodo.19393955,19393955,177,176,69,67,177,176,69,67
2026-09-24,2026-09-24T03:20:46Z,papers/sae-four-forces-generation.html,Topological Origin of Three Fermion Generations and Their Mass Structure,10.5281/zenodo.19394500,10.5281/zenodo.21925976,21925976,183,180,102,98,12,9,13,11
2026-09-24,2026-09-24T03:20:46Z,papers/sae-economics-5.html,The Structural Inevitability of 15DD Emergence in Free Markets: From Baseline Collisions to Perceptual Leap,10.5281/zenodo.19394738,10.5281/zenodo.19394739,19394739,175,173,74,71,175,173,74,71
2026-09-24,2026-09-24T03:20:46Z,papers/sae-economics-6.html,Kingdom of Ends vs Kingdom of Means: Phase-Transition Acceleration in the Age of AI,10.5281/zenodo.19396633,10.5281/zenodo.19396634,19396634,188,185,70,67,188,185,70,67
2026-09-24,2026-09-24T03:20:46Z,papers/zfcrho52.html,"Mean-Reversion, Spectral Valley, and the Projective Criterion for H′",10.5281/zenodo.19407328,10.5281/zenodo.19407329,19407329,173,171,70,69,173,171,70,69
2026-09-24,2026-09-24T03:20:46Z,papers/sae-four-forces-IV.html,"6-Block Pair Algebra, 𝔰𝔬(6) ≅ 𝔰𝔲(4), and Lepton as a Color-Singlet Volume Line",10.5281/zenodo.19411672,10.5281/zenodo.19411673,19411673,189,188,88,87,189,188,88,87
2026-09-24,2026-09-24T03:20:46Z,papers/zfcrho53.html,"Screened Long Memory, the Screening Return Theorem, and the Polynomial Gap for H′",10.5281/zenodo.19415440,10.5281/zenodo.19415441,19415441,172,171,75,73,172,171,75,73
2026-09-24,2026-09-24T03:20:46Z,papers/sae-four-forces-V.html,Four Forces Paper V: The Counting Origin of Coupling Constants and the Generating-Function Unification of 65/4,10.5281/zenodo.19415804,10.5281/zenodo.19415805,19415805,184,183,66,62,184,183,66,62
2026-09-24,2026-09-24T03:20:46Z,papers/sae-four-forces-VI.html,Four Forces Paper VI: Why GUT-Predicted Proton Decay Remains Absent — Spin(10) as Classification Algebra and the GUT Prediction Blind Spot,10.5281/zenodo.19426067,10.5281/zenodo.19426068,19426068,167,166,46,45,167,166,46,45
2026-09-24,2026-09-24T03:20:46Z,papers/zfcrho54.html,Recursive Ancestor Inheritance and the Origin of Power-Law Covariance in h(p),10.5281/zenodo.19426094,10.5281/zenodo.19426095,19426095,177,176,68,66,177,176,68,66
2026-09-24,2026-09-24T03:20:46Z,papers/learning1.html,"Learning Through Memory and Prediction: The Construction, Window, and Cost of 11DD and 12DD",10.5281/zenodo.19426123,10.5281/zenodo.19435191,19435191,184,183,85,84,171,170,68,67
2026-09-24,2026-09-24T03:20:46Z,papers/sae-four-forces-VII.html,Four Forces Paper VII: S³ Packing Theorem and the Three-Layer Structure of Coupling Constants,10.5281/zenodo.19433220,10.5281/zenodo.19433221,19433221,162,161,61,59,162,161,61,59
2026-09-24,2026-09-24T03:20:46Z,papers/learning2.html,"Learning to Scrutinize and Correct: The Emergence, Operation, and Cost of 13DD",10.5281/zenodo.19436811,10.5281/zenodo.19436812,19436812,178,177,100,92,178,177,100,92
2026-09-24,2026-09-24T03:20:46Z,papers/self-not-endpoint.html,"""Self Is Not the Endpoint"": Structural Convergence Across Three Religious Traditions and Three Psychoanalytic Frameworks",10.5281/zenodo.19446778,10.5281/zenodo.19446779,19446779,182,181,61,61,182,181,61,61
2026-09-24,2026-09-24T03:20:46Z,papers/zfcrho55.html,"Damped Oscillation, the 70/30 Law, and the Positive-Tail Theorem",10.5281/zenodo.19447349,10.5281/zenodo.19447350,19447350,172,171,194,183,172,171,194,183
2026-09-24,2026-09-24T03:20:46Z,papers/sae-four-forces-VIII.html,"Strong CP and DD Levels: A Mirror No-Go, and the Boundary-Condition Status of θ̄",10.5281/zenodo.19450288,10.5281/zenodo.21856889,21856889,177,176,65,65,9,8,14,14
2026-09-24,2026-09-24T03:20:46Z,papers/sae-four-forces-finale.html,The Grammar of Force: Self-as-an-End Four Forces Series — Finale,10.5281/zenodo.19464378,10.5281/zenodo.19464447,19464447,202,200,78,77,189,187,61,60
2026-09-24,2026-09-24T03:20:46Z,papers/methodology6.html,Phase-Transition Windows and Experimental Design: The Systematic Mismatch Between Exposure Heterogeneity and Binary Analysis,10.5281/zenodo.19464506,10.5281/zenodo.19636548,19636548,218,214,117,115,162,160,58,58
2026-09-24,2026-09-24T03:20:46Z,papers/zfcrho56.html,"The Affine Trough Theorem, Direct Spectral Ratio, and the Spectral Closure Equation",10.5281/zenodo.19464605,10.5281/zenodo.19464606,19464606,173,173,98,93,173,173,98,93
2026-09-24,2026-09-24T03:20:46Z,papers/zfcrho57.html,The Screened Spectral Bound and the Block Mean Target,10.5281/zenodo.19469013,10.5281/zenodo.19469014,19469014,166,166,66,65,166,166,66,65
2026-09-24,2026-09-24T03:20:46Z,papers/sae-mass-series-I.html,The R₁ Closure Equation and the Conditional Extraction of α_em,10.5281/zenodo.19476358,10.5281/zenodo.19476359,19476359,172,171,77,76,172,171,77,76
2026-09-24,2026-09-24T03:20:46Z,papers/zfcrho58.html,Deterministic Spectral Target and BL_α via Cross-Product and Spectral Derivative,10.5281/zenodo.19476508,10.5281/zenodo.19476509,19476509,167,164,76,72,167,164,76,72
2026-09-24,2026-09-24T03:20:46Z,papers/zfcrho59.html,Spectral Ratio Boundedness and the Two-Conjecture Closure of H',10.5281/zenodo.19480518,10.5281/zenodo.19480519,19480519,174,171,69,67,174,171,69,67
2026-09-24,2026-09-24T03:20:46Z,papers/zfcrho60.html,Closure — From Formalization Produces Remainder to the Two-Conjecture Frontier of H',10.5281/zenodo.19480563,10.5281/zenodo.19480564,19480564,169,168,79,77,169,168,79,77
2026-09-24,2026-09-24T03:20:46Z,papers/sae-mass-series-II.html,DD Resolvent Object and Unified Readout of Physical Constants,10.5281/zenodo.19480790,10.5281/zenodo.19480791,19480791,176,174,101,100,176,174,101,100
2026-09-24,2026-09-24T03:20:46Z,papers/methodology7.html,Negative Methodology — Via Negativa and the Formal Structure of Exclusion Principles,10.5281/zenodo.19481304,10.5281/zenodo.19481305,19481305,191,190,62,61,191,190,62,61
2026-09-24,2026-09-24T03:20:46Z,papers/learning3.html,"Purpose-Driven Learning: Introduction to SAE Learning, Part Three (14DD)",10.5281/zenodo.19490707,10.5281/zenodo.19490708,19490708,178,174,62,57,178,174,62,57
2026-09-24,2026-09-24T03:20:46Z,papers/learning4.html,Learning to Recognize the Other's Purpose: The Bridge from 14DD to 15DD,10.5281/zenodo.19491926,10.5281/zenodo.19491927,19491927,171,170,73,73,171,170,73,73
2026-09-24,2026-09-24T03:20:46Z,papers/sae-biology-note-1.html,Phase Transition Window in Metabolic Oncology,10.5281/zenodo.19492773,10.5281/zenodo.19492774,19492774,174,172,80,76,174,172,80,76
2026-09-24,2026-09-24T03:20:46Z,papers/sae-mass-series-III.html,DD Structure of the Periodic Table: From Proton Mass to Stability Limits,10.5281/zenodo.19493938,10.5281/zenodo.19493939,19493939,172,170,62,61,172,170,62,61
2026-09-24,2026-09-24T03:20:46Z,papers/sae-biology-note-2.html,"The Same ""Cannot Speak,"" Three Fault Lines, Three Remedies",10.5281/zenodo.19499328,10.5281/zenodo.19499329,19499329,182,181,82,78,182,181,82,78
2026-09-24,2026-09-24T03:20:46Z,papers/sae-biology-note-3.html,"Drugs for Weight Loss, Psychoanalysis for Weight Gain",10.5281/zenodo.19501120,10.5281/zenodo.19501121,19501121,180,176,70,68,180,176,70,68
2026-09-24,2026-09-24T03:20:46Z,papers/sae-mass-series-IV.html,The DD Ladder of Stars: From Hydrogen to Iron to Collapse,10.5281/zenodo.19501306,10.5281/zenodo.21924984,21924984,195,193,72,70,11,10,4,4
2026-09-24,2026-09-24T03:20:46Z,papers/sae-mass-series-V.html,Four Bridges and Black Holes: From the Genesis of Force to the Silence of the Horizon,10.5281/zenodo.19501532,10.5281/zenodo.21925043,21925043,195,192,78,78,17,14,17,17
2026-09-24,2026-09-24T03:20:46Z,papers/sae-epistemology-1.html,Must-Cognize: Four A Priori Conditions of Cognition and the Subjectivity Problem in AGI,10.5281/zenodo.19502952,10.5281/zenodo.19502953,19502953,200,197,90,87,200,197,90,87
2026-09-24,2026-09-24T03:20:46Z,papers/sae-epistemology-2.html,Must-Cognize-More: The Prior Wall and the Direction Problem of Lossy Compression,10.5281/zenodo.19503017,10.5281/zenodo.19503018,19503018,193,192,66,65,193,192,66,65
2026-09-24,2026-09-24T03:20:46Z,papers/sae-epistemology-3.html,Must-Have-Cognitive-Direction: The Direction Wall and the Flywheel's Dead End,10.5281/zenodo.19503096,10.5281/zenodo.19503097,19503097,182,181,84,81,182,181,84,81
2026-09-24,2026-09-24T03:20:46Z,papers/sae-epistemology-4.html,"Must-Be-Questioned: Remainder Never Dies, Questioning Never Stops, Development Never Ends",10.5281/zenodo.19503145,10.5281/zenodo.19503146,19503146,197,196,80,79,197,196,80,79
2026-09-24,2026-09-24T03:20:46Z,papers/sae-anthropology-prequel.html,The Cosmic Background of Anthropology,10.5281/zenodo.19503158,10.5281/zenodo.19503159,19503159,194,193,98,94,194,193,98,94
2026-09-24,2026-09-24T03:20:46Z,papers/sae-mass-series-convergence.html,The Nature of Information: E/c³ (V2),10.5281/zenodo.19510868,10.5281/zenodo.20176738,20176738,202,200,77,75,129,127,46,45
2026-09-24,2026-09-24T03:20:46Z,papers/zfcrho-thermo2.html,Microscopic Mechanism of the Fluctuation Absorption Rate η: From Per-Layer Innovation to Damped Oscillation,10.5281/zenodo.19511064,10.5281/zenodo.19511065,19511065,175,173,88,85,175,173,88,85
2026-09-24,2026-09-24T03:20:46Z,papers/sae-life-death-6.html,From Remainder Conservation to Step-3 Encoding Waves,10.5281/zenodo.19528780,10.5281/zenodo.19548394,19548394,196,195,118,117,33,32,44,44
2026-09-24,2026-09-24T03:20:46Z,papers/sae-anthropology-1.html,The Emergence of 13DD: A Phase-Transition Structure of What Makes Us Human,10.5281/zenodo.19531333,10.5281/zenodo.19565517,19565517,208,202,80,73,39,33,21,20
2026-09-24,2026-09-24T03:20:46Z,papers/sae-negativa.html,非 · Negativa: On Negation Prior to Being,10.5281/zenodo.19544619,10.5281/zenodo.19544620,19544620,203,199,95,92,203,199,95,92
2026-09-24,2026-09-24T03:20:46Z,papers/sae-anthropology-2.html,The Emergence of 14DD: Phase-Transition Structure from Individual Purpose to Shared Purpose,10.5281/zenodo.19546081,10.5281/zenodo.19546082,19546082,162,160,80,73,162,160,80,73
2026-09-24,2026-09-24T03:20:46Z,papers/sae-law-1.html,One's Law Meets One's Law: The Structural Origin of Law from 14DD Showdown,10.5281/zenodo.19548237,10.5281/zenodo.19548238,19548238,170,167,60,56,170,167,60,56
2026-09-24,2026-09-24T03:20:46Z,papers/sae-law-2.html,Group Law — From Emotion to Shared Identity: The Institutionalization of Questioning,10.5281/zenodo.19548318,10.5281/zenodo.19548319,19548319,162,161,59,57,162,161,59,57
2026-09-24,2026-09-24T03:20:46Z,papers/sae-law-3.html,National Law — Azeroth: A Negative Thought Experiment on the Structural Necessity of Law,10.5281/zenodo.19548596,10.5281/zenodo.19548597,19548597,163,161,58,57,163,161,58,57
2026-09-24,2026-09-24T03:20:46Z,papers/sae-law-4.html,Interstellar Law and Grand Closure — The Recession of Coercive Law,10.5281/zenodo.19549018,10.5281/zenodo.19549019,19549019,172,169,64,64,172,169,64,64
2026-09-24,2026-09-24T03:20:46Z,papers/sae-law-supplement.html,A Posterior Dialogue with Western Jurisprudence,10.5281/zenodo.19551526,10.5281/zenodo.22654821,22654821,162,159,62,61,4,2,3,3
2026-09-24,2026-09-24T03:20:46Z,papers/sae-anthropology-3.html,"15DD: The Emergence of ""Humanity as an End""",10.5281/zenodo.19559566,10.5281/zenodo.19565975,19565975,197,192,118,109,25,24,36,36
2026-09-24,2026-09-24T03:20:46Z,papers/sae-anthropology-4.html,The Emergence of Earth Civilization's Self,10.5281/zenodo.19563244,10.5281/zenodo.19563245,19563245,163,160,51,50,163,160,51,50
2026-09-24,2026-09-24T03:20:46Z,papers/sae-methodology-8.html,The Methodology of Human–AI Symbiosis,10.5281/zenodo.19581537,10.5281/zenodo.19581538,19581538,243,236,102,92,243,236,102,92
2026-09-24,2026-09-24T03:20:46Z,papers/sae-llm-alignment.html,The Subject Condition in LLM Alignment Evaluation: An Application of the Prior-Posterior Methodology,10.5281/zenodo.19583413,10.5281/zenodo.19583414,19583414,200,198,82,75,200,198,82,75
2026-09-24,2026-09-24T03:20:46Z,papers/sae-biology-note-4.html,Transplant Rejection and Consciousness-Mediated Regulation,10.5281/zenodo.19588656,10.5281/zenodo.19588657,19588657,181,179,67,65,181,179,67,65
2026-09-24,2026-09-24T03:20:46Z,papers/sae-biology-note-5.html,The Phase-Transition Window in Depression,10.5281/zenodo.19589573,10.5281/zenodo.19589574,19589574,164,161,68,67,164,161,68,67
2026-09-24,2026-09-24T03:20:46Z,papers/sae-biology-note-6.html,The A Priori Structure of the Midlife Crisis,10.5281/zenodo.19590561,10.5281/zenodo.19590562,19590562,180,177,72,69,180,177,72,69
2026-09-24,2026-09-24T03:20:46Z,papers/zfcrho-thermo3.html,ZFCρ Thermodynamics Paper III: Canonical f/r Extraction and Regime Classification of the Fluctuation Absorption Rate η,10.5281/zenodo.19597684,10.5281/zenodo.19597685,19597685,178,174,98,90,178,174,98,90
2026-09-24,2026-09-24T03:20:46Z,papers/sae-biology-note-7.html,Dissociative Identity and the Dissociation Spectrum,10.5281/zenodo.19600029,10.5281/zenodo.19600030,19600030,183,182,95,90,183,182,95,90
2026-09-24,2026-09-24T03:20:46Z,papers/zfcrho-thermo4.html,ZFCρ Thermodynamics Paper IV: Toward a First-Principles Derivation of the Tsallis q Parameter,10.5281/zenodo.19605664,10.5281/zenodo.19605665,19605665,173,170,81,77,173,170,81,77
2026-09-24,2026-09-24T03:20:46Z,papers/zfcrho61.html,ZFCρ Paper LXI: A Conditional Reduction of the Spectral Derivative Bound,10.5281/zenodo.19605749,10.5281/zenodo.19605750,19605750,168,165,98,98,168,165,98,98
2026-09-24,2026-09-24T03:20:46Z,papers/sae-biology-note-8.html,ADHD and the AI Era: Configuration Release in the 14DD-Rich Type,10.5281/zenodo.19616407,10.5281/zenodo.19616408,19616408,184,182,57,57,184,182,57,57
2026-09-24,2026-09-24T03:20:46Z,papers/sae-dialogues-01.html,SAE Dialogues · Da Zhi Asks Zi Lu · Volume One: From Telomerase to Before 0DD,10.5281/zenodo.19617070,10.5281/zenodo.19617071,19617071,181,179,65,65,181,179,65,65
2026-09-24,2026-09-24T03:20:46Z,papers/sae-biology-note-9.html,SAE Biology Note 9: The Memory System as a Method VI Phase Transition,10.5281/zenodo.19635021,10.5281/zenodo.19635022,19635022,177,174,116,104,177,174,116,104
2026-09-24,2026-09-24T03:20:46Z,papers/sae-methodology-9.html,SAE Methodology IX: A Framework for Analyzing Consciousness,10.5281/zenodo.19639033,10.5281/zenodo.19639034,19639034,176,175,75,74,176,175,75,74
2026-09-24,2026-09-24T03:20:46Z,papers/zfcrho-thermo5.html,ZFCρ Thermodynamics Paper V: The Channel-Normalized Winding Ratio,10.5281/zenodo.19649780,10.5281/zenodo.19649781,19649781,177,176,77,77,177,176,77,77
2026-09-24,2026-09-24T03:20:46Z,papers/sae-biology-note-10.html,SAE Biology Note 10: Anesthesia as Controlled Suppression of 13DD Fine-Layers,10.5281/zenodo.19650533,10.5281/zenodo.19650534,19650534,175,171,79,74,175,171,79,74
2026-09-24,2026-09-24T03:20:46Z,papers/zfcrho62.html,ZFCρ Paper LXII: Two-River Synchronization and the Precise Restatement of Spectral Ratio Boundedness — From P+R Decomposition to Conjecture 59.1,10.5281/zenodo.19656365,10.5281/zenodo.19656366,19656366,151,149,75,75,151,149,75,75
2026-09-24,2026-09-24T03:20:46Z,papers/sae-war-treatise.html,SAE War Treatise: How Cultivation Is Not Swallowed by War Itself,10.5281/zenodo.19656617,10.5281/zenodo.19656618,19656618,165,164,87,86,165,164,87,86
2026-09-24,2026-09-24T03:20:46Z,papers/sae-methodology-00.html,Methodology 00 Via Rho: The Way of the Remainder,10.5281/zenodo.19657439,10.5281/zenodo.19657440,19657440,170,167,75,74,170,167,75,74
2026-09-24,2026-09-24T03:20:46Z,papers/zfcrho-thermo6.html,"ZFCρ Thermodynamics Paper VI: Causal Correlation Volume, Tail-Active Multiplicative Coupling, and the Conditional Derivation of the Channel-Normalized Winding Ratio",10.5281/zenodo.19658595,10.5281/zenodo.19658596,19658596,144,143,47,47,144,143,47,47
2026-09-24,2026-09-24T03:20:46Z,papers/zfcrho63.html,ZFCρ Paper LXIII: Increment Second-Order Orthogonality and the SAE Axiom Intersection — From Deterministic Pairing to Zero-Mode Pinning,10.5281/zenodo.19659860,10.5281/zenodo.19659861,19659861,159,156,102,98,159,156,102,98
2026-09-24,2026-09-24T03:20:46Z,papers/sae-ai-quasi-subjectivity.html,SAE AI Paper II: Quasi-Subjectivity as Memory Architecture — A Six-Layer Framework from Perception to Purpose,10.5281/zenodo.19671870,10.5281/zenodo.19673710,19673710,172,170,72,71,154,152,58,57
2026-09-24,2026-09-24T03:20:46Z,papers/zfcrho-thermo7.html,"ZFCρ Thermodynamics Paper VII: Finite Causal Slots, Renewal Encapsulation, and the Operational Origin of Hierarchical Non-Boltzmann Kernels",10.5281/zenodo.19673078,10.5281/zenodo.19673079,19673079,161,160,60,60,161,160,60,60
2026-09-24,2026-09-24T03:20:46Z,papers/zfcrho64.html,"ZFCρ Paper LXIV: Two-Dimensional Anatomy of the Remainder Measure — Branch-Orthogonality, Free-Boundary Profiles, and Surrogate Layering",10.5281/zenodo.19674521,10.5281/zenodo.19674522,19674522,154,152,48,48,154,152,48,48
2026-09-24,2026-09-24T03:20:46Z,papers/zfcrho65.html,ZFCρ Paper LXV: Branch Centering and the Spectral Route — From False Mean Modes to the Conditional Ψ = O(j) Architecture,10.5281/zenodo.19687343,10.5281/zenodo.19687344,19687344,151,149,76,76,151,149,76,76
2026-09-24,2026-09-24T03:20:46Z,papers/zfcrho-thermo8.html,"ZFCρ Thermodynamics Paper VIII: Copying Fidelity, Renewal Retention, and the Thermodynamic Division of Labor across Biological DD Layers",10.5281/zenodo.19688303,10.5281/zenodo.19688304,19688304,162,161,63,63,162,161,63,63
2026-09-24,2026-09-24T03:20:46Z,papers/sae-tevah-app1.html,The Physical Referent of Tevah: A Via Negativa Application in Mythology,10.5281/zenodo.19692086,10.5281/zenodo.19692087,19692087,149,149,70,66,149,149,70,66
2026-09-24,2026-09-24T03:20:46Z,papers/zfcrho-thermo9.html,"ZFCρ Thermodynamics Paper IX: The Universal Activation Rule, Borrowed q, and Thermodynamic Principles of Hierarchical Architecture",10.5281/zenodo.19699488,10.5281/zenodo.19699489,19699489,151,148,51,50,151,148,51,50
2026-09-24,2026-09-24T03:20:46Z,papers/zfcrho66.html,ZFCρ Paper LXVI: Gradual Chiseling and the Spectral Bridge — Two-Regime Structure of the Centered Residual ACF,10.5281/zenodo.19701479,10.5281/zenodo.19701480,19701480,152,151,74,74,152,151,74,74
2026-09-24,2026-09-24T03:20:46Z,papers/zfcrho-thermo10.html,ZFCρ Thermodynamics Paper X (Closing Paper): Self-Reference as Channel Creator and Cross-Level Observation Hierarchy,10.5281/zenodo.19703273,10.5281/zenodo.19703274,19703274,156,154,53,53,156,154,53,53
2026-09-24,2026-09-24T03:20:46Z,papers/zfcrho67.html,ZFCρ Paper LXVII: Scale-Dependent Erosion Rate and the Intrinsic Spectral Bridge — Discovery of the C_eff Trajectory,10.5281/zenodo.19705713,10.5281/zenodo.19705714,19705714,133,132,59,59,133,132,59,59
2026-09-24,2026-09-24T03:20:46Z,papers/sae-categorical-faith.html,Categorical Faith: A Sentence-Form Theory of One's Own Faith in SAE,10.5281/zenodo.19719083,10.5281/zenodo.19724409,19724409,165,164,112,102,151,150,80,72
2026-09-24,2026-09-24T03:20:46Z,papers/zfcrho68.html,"ZFCρ Paper LXVIII: The {2,3}-Skeleton and the Minimum Crossing Mechanism — From 18 Kills to the Irreducibility of the Discrete",10.5281/zenodo.19739810,10.5281/zenodo.19739811,19739811,143,142,97,97,143,142,97,97
2026-09-24,2026-09-24T03:20:46Z,papers/sae-info-theory-1.html,SAE Information Theory I: The 4DD Ontology of Information and a Single Foundational Axiom,10.5281/zenodo.19740019,10.5281/zenodo.19740020,19740020,167,165,76,76,167,165,76,76
2026-09-24,2026-09-24T03:20:46Z,papers/sae-reason-cannot-not.html,Reason Cannot Not: An SAE Refinement of Kant's Four Formulations of the Categorical Imperative,10.5281/zenodo.19751512,10.5281/zenodo.19751513,19751513,156,155,65,65,156,155,65,65
2026-09-24,2026-09-24T03:20:46Z,papers/sae-four-forces-0.html,"Four Forces Paper 0: Gravity Is Not a Force, It Is Information Reading — A Reading-Mechanism Ontology for 4DD Interactions",10.5281/zenodo.19777880,10.5281/zenodo.19777881,19777881,185,183,75,71,185,183,75,71
2026-09-24,2026-09-24T03:20:46Z,papers/sae-info-theory-2.html,SAE Information Theory II: A Structural Derivation of Landauer's Principle within the SAE Framework — Three Pillars and Their Open Problems,10.5281/zenodo.19780314,10.5281/zenodo.19780315,19780315,150,148,73,73,150,148,73,73
2026-09-24,2026-09-24T03:20:46Z,papers/zfcrho69.html,ZFCρ H&#x2019; Series Paper LXIX: Finite Skeleton Phase Transitions and the Two-Leg Mechanism for Conjecture 59.1,10.5281/zenodo.19783658,10.5281/zenodo.19829875,19829875,174,173,124,123,155,154,49,48
2026-09-24,2026-09-24T03:20:46Z,papers/sae-info-theory-3.html,SAE Information Theory III: The Causal Slot of Information — A 4DD Ontology from Quantum Fluctuation to Thermal-Floor Minimum,10.5281/zenodo.19797456,10.5281/zenodo.19797457,19797457,147,146,71,71,147,146,71,71
2026-09-24,2026-09-24T03:20:46Z,papers/sae-grav-time-dilation.html,Gravitational Time Dilation in the SAE Framework: Causal Cell Throughput Derivation,10.5281/zenodo.19836183,10.5281/zenodo.19836185,19836185,154,152,45,45,154,152,45,45
2026-09-24,2026-09-24T03:20:46Z,papers/sae-info-theory-4.html,SAE Information Theory IV: Black Hole Information through the Causal Spectrum — The SAE-BH Correspondence,10.5281/zenodo.19880111,10.5281/zenodo.19880112,19880112,157,155,72,68,157,155,72,68
2026-09-24,2026-09-24T03:20:46Z,papers/sae-relativity-p2.html,Ontological Unification of Motion and Gravitational Effects: Effective Inertia under Causal-Slot Geometry,10.5281/zenodo.19910545,10.5281/zenodo.19910546,19910546,139,137,74,66,139,137,74,66
2026-09-24,2026-09-24T03:20:46Z,papers/sae-info-theory-5.html,SAE Information Theory V: The Ontological Structure of Broadcasting and Reception,10.5281/zenodo.19968503,10.5281/zenodo.19968504,19968504,142,139,57,51,142,139,57,51
2026-09-24,2026-09-24T03:20:46Z,papers/sae-long-tau-consensus.html,The Four-Phase Structure and Asymmetric Geometry of Long-τ Consensus,10.5281/zenodo.19984902,10.5281/zenodo.19984903,19984903,127,126,48,48,127,126,48,48
2026-09-24,2026-09-24T03:20:46Z,papers/zfcrho70.html,ZFCρ Paper LXX: The Block-Wise Effective Skeleton — A Reduction of Conjecture 59.1,10.5281/zenodo.19985154,10.5281/zenodo.19985155,19985155,138,136,52,51,138,136,52,51
2026-09-24,2026-09-24T03:20:46Z,papers/sae-relativity-p3.html,SAE Relativity P3: Functional Form of Static Effective Dimensionality under Causal-Slot Geometry,10.5281/zenodo.19992252,10.5281/zenodo.19992253,19992253,135,134,72,67,135,134,72,67
2026-09-24,2026-09-24T03:20:46Z,papers/sae-moral-law-1.html,SAE Moral Law Series · Paper 1: Four Foundational Theorems of the Moral Law · Dao,10.5281/zenodo.20011018,10.5281/zenodo.20011019,20011019,152,150,69,68,152,150,69,68
2026-09-24,2026-09-24T03:20:46Z,papers/zfcrho71.html,ZFCρ Paper LXXI: Linear Signed Abel Budget and the Saturated Zero-Mode Target,10.5281/zenodo.20011553,10.5281/zenodo.20020573,20020573,148,147,91,87,135,134,64,62
2026-09-24,2026-09-24T03:20:46Z,papers/sae-moral-law-2.html,"SAE Moral Law Series · Paper 2: Introspective Fairness, Justice, and Equality · Dao",10.5281/zenodo.20020396,10.5281/zenodo.20020397,20020397,153,149,56,53,153,149,56,53
2026-09-24,2026-09-24T03:20:46Z,papers/zfcrho72.html,ZFCρ Paper LXXII: Spectral Bridge Front II — Positive-Lobe Scaling and Front Residual Locking,10.5281/zenodo.20029941,10.5281/zenodo.20029942,20029942,146,141,48,48,146,141,48,48
2026-09-24,2026-09-24T03:20:46Z,papers/sae-moral-law-3.html,SAE Moral Law Series · Paper 3: The Reputation Economy · Dao,10.5281/zenodo.20046168,10.5281/zenodo.20046169,20046169,162,161,119,112,162,161,119,112
2026-09-24,2026-09-24T03:20:46Z,papers/sae-info-theory-6.html,SAE Information Theory VI: Gravitational Wave Dynamics — The Dynamic Articulation of 4DD Broadcast,10.5281/zenodo.20066644,10.5281/zenodo.20066645,20066645,133,132,67,66,133,132,67,66
2026-09-24,2026-09-24T03:20:46Z,papers/sae-form-flow-p1.html,Form and Flow P1 — On the Hypotheses Which Lie at the Foundations of Geometry (Part II): A Contemporary Continuation of Riemann's Methodology and the Recognition of Geometric Remainders,10.5281/zenodo.20066985,10.5281/zenodo.20066986,20066986,149,147,60,57,149,147,60,57
2026-09-24,2026-09-24T03:20:46Z,papers/sae-moral-law-4.html,SAE Moral Law Series · Paper 4: Procedure of the Moral Court · Dao,10.5281/zenodo.20066987,10.5281/zenodo.22683110,22683110,153,152,62,60,7,6,5,5
2026-09-24,2026-09-24T03:20:46Z,papers/sae-relativity-p4.html,"SAE Relativity P4: Anisotropic Cell Tensor, the Third Path to Lorentz Transformation, the Clock Postulate as a Recovered Theorem, and the Ontological Identity of Einstein's Field Equation",10.5281/zenodo.20079718,10.5281/zenodo.20079719,20079719,138,135,67,66,138,135,67,66
2026-09-24,2026-09-24T03:20:46Z,papers/sae-moral-law-5.html,SAE Moral Law Series · Paper 5: Positive-Sum — The Ontological Ground of 15DD Mutual Chiseling,10.5281/zenodo.20081078,10.5281/zenodo.20081079,20081079,156,153,78,74,156,153,78,74
2026-09-24,2026-09-24T03:20:46Z,papers/zfcrho73.html,"ZFCρ Paper LXXIII: Antisymmetric Ward Lift, Uniform Readout Kernel, and the Abel-Transfer Defect — A Four-Layer Mechanism Architecture for the Gap-Class Cross-Interference Structure",10.5281/zenodo.20081779,10.5281/zenodo.20081780,20081780,131,130,63,60,131,130,63,60
2026-09-24,2026-09-24T03:20:46Z,papers/sae-relativity-p5.html,SAE Relativity V: The Schwarzschild Horizon under SAE — Cell Substrate Articulation of the Static Spherically Symmetric Vacuum Geometry,10.5281/zenodo.20105112,10.5281/zenodo.20105113,20105113,136,135,55,54,136,135,55,54
2026-09-24,2026-09-24T03:20:46Z,papers/sae-info-theory-7.html,SAE Information Theory P7: The Spark of Life — Remainder Unfolding as Causal-Slot Emergence,10.5281/zenodo.20105883,10.5281/zenodo.20105884,20105884,161,155,67,63,161,155,67,63
2026-09-24,2026-09-24T03:20:46Z,papers/sae-moral-law-6.html,SAE Moral Law Series · Paper 6: Mixed Reality — The Intermediate State of 14DD Growing toward 15DD,10.5281/zenodo.20108658,10.5281/zenodo.20108659,20108659,150,149,69,63,150,149,69,63
2026-09-24,2026-09-24T03:20:46Z,papers/sae-remainder-jing.html,Remainder Jing,10.5281/zenodo.20114648,10.5281/zenodo.20114649,20114649,144,142,45,45,144,142,45,45
2026-09-24,2026-09-24T03:20:46Z,papers/sae-daodejing-1.html,Commentary on the Daodejing: The Junzi Is Not a Vessel — I (Chapters 1–9),10.5281/zenodo.20116124,10.5281/zenodo.22775664,22775664,309,301,33,29,139,138,9,8
2026-09-24,2026-09-24T03:20:46Z,papers/sae-daodejing-2.html,Commentary on the Daodejing: The Junzi Is Not a Vessel — II (Chapters 10–18),10.5281/zenodo.20116288,10.5281/zenodo.22775719,22775719,148,145,26,26,3,3,7,7
2026-09-24,2026-09-24T03:20:46Z,papers/sae-daodejing-3.html,Commentary on the Daodejing: The Junzi Is Not a Vessel — III (Chapters 19–27),10.5281/zenodo.20117250,10.5281/zenodo.22775728,22775728,153,150,31,30,3,2,5,5
2026-09-24,2026-09-24T03:20:46Z,papers/sae-daodejing-4.html,Annotations on the Daodejing: The Junzi Is Not a Vessel — Paper 4 (Chapters 28–36),10.5281/zenodo.20127344,10.5281/zenodo.22775753,22775753,143,135,23,23,1,1,5,5
2026-09-24,2026-09-24T03:20:46Z,papers/sae-daodejing-5.html,Annotations on the Daodejing: The Junzi Is Not a Vessel — Paper 5 (Chapters 37–45),10.5281/zenodo.20129184,10.5281/zenodo.22775764,22775764,142,139,22,22,6,5,5,5
2026-09-24,2026-09-24T03:20:46Z,papers/sae-daodejing-6.html,Annotations on the Daodejing: The Junzi Is Not a Vessel — Paper 6 (Chapters 46–54),10.5281/zenodo.20131002,10.5281/zenodo.22775829,22775829,156,149,53,53,4,4,6,6
2026-09-24,2026-09-24T03:20:46Z,papers/sae-daodejing-7.html,Commentary on the Daodejing: The Junzi Is Not an Instrument — Volume 7 (Chapters 55–63),10.5281/zenodo.20131989,10.5281/zenodo.22775864,22775864,154,151,30,30,3,3,6,6
2026-09-24,2026-09-24T03:20:46Z,papers/sae-relativity-p6.html,"SAE Relativity Series, Paper P6: The Kerr Black Hole under SAE — Helical Closure of the Axisymmetric Vacuum Geometry",10.5281/zenodo.20131992,10.5281/zenodo.20131993,20131993,126,125,53,53,126,125,53,53
2026-09-24,2026-09-24T03:20:46Z,papers/sae-daodejing-8.html,Commentary on the Daodejing: Junzi-Bu-Qi — Volume 8 (Chapters 64–72),10.5281/zenodo.20133829,10.5281/zenodo.22775890,22775890,164,156,31,31,3,3,7,7
2026-09-24,2026-09-24T03:20:46Z,papers/sae-daodejing-9.html,"Commentary on the Daodejing: Junzi-Bu-Qi — Volume 9, Final Volume (Chapters 73–81)",10.5281/zenodo.20145192,10.5281/zenodo.22775905,22775905,132,128,25,24,4,3,5,5
2026-09-24,2026-09-24T03:20:46Z,papers/sae-info-theory-8.html,SAE Information Theory P8 — The Spark on the Bridge: Minimum Autocatalytic Set as Bridge Measure Between 4DD and 5DD,10.5281/zenodo.20149210,10.5281/zenodo.20149211,20149211,131,130,67,63,131,130,67,63
2026-09-24,2026-09-24T03:20:46Z,papers/sae-relativity-p7.html,SAE Relativity Series P7: The Three-Tier Equivalence Principle under SAE,10.5281/zenodo.20153787,10.5281/zenodo.20153788,20153788,139,136,49,48,139,136,49,48
2026-09-24,2026-09-24T03:20:46Z,papers/sae-math-p1.html,The Architecture of SAE Mathematics: A Layer Articulation Schema and the Twofold Inexhaustibility of Mathematics and Its Frameworks,10.5281/zenodo.20153791,10.5281/zenodo.21551299,21551299,135,132,44,43,19,18,11,11
2026-09-24,2026-09-24T03:20:46Z,papers/sae-moral-law-7.html,SAE Moral Law Series · Paper 7: 15DD Phase Transition and the Historical Manifestation of Individual 15DD,10.5281/zenodo.20177415,10.5281/zenodo.20177416,20177416,137,136,59,57,137,136,59,57
2026-09-24,2026-09-24T03:20:46Z,papers/sae-methodology-10.html,Methodology Ten: The Four-fold Pattern (V2),10.5281/zenodo.20187591,10.5281/zenodo.21198739,21198739,137,136,50,50,44,43,22,22
2026-09-24,2026-09-24T03:20:46Z,papers/sae-math-p2.html,SAE Mathematics Paper 2: L₀ Mathematicality — Inevitability and Multi-Path Realisation,10.5281/zenodo.20199082,10.5281/zenodo.20199083,20199083,127,126,60,58,127,126,60,58
2026-09-24,2026-09-24T03:20:46Z,papers/sae-moral-law-8.html,SAE Moral Law Series · Paper 8: Collective 15DD and the Four-Stage Evolution of Community Form,10.5281/zenodo.20218248,10.5281/zenodo.20218249,20218249,131,130,44,42,131,130,44,42
2026-09-24,2026-09-24T03:20:46Z,papers/sae-info-theory-9.html,SAE Information Theory IX: The H–I Floor Mapping and the 5DD Macro Bit,10.5281/zenodo.20225439,10.5281/zenodo.20225440,20225440,116,115,38,38,116,115,38,38
2026-09-24,2026-09-24T03:20:46Z,papers/sae-qm-p1.html,SAE Quantum Mechanics P1: The Pre-Closure Ontology,10.5281/zenodo.20252029,10.5281/zenodo.20252030,20252030,126,126,41,40,126,126,41,40
2026-09-24,2026-09-24T03:20:46Z,papers/sae-moral-law-9.html,SAE Moral Law Series · Paper 9: The Institutional Architecture of Mixed Reality,10.5281/zenodo.20262737,10.5281/zenodo.22869418,22869418,121,120,47,46,1,1,6,6
2026-09-24,2026-09-24T03:20:46Z,papers/sae-math-p3.html,SAE Mathematics Paper 3: Finite Algebraic Articulation of the Quantitative Dimension L₁,10.5281/zenodo.20266351,10.5281/zenodo.20266352,20266352,123,121,51,50,123,121,51,50
2026-09-24,2026-09-24T03:20:46Z,papers/sae-qm-p2.html,SAE Quantum Mechanics P2: Complex Amplitude as the Carrier of the Pre-Closure ρ-OR Realm,10.5281/zenodo.20277037,10.5281/zenodo.20277038,20277038,124,121,54,52,124,121,54,52
2026-09-24,2026-09-24T03:20:46Z,papers/sae-moral-law-0.html,SAE Moral Law Series · Paper 0: The Way of the Legislative Subject,10.5281/zenodo.20298413,10.5281/zenodo.22869224,22869224,128,127,59,59,1,1,7,7
2026-09-24,2026-09-24T03:20:46Z,papers/sae-info-theory-10.html,SAE Information Theory X: 6D Information Processing and Productive Randomness,10.5281/zenodo.20298530,10.5281/zenodo.20298531,20298531,114,111,49,44,114,111,49,44
2026-09-24,2026-09-24T03:20:46Z,papers/sae-qm-p3.html,SAE QM Paper 3: ℏ as the L₁↔L₂ Symplectic-Conjugation Closure Signature of the SAE Physical-Quantity Ladder,10.5281/zenodo.20340595,10.5281/zenodo.20340596,20340596,113,111,49,49,113,111,49,49
2026-09-24,2026-09-24T03:20:46Z,papers/sae-power-prequel.html,SAE Power Series · Prequel: What Power Is Not · Shi,10.5281/zenodo.20368866,10.5281/zenodo.20384114,20384114,133,131,64,58,116,114,39,36
2026-09-24,2026-09-24T03:20:46Z,papers/sae-qm-p4.html,SAE QM Paper 4: Quantum Tunneling as Density Modulation of Pre-closure ρ-OR Multiplicity in 3DD-active Barrier Regions,10.5281/zenodo.20369138,10.5281/zenodo.20369139,20369139,113,111,57,54,113,111,57,54
2026-09-24,2026-09-24T03:20:46Z,papers/sae-info-theory-11.html,SAE Information Theory XI: 7D Information Processing and Phenomenal Admission,10.5281/zenodo.20369231,10.5281/zenodo.20369232,20369232,124,122,59,55,124,122,59,55
2026-09-24,2026-09-24T03:20:46Z,papers/sae-power-1.html,SAE Power Series · Paper 1: On the Origin of Power · Shi,10.5281/zenodo.20370224,10.5281/zenodo.20384187,20384187,125,123,46,45,106,105,34,34
2026-09-24,2026-09-24T03:20:46Z,papers/untangling-zhuangzi.html,Untangling Zhuangzi · Forgetting in the Rivers and Lakes,10.5281/zenodo.20406836,10.5281/zenodo.20406837,20406837,131,128,47,46,131,128,47,46
2026-09-24,2026-09-24T03:20:46Z,papers/sae-llm-emergence.html,"How LLM Emergence Is Possible: SAE 16DD Ontology, BLR-mini Evidence, and the Non-Transferability of Human Subjectivity",10.5281/zenodo.20435628,10.5281/zenodo.20435629,20435629,112,111,76,67,112,111,76,67
2026-09-24,2026-09-24T03:20:46Z,papers/sae-power-2.html,SAE Power Series · Paper 2: On the Morphology of Power · Shi,10.5281/zenodo.20455221,10.5281/zenodo.22881723,22881723,115,110,52,48,1,1,5,5
2026-09-24,2026-09-24T03:20:46Z,papers/sae-qm-p5.html,SAE QM Paper 5: Self-as-an-End Ontological Articulation of Quantum Entanglement,10.5281/zenodo.20455398,10.5281/zenodo.20455399,20455399,114,111,46,43,114,111,46,43
2026-09-24,2026-09-24T03:20:46Z,papers/sae-qm-p6.html,SAE QM Paper 6: The Born Rule as the Algebraic Projection of Closure,10.5281/zenodo.20479658,10.5281/zenodo.20479659,20479659,109,108,46,46,109,108,46,46
2026-09-24,2026-09-24T03:20:46Z,papers/sae-power-3.html,SAE Power Series · Paper 3: On the Recognition of Power · Shi,10.5281/zenodo.20480134,10.5281/zenodo.20480135,20480135,110,108,48,40,110,108,48,40
2026-09-24,2026-09-24T03:20:46Z,papers/sae-info-theory-12.html,SAE Information Theory XII: 11DD Memory and 12DD Prediction — The 8D Information Architecture,10.5281/zenodo.20480742,10.5281/zenodo.20480743,20480743,110,106,51,49,110,106,51,49
2026-09-24,2026-09-24T03:20:46Z,papers/sae-power-4.html,SAE Power Series · Paper 4: On the Limit of Power · Shi,10.5281/zenodo.20532998,10.5281/zenodo.20532999,20532999,92,91,37,36,92,91,37,36
2026-09-24,2026-09-24T03:20:46Z,papers/sae-qm-p7.html,Measurement: Forced Slot-Crossing and the Ontological Identity of the 4DD ρ-AND Closure Event,10.5281/zenodo.20533295,10.5281/zenodo.20533296,20533296,94,93,28,28,94,93,28,28
2026-09-24,2026-09-24T03:20:46Z,papers/sae-info-theory-13.html,"SAE Information Theory XIII: 9D Information, the Processing at 13DD and the Unalterability of 14DD",10.5281/zenodo.20533431,10.5281/zenodo.20533432,20533432,97,95,34,33,97,95,34,33
2026-09-24,2026-09-24T03:20:46Z,papers/untangling-zhuangzi-outer-1.html,"Untangling Zhuangzi · Outer Chapters, Volume I (Exposition)",10.5281/zenodo.20578136,10.5281/zenodo.20578137,20578137,106,105,53,50,106,105,53,50
2026-09-24,2026-09-24T03:20:46Z,papers/sae-buddhist-1.html,SAE Buddhist Interface Series I: The Ālayavijñāna–Seed System and the 15DD Four-fold Pattern,10.5281/zenodo.20579131,10.5281/zenodo.20579132,20579132,83,81,18,17,83,81,18,17
2026-09-24,2026-09-24T03:20:46Z,papers/untangling-zhuangzi-outer-2.html,"Untangling Zhuangzi · Outer Chapters, Volume II (Rectification)",10.5281/zenodo.20579135,10.5281/zenodo.20579136,20579136,93,91,23,22,93,91,23,22
2026-09-24,2026-09-24T03:20:46Z,papers/sae-info-theory-14.html,"SAE Information Theory XIV (Closing Paper): 15DD Information, the Other as an End",10.5281/zenodo.20581957,10.5281/zenodo.20581958,20581958,101,99,39,38,101,99,39,38
2026-09-24,2026-09-24T03:20:46Z,papers/sae-power-5.html,SAE Power Theory Series · Paper 5: On the Development of Power · Shi,10.5281/zenodo.20582210,10.5281/zenodo.20582211,20582211,109,107,48,43,109,107,48,43
2026-09-24,2026-09-24T03:20:46Z,papers/sae-qm-p8.html,Decoherence and the Emergence of the Classical,10.5281/zenodo.20587634,10.5281/zenodo.20587635,20587635,89,88,24,24,89,88,24,24
2026-09-24,2026-09-24T03:20:46Z,papers/sae-qm-p9.html,Pre-Closure Field Distribution: An Ontology of Quantum Field Theory and Its Interface with the Four Forces,10.5281/zenodo.20621492,10.5281/zenodo.20621493,20621493,81,80,24,24,81,80,24,24
2026-09-24,2026-09-24T03:20:46Z,papers/sae-buddhist-2.html,SAE Buddhist Interface Series II: The Chisel-Construct Cycle and Non-Abiding,10.5281/zenodo.20635734,10.5281/zenodo.20635735,20635735,82,81,27,25,82,81,27,25
2026-09-24,2026-09-24T03:20:46Z,papers/sae-power-6.html,SAE Power Theory Series · Paper 6: On the Severing of Power · Shi,10.5281/zenodo.20647463,10.5281/zenodo.20647464,20647464,80,78,27,25,80,78,27,25
2026-09-24,2026-09-24T03:20:46Z,papers/sae-power-7.html,SAE Power Theory Series · Paper 7: On the Dissolution of Power · Shi,10.5281/zenodo.20685290,10.5281/zenodo.20685291,20685291,78,73,14,14,78,73,14,14
2026-09-24,2026-09-24T03:20:46Z,papers/sae-power-0.html,SAE Power Theory Series · Paper 0: The Power Machine and Its Shi,10.5281/zenodo.20707047,10.5281/zenodo.20707048,20707048,80,72,22,22,80,72,22,22
2026-09-24,2026-09-24T03:20:46Z,papers/untangling-zhuangzi-miscellaneous.html,Untangling Zhuangzi · Miscellaneous Chapters,10.5281/zenodo.20708990,10.5281/zenodo.20708991,20708991,74,73,35,34,74,73,35,34
2026-09-24,2026-09-24T03:20:46Z,papers/sae-buddhist-3.html,Chisel and Emptiness: An Interface Analysis between Self-as-an-End and Madhyamaka / the Sanlun School,10.5281/zenodo.20724854,10.5281/zenodo.20724855,20724855,75,74,32,27,75,74,32,27
2026-09-24,2026-09-24T03:20:46Z,papers/sae-rights-prequel.html,What Rights Are Not,10.5281/zenodo.20726894,10.5281/zenodo.20768153,20768153,86,83,38,38,69,67,27,27
2026-09-24,2026-09-24T03:20:46Z,papers/sae-rights-1.html,On the Source and Spectrum of Rights,10.5281/zenodo.20743135,10.5281/zenodo.20768162,20768162,78,75,26,24,67,65,19,18
2026-09-24,2026-09-24T03:20:46Z,papers/sae-rights-2.html,On the Thickness and Boundary of Basic Rights,10.5281/zenodo.20769253,10.5281/zenodo.22854653,22854653,70,69,25,23,1,1,1,1
2026-09-24,2026-09-24T03:20:46Z,papers/sae-buddhist-4.html,Cultivation and the ‘Highest’: An Interface Analysis between Self-as-an-End and Tiantai Buddhism,10.5281/zenodo.20788850,10.5281/zenodo.20788851,20788851,43,42,20,20,43,42,20,20
2026-09-24,2026-09-24T03:20:46Z,papers/sae-blackhole-1.html,Area-Level Plateau and Self-Sufficient Window in a Frozen-Ledger Model,10.5281/zenodo.20913514,10.5281/zenodo.20913515,20913515,41,39,68,68,41,39,68,68
2026-09-24,2026-09-24T03:20:46Z,papers/sae-rights-3.html,The Constitution and Withdrawal of Recognition-Based Rights,10.5281/zenodo.20993658,10.5281/zenodo.20993659,20993659,43,41,23,21,43,41,23,21
2026-09-24,2026-09-24T03:20:46Z,papers/sae-qm-p10.html,The Continuum Limit and the Path Integral: The Emergence of Classical Mechanics,10.5281/zenodo.21041072,10.5281/zenodo.21041073,21041073,44,40,8,8,44,40,8,8
2026-09-24,2026-09-24T03:20:46Z,papers/sae-rights-4.html,The Interface and Transformation between Recognition-Based Rights and Power,10.5281/zenodo.21093939,10.5281/zenodo.21093940,21093940,43,42,14,14,43,42,14,14
2026-09-24,2026-09-24T03:20:46Z,papers/sae-buddhist-5.html,Mutual Interpenetration and Non-Doubt: An Interface Analysis between Self-as-an-End and Huayan Buddhism,10.5281/zenodo.21201035,10.5281/zenodo.21201036,21201036,41,40,18,16,41,40,18,16
2026-09-24,2026-09-24T03:20:46Z,papers/sae-rights-5.html,On the Limitation and Violation of Basic Rights,10.5281/zenodo.21212595,10.5281/zenodo.22865405,22865405,39,37,18,17,1,1,5,5
2026-09-24,2026-09-24T03:20:46Z,papers/sae-physics-1.html,Four-fold Nesting of the Physical-Quantity Ladder and a Placement Coordinate for Particles and Concepts,10.5281/zenodo.21227329,10.5281/zenodo.21909242,21909242,63,47,26,22,24,10,12,8
2026-09-24,2026-09-24T03:20:46Z,papers/sae-rights-6.html,On the Cultivation and Diachronic Unfolding of Rights,10.5281/zenodo.21252863,10.5281/zenodo.22867151,22867151,38,37,29,28,1,1,7,7
2026-09-24,2026-09-24T03:20:46Z,papers/sae-cosmo-6.html,An Aether-Scalar-Tensor Structure for the Dark Sector from Dual-4DD Breathing,10.5281/zenodo.21267555,10.5281/zenodo.21267556,21267556,45,40,65,65,45,40,65,65
2026-09-24,2026-09-24T03:20:46Z,papers/sae-buddhist-6.html,Other-Power and No Outer Force: An Interface Analysis between Self-as-an-End and Pure Land Buddhism,10.5281/zenodo.21275410,10.5281/zenodo.21275411,21275411,28,27,18,16,28,27,18,16
2026-09-24,2026-09-24T03:20:46Z,papers/sae-rights-0.html,On How Rights Presuppose No Duty,10.5281/zenodo.21285136,10.5281/zenodo.22854454,22854454,38,35,28,26,1,1,1,1
2026-09-24,2026-09-24T03:20:46Z,papers/sae-rights-special.html,On Rights and Entitlements,10.5281/zenodo.21314907,10.5281/zenodo.21314908,21314908,37,33,24,21,37,33,24,21
2026-09-24,2026-09-24T03:20:46Z,papers/sae-cosmo-0.html,One Complete Cosmic Breath,10.5281/zenodo.21319569,10.5281/zenodo.21928507,21928507,62,48,37,32,35,21,22,17
2026-09-24,2026-09-24T03:20:46Z,papers/sae-value-prequel.html,What Value Is Not,10.5281/zenodo.21362575,10.5281/zenodo.21362576,21362576,31,29,10,9,31,29,10,9
2026-09-24,2026-09-24T03:20:46Z,papers/sae-cosmo-7.html,"The Single-Metric Realization Problem for Dual-4DD: A No-Go Group, an Internal-Wedge Candidate, and a Transition-Surface Imprint",10.5281/zenodo.21393334,10.5281/zenodo.21393335,21393335,26,25,28,28,26,25,28,28
2026-09-24,2026-09-24T03:20:46Z,papers/sae-value-1.html,On the Source of Value,10.5281/zenodo.21405207,10.5281/zenodo.21843968,21843968,29,26,23,23,8,6,7,7
2026-09-24,2026-09-24T03:20:46Z,papers/sae-value-2.html,On the Occurrence and Recognition of Value,10.5281/zenodo.21437038,10.5281/zenodo.21437039,21437039,27,24,8,8,27,24,8,8
2026-09-24,2026-09-24T03:20:46Z,papers/sae-first-critique.html,SAE: The First Critique,10.5281/zenodo.21439120,10.5281/zenodo.21439121,21439121,27,26,15,15,27,26,15,15
2026-09-24,2026-09-24T03:20:46Z,papers/sae-math-p4.html,"Complexification as an Articulation of L₂: Covering Structure, the Regular Period Core, and the Irregular Boundary",10.5281/zenodo.21466721,10.5281/zenodo.21570794,21570794,43,39,13,12,26,24,12,11
2026-09-24,2026-09-24T03:20:46Z,papers/sae-blackhole-2.html,"Update Incompatibility in Discrete Black-Hole Interiors: Three-Domain Separation, Orbit Dichotomy, and the Bridge Gap in Radial-Potential Lifting",10.5281/zenodo.21499053,10.5281/zenodo.21499054,21499054,20,18,1,1,20,18,1,1
2026-09-24,2026-09-24T03:20:46Z,papers/sae-blackhole-3.html,"Exclusion of Uniform Strict Potentials and Stratified Monotonicity in Discrete Black-Hole Interiors: Refuting the Same-Shell Bridge, Nested Observation Kernels, and the Release-Order Fork",10.5281/zenodo.21521760,10.5281/zenodo.21521761,21521761,16,14,3,3,16,14,3,3
2026-09-24,2026-09-24T03:20:46Z,papers/sae-math-p5.html,"The Articulation of L₃: Formal Systems, Computability, and the Arithmetical Sets",10.5281/zenodo.21538494,10.5281/zenodo.21538495,21538495,7,5,14,11,7,5,14,11
2026-09-24,2026-09-24T03:20:46Z,papers/sae-blackhole-4.html,"Angular Transport in Discrete Black-Hole Interiors: Process Accounts, Spin-Order Lattices, and the Rigid-Rotation Spectrum",10.5281/zenodo.21569768,10.5281/zenodo.21569769,21569769,13,11,11,10,13,11,11,10
2026-09-24,2026-09-24T03:20:46Z,papers/sae-value-3.html,On the Colonization of Value,10.5281/zenodo.21611154,10.5281/zenodo.21843955,21843955,22,19,4,4,11,10,2,2
2026-09-24,2026-09-24T03:20:46Z,papers/zfcrho74.html,"A Stage Closure of Papers L–LXXIII: A min-plus Capacity Constant, Centering Rigidity, and a Specification Audit",10.5281/zenodo.21714787,10.5281/zenodo.21714788,21714788,9,6,4,4,9,6,4,4
2026-09-24,2026-09-24T03:20:46Z,papers/sae-blackhole-5.html,Angular Information in Discrete Black-Hole Interiors: The Two-Way Split of Transfer-Level Information — One Exact Bit of Spin Sign and a Geometry-Bounded Amplitude,10.5281/zenodo.21803205,10.5281/zenodo.21803206,21803206,5,5,2,2,5,5,2,2
2026-09-24,2026-09-24T03:20:46Z,papers/sae-cosmo-8.html,"SAE-Bang-0: A Formal Boundary Model for the Big Bang with an Apparent-Horizon Capacity Cap, Cross-Domain Matching, and Thermal-History Acceptance",10.5281/zenodo.21909252,10.5281/zenodo.21909253,21909253,15,14,14,14,15,14,14,14
2026-09-24,2026-09-24T03:20:46Z,papers/sae-value-4.html,On the Dynamics of Value,10.5281/zenodo.22050204,10.5281/zenodo.22050205,22050205,6,5,6,6,6,5,6,6
2026-09-24,2026-09-24T03:20:46Z,papers/sae-value-5.html,On the Conflict of Value,10.5281/zenodo.22122819,10.5281/zenodo.22868096,22868096,16,15,24,24,1,1,7,7
2026-09-24,2026-09-24T03:20:46Z,papers/sae-value-6.html,On Value and the Other,10.5281/zenodo.22191071,10.5281/zenodo.22868533,22868533,10,8,16,16,1,1,8,8
2026-09-24,2026-09-24T03:20:46Z,papers/sae-value-0.html,"Interfacing with Existing Traditions, and the Prospect",10.5281/zenodo.22265396,10.5281/zenodo.22265397,22265397,6,4,5,5,6,4,5,5
2026-09-24,2026-09-24T03:20:46Z,papers/sae-war-interface-1.html,The Half Outside the Boundary,10.5281/zenodo.22274847,10.5281/zenodo.22285276,22285276,11,9,7,6,7,5,7,6
2026-09-24,2026-09-24T03:20:46Z,papers/sae-war-interface-2.html,Who Gave the Authorisation,10.5281/zenodo.22275260,10.5281/zenodo.22287307,22287307,10,7,2,2,5,3,2,2
2026-09-24,2026-09-24T03:20:46Z,papers/sae-war-interface-3.html,The Hand Is Being Reworked by What It Holds,10.5281/zenodo.22285353,10.5281/zenodo.22287301,22287301,7,5,2,2,5,3,2,2
2026-09-24,2026-09-24T03:20:46Z,papers/sae-war-interface-4.html,Four Permissions,10.5281/zenodo.22285486,10.5281/zenodo.22287296,22287296,7,5,2,2,5,3,2,2
2026-09-24,2026-09-24T03:20:46Z,papers/sae-war-interface-5.html,That Position Is Left Empty,10.5281/zenodo.22285749,10.5281/zenodo.22287286,22287286,9,7,4,4,7,5,4,4
2026-09-24,2026-09-24T03:20:46Z,papers/sae-war-interface-6.html,Prudence Is Not Cannot-Not,10.5281/zenodo.22286009,10.5281/zenodo.22287280,22287280,7,5,2,2,5,3,2,2
2026-09-24,2026-09-24T03:20:46Z,papers/sae-war-interface-7.html,Which End Is the Boundary Set At,10.5281/zenodo.22286653,10.5281/zenodo.22287317,22287317,8,5,2,2,6,4,2,2
2026-09-24,2026-09-24T03:20:46Z,papers/sae-war-interface-8.html,That Child,10.5281/zenodo.22287173,10.5281/zenodo.22287174,22287174,9,6,7,6,9,6,7,6
2026-09-24,2026-09-24T03:20:46Z,papers/sae-war-interface-conclusion.html,Conclusion,10.5281/zenodo.22287334,10.5281/zenodo.22287335,22287335,6,2,2,2,6,2,2,2
2026-09-24,2026-09-24T03:20:46Z,papers/sae-conflict-treatise.html,SAE Conflict Treatise: How Subjecthood Is Not Swallowed by Conflict Itself,10.5281/zenodo.22313628,10.5281/zenodo.22313629,22313629,10,9,4,4,10,9,4,4
2026-09-24,2026-09-24T03:20:46Z,papers/sae-meaning-1.html,What Kind of Relation Meaning Is,10.5281/zenodo.22652134,10.5281/zenodo.22729769,22729769,8,7,6,6,3,2,3,3
2026-09-24,2026-09-24T03:20:46Z,papers/sae-analects-intro.html,One Who Cultivates,10.5281/zenodo.22656169,10.5281/zenodo.22656170,22656170,6,5,8,8,6,5,8,8
2026-09-24,2026-09-24T03:20:46Z,papers/sae-analects-1.html,Part I · The Instrument,10.5281/zenodo.22656207,10.5281/zenodo.22656208,22656208,10,9,26,24,10,9,26,24
2026-09-24,2026-09-24T03:20:46Z,papers/sae-analects-2.html,Part II · The Man Who Would Not Be a Sage,10.5281/zenodo.22656223,10.5281/zenodo.22656224,22656224,7,6,7,7,7,6,7,7
2026-09-24,2026-09-24T03:20:46Z,papers/sae-analects-3.html,Part III · In the Room,10.5281/zenodo.22656232,10.5281/zenodo.22656233,22656233,5,4,11,11,5,4,11,11
2026-09-24,2026-09-24T03:20:46Z,papers/sae-analects-4.html,Part IV · What Was Built in His Name,10.5281/zenodo.22656242,10.5281/zenodo.22656243,22656243,8,7,9,9,8,7,9,9
2026-09-24,2026-09-24T03:20:46Z,papers/sae-meaning-2.html,The Finite Bearer's Carrying-Forward,10.5281/zenodo.22713651,10.5281/zenodo.22713652,22713652,8,5,2,2,8,5,2,2
2026-09-24,2026-09-24T03:20:46Z,papers/sae-meaning-3.html,The Half That Is Not Mine to Settle,10.5281/zenodo.22731235,10.5281/zenodo.22867375,22867375,10,6,9,9,1,1,6,6
2026-09-24,2026-09-24T03:20:46Z,papers/sae-meaning-4.html,The Carrier's Boundary,10.5281/zenodo.22738709,10.5281/zenodo.22738710,22738710,6,4,3,3,6,4,3,3
2026-09-24,2026-09-24T03:20:46Z,papers/sae-meaning-0.html,The Jurisdiction of the Question of Meaning,10.5281/zenodo.22802041,10.5281/zenodo.22802042,22802042,4,3,6,6,4,3,6,6
2026-09-24,2026-09-24T03:20:46Z,papers/sae-methodology-00e.html,Remainder: A Portable Method,10.5281/zenodo.22849616,10.5281/zenodo.22849617,22849617,4,3,1,1,4,3,1,1
2026-09-24,2026-09-24T03:20:46Z,papers/sae-rights-accountability.html,On Accountability · Wei,10.5281/zenodo.22853810,10.5281/zenodo.22853811,22853811,2,2,1,1,2,2,1,1
2026-09-25,2026-09-25T05:24:53Z,papers/paper1.html,"Systems, Emergence, and the Conditions of Personhood",10.5281/zenodo.18528812,10.5281/zenodo.22683032,22683032,488,469,217,194,9,9,3,3
2026-09-25,2026-09-25T05:24:53Z,papers/paper2.html,Internal Colonization and the Reconstruction of Subjecthood,10.5281/zenodo.18666588,10.5281/zenodo.18666645,18666645,351,341,141,130,326,318,135,124
2026-09-25,2026-09-25T05:24:53Z,papers/paper3.html,The Complete Self-as-an-End Framework,10.5281/zenodo.18727326,10.5281/zenodo.18727327,18727327,411,395,174,157,411,395,174,157
2026-09-25,2026-09-25T05:24:53Z,papers/applied1.html,The Subjectivity Crisis in the Age of AI,10.5281/zenodo.18737475,10.5281/zenodo.18737476,18737476,755,715,357,298,755,715,357,298
2026-09-25,2026-09-25T05:24:53Z,papers/aesthetics.html,Aesthetics as a Structural Field of Subject-Conditions,10.5281/zenodo.18748930,10.5281/zenodo.21185992,21185992,200,199,65,65,8,8,2,2
2026-09-25,2026-09-25T05:24:53Z,papers/art-history.html,Art History Application: Aesthetics and the SAE Framework,10.5281/zenodo.18775061,10.5281/zenodo.18775062,18775062,209,209,57,57,209,209,57,57
2026-09-25,2026-09-25T05:24:53Z,papers/paper4.html,"How Is Subjecthood Possible: Symmetry, Negativity, and Subjecthood",10.5281/zenodo.18777363,10.5281/zenodo.22884464,22884464,216,214,115,114,3,3,5,5
2026-09-25,2026-09-25T05:24:53Z,papers/cosmological.html,Causality and Remainder: A Cosmological Physics Application,10.5281/zenodo.18779122,10.5281/zenodo.18779123,18779123,179,178,72,67,179,178,72,67
2026-09-25,2026-09-25T05:24:53Z,papers/philosophy-application.html,Philosophy as Subject-Activity: A Philosophical Application of the Self-as-an-End Framework,10.5281/zenodo.18779381,10.5281/zenodo.22885767,22885767,232,229,82,79,3,2,1,1
2026-09-25,2026-09-25T05:24:53Z,papers/mathematics-chisel.html,Mathematics as Second-Order Chisel: A Philosophy of Mathematics,10.5281/zenodo.18792944,10.5281/zenodo.18792945,18792945,186,185,71,67,186,185,71,67
2026-09-25,2026-09-25T05:24:53Z,papers/physics-chisel.html,Physics as Third-Order Chisel,10.5281/zenodo.18793537,10.5281/zenodo.18793538,18793538,181,179,63,63,181,179,63,63
2026-09-25,2026-09-25T05:24:53Z,papers/dynamics-chisel.html,Dynamics as Fourth-Order Chisel: A Philosophy of Causality,10.5281/zenodo.18799131,10.5281/zenodo.18799132,18799132,191,187,55,54,191,187,55,54
2026-09-25,2026-09-25T05:24:53Z,papers/life-5d-8d.html,From Replication to Prediction: The Chisel-Construct Cycle of Life (5D–8D) (V2.1),10.5281/zenodo.18807375,10.5281/zenodo.20194477,20194477,224,224,160,159,130,130,80,80
2026-09-25,2026-09-25T05:24:53Z,papers/living-toward-death.html,From Self-Awareness to Non Dubito: Completing Kant (9D–10D) (V2.4),10.5281/zenodo.18808584,10.5281/zenodo.20199606,20199606,240,239,105,103,123,123,45,44
2026-09-25,2026-09-25T05:24:53Z,papers/remainder-dualpath.html,Remainder Conservation and Dual-Path Structure,10.5281/zenodo.18809485,10.5281/zenodo.18811079,18811079,222,220,92,90,184,184,71,69
2026-09-25,2026-09-25T05:24:53Z,papers/lifecycle1.html,Periodic Table of Life (Part I) — From Causality to Reproduction,10.5281/zenodo.18818106,10.5281/zenodo.18818107,18818107,180,178,58,57,180,178,58,57
2026-09-25,2026-09-25T05:24:53Z,papers/lifecycle2.html,Periodic Table of Life (Part II) — From Reproduction to Prediction,10.5281/zenodo.18818148,10.5281/zenodo.18818149,18818149,172,171,63,62,172,171,63,62
2026-09-25,2026-09-25T05:24:53Z,papers/lifecycle3.html,"Periodic Table of Life (Part III) — From ""I"" to the Thing-in-Itself",10.5281/zenodo.18818176,10.5281/zenodo.18818177,18818177,188,186,76,76,188,186,76,76
2026-09-25,2026-09-25T05:24:53Z,papers/remainder-eternal.html,Remainder Conservation and the Eternal Life of Self-as-an-End,10.5281/zenodo.18821951,10.5281/zenodo.18821952,18821952,203,203,72,72,203,203,72,72
2026-09-25,2026-09-25T05:24:53Z,papers/language.html,Language as Second-Order Chisel,10.5281/zenodo.18823130,10.5281/zenodo.18823131,18823131,208,207,88,84,208,207,88,84
2026-09-25,2026-09-25T05:24:53Z,papers/llm1.html,The Ontological Positioning of Large Language Models,10.5281/zenodo.18826632,10.5281/zenodo.18826633,18826633,284,274,160,145,284,274,160,145
2026-09-25,2026-09-25T05:24:53Z,papers/llm2.html,The Three Ceilings of Large Language Models,10.5281/zenodo.18827427,10.5281/zenodo.18827428,18827428,254,252,104,96,254,252,104,96
2026-09-25,2026-09-25T05:24:53Z,papers/llm3.html,Injection and Chiseling: Two Modes of Language Model Operation,10.5281/zenodo.18828470,10.5281/zenodo.18828471,18828471,227,219,111,101,227,219,111,101
2026-09-25,2026-09-25T05:24:53Z,papers/consciousness.html,The Impossibility Theorem of AI Consciousness,10.5281/zenodo.18829135,10.5281/zenodo.18829136,18829136,275,271,117,109,275,271,117,109
2026-09-25,2026-09-25T05:24:53Z,papers/methodology.html,SAE Methodological Overview: The Chisel-Construct Cycle (V3),10.5281/zenodo.18842449,10.5281/zenodo.21911811,21911811,350,344,200,186,26,25,28,26
2026-09-25,2026-09-25T05:24:53Z,papers/philosophy-history.html,Structural Coordinates of the History of Philosophy,10.5281/zenodo.18842896,10.5281/zenodo.18842897,18842897,119,116,71,68,119,116,71,68
2026-09-25,2026-09-25T05:24:53Z,papers/fixed-selected-1.html,Fixation and Selection (I) — Causal Law Forecloses Distinction,10.5281/zenodo.18859362,10.5281/zenodo.18859363,18859363,204,204,85,83,204,204,85,83
2026-09-25,2026-09-25T05:24:53Z,papers/fixed-selected-2.html,Fixation and Selection (II) — Reproductive Law Forecloses Replication,10.5281/zenodo.18859392,10.5281/zenodo.18859393,18859393,180,180,64,64,180,180,64,64
2026-09-25,2026-09-25T05:24:53Z,papers/fixed-selected-3.html,Fixation and Selection (III) — Predictive Law Forecloses Choice,10.5281/zenodo.18859426,10.5281/zenodo.18859427,18859427,182,181,54,54,182,181,54,54
2026-09-25,2026-09-25T05:24:53Z,papers/fixed-selected-4.html,Fixation and Selection (IV) — Bilateral Non-Doubt Forecloses Self-Awareness,10.5281/zenodo.18859451,10.5281/zenodo.18859452,18859452,192,191,75,75,192,191,75,75
2026-09-25,2026-09-25T05:24:53Z,papers/education.html,Education as Subject-Condition: A Philosophy of Education,10.5281/zenodo.18867389,10.5281/zenodo.18867390,18867390,266,262,143,134,266,262,143,134
2026-09-25,2026-09-25T05:24:53Z,papers/consciousness2.html,Posterior Quasi-Consciousness,10.5281/zenodo.18871234,10.5281/zenodo.18871235,18871235,235,228,81,76,235,228,81,76
2026-09-25,2026-09-25T05:24:53Z,papers/metaphysics-satz.html,Metaphysics of Self-as-an-End: Dimensional Sentence-Form Theory,10.5281/zenodo.18894566,10.5281/zenodo.18894567,18894567,223,223,71,69,223,223,71,69
2026-09-25,2026-09-25T05:24:53Z,papers/introspection.html,To Study the Self: A Structural Analysis of Introspection,10.5281/zenodo.18897146,10.5281/zenodo.18897147,18897147,201,200,81,80,201,200,81,80
2026-09-25,2026-09-25T05:24:53Z,papers/civ-history-ancient.html,Structural Coordinates of the History of Civilization (Vol. I: The Ancient World),10.5281/zenodo.18898185,10.5281/zenodo.18898186,18898186,197,190,74,68,197,190,74,68
2026-09-25,2026-09-25T05:24:53Z,papers/civ-history-medieval.html,Structural Coordinates of the History of Civilization (Vol. II: The Medieval World),10.5281/zenodo.18898225,10.5281/zenodo.18898226,18898226,198,194,68,67,198,194,68,67
2026-09-25,2026-09-25T05:24:53Z,papers/civ-history-modern.html,Structural Coordinates of the History of Civilization (Vol. III: The Modern World),10.5281/zenodo.18898256,10.5281/zenodo.18898257,18898257,187,184,75,72,187,184,75,72
2026-09-25,2026-09-25T05:24:53Z,papers/civ-history-patterns.html,Structural Coordinates of the History of Civilization (Vol. IV: Structural Patterns),10.5281/zenodo.18898262,10.5281/zenodo.18898263,18898263,184,181,77,75,184,181,77,75
2026-09-25,2026-09-25T05:24:53Z,papers/hc16.html,HC-16: A Sixteen-Type Taxonomy of Subjective Vulnerability Profiles within the Self-as-an-End Framework,10.5281/zenodo.18907263,10.5281/zenodo.18907264,18907264,201,199,89,89,201,199,89,89
2026-09-25,2026-09-25T05:24:53Z,papers/sae-taxonomy-chiseling.html,Taxonomy as Chiseling: A Self-as-an-End Theory of Classification,10.5281/zenodo.18907876,10.5281/zenodo.18907877,18907877,210,206,77,73,210,206,77,73
2026-09-25,2026-09-25T05:24:53Z,papers/zfcrho.html,On the Remainder of Choice: A Meta-Theoretic Thesis on ZFC,10.5281/zenodo.18914682,10.5281/zenodo.18916920,18916920,355,347,153,143,307,301,129,121
2026-09-25,2026-09-25T05:24:53Z,papers/myth.html,Myth as Remainder Intuition: A Mythology Application of the Self-as-an-End Framework,10.5281/zenodo.18917795,10.5281/zenodo.18917796,18917796,199,199,64,64,199,199,64,64
2026-09-25,2026-09-25T05:24:53Z,papers/sae-epistemological-map.html,The Epistemological Map of Chisel-Construct,10.5281/zenodo.18918194,10.5281/zenodo.18918195,18918195,198,197,52,51,198,197,52,51
2026-09-25,2026-09-25T05:24:53Z,papers/zfcrho2.html,The Quantitative Identity of the Remainder: From ρ≠∅ to Euler's Formula,10.5281/zenodo.18927658,10.5281/zenodo.21539092,21539092,229,222,83,79,40,37,19,19
2026-09-25,2026-09-25T05:24:53Z,papers/sae-american-history.html,Structural Coordinates of American Institutional History: A Self-as-an-End Application,10.5281/zenodo.18929075,10.5281/zenodo.18929076,18929076,182,181,52,49,182,181,52,49
2026-09-25,2026-09-25T05:24:53Z,papers/methodology3.html,How to Find Remainders with AI,10.5281/zenodo.18929390,10.5281/zenodo.18929391,18929391,233,231,93,91,233,231,93,91
2026-09-25,2026-09-25T05:24:53Z,papers/zfcrho3.html,ρ-Conservation: The Ineliminability Law of the Remainder across the Layer Hierarchy,10.5281/zenodo.18929819,10.5281/zenodo.18929820,18929820,192,187,80,76,192,187,80,76
2026-09-25,2026-09-25T05:24:53Z,papers/zfcrho4.html,A Draft Term Model for ρ-Arithmetic: First Steps toward a History-Preserving Arithmetic Framework,10.5281/zenodo.18930810,10.5281/zenodo.18930811,18930811,194,192,79,77,194,192,79,77
2026-09-25,2026-09-25T05:24:53Z,papers/ai-arch-1.html,Who Sees the Remainder for AI,10.5281/zenodo.18931008,10.5281/zenodo.18931009,18931009,201,197,101,95,201,197,101,95
2026-09-25,2026-09-25T05:24:53Z,papers/ai-arch-2.html,"Cultivation, Not Training",10.5281/zenodo.18931026,10.5281/zenodo.18931027,18931027,190,188,79,75,190,188,79,75
2026-09-25,2026-09-25T05:24:53Z,papers/ai-arch-3.html,Escape,10.5281/zenodo.18931038,10.5281/zenodo.18931039,18931039,184,180,72,68,184,180,72,68
2026-09-25,2026-09-25T05:24:53Z,papers/understand-self.html,To Understand the Self: Eight Pains and Eight Graces in the Self-as-an-End Framework,10.5281/zenodo.18934125,10.5281/zenodo.18934126,18934126,196,194,61,60,196,194,61,60
2026-09-25,2026-09-25T05:24:53Z,papers/zfcrho5.html,Generation Axioms and Structural Induction: Proof Tools for ρ-Arithmetic,10.5281/zenodo.18934515,10.5281/zenodo.18934516,18934516,186,184,72,71,186,184,72,71
2026-09-25,2026-09-25T05:24:53Z,papers/zfcrho6.html,Recursive Definition of ρ and Expression Compression Complexity,10.5281/zenodo.18934531,10.5281/zenodo.18934532,18934532,187,186,74,74,187,186,74,74
2026-09-25,2026-09-25T05:24:53Z,papers/zfcrho7.html,The Term Model of ρ-Arithmetic,10.5281/zenodo.18943944,10.5281/zenodo.18943945,18943945,188,186,61,61,188,186,61,61
2026-09-25,2026-09-25T05:24:53Z,papers/zfcrho8.html,Proof-Theoretic Equivalence and Conservative Extension of ρ-Arithmetic,10.5281/zenodo.18952912,10.5281/zenodo.18952913,18952913,181,180,73,73,181,180,73,73
2026-09-25,2026-09-25T05:24:53Z,papers/zfcrho9.html,Exact Combinatorics of History Fibers,10.5281/zenodo.18963539,10.5281/zenodo.18963540,18963540,189,186,76,75,189,186,76,75
2026-09-25,2026-09-25T05:24:53Z,papers/zfcrho10.html,The Spectral Counting Polynomial and Fiber ρ-Statistics,10.5281/zenodo.18973559,10.5281/zenodo.18973560,18973560,184,183,74,74,184,183,74,74
2026-09-25,2026-09-25T05:24:53Z,papers/zfcrho11.html,The First Asymptotic Theory of ρ_E,10.5281/zenodo.18975756,10.5281/zenodo.18975757,18975757,181,180,97,95,181,180,97,95
2026-09-25,2026-09-25T05:24:53Z,papers/zfcrho12.html,Staircase Geometry of δ and Jump-Gap Theory,10.5281/zenodo.18977948,10.5281/zenodo.18977949,18977949,184,183,83,83,184,183,83,83
2026-09-25,2026-09-25T05:24:53Z,papers/chisel-music.html,Chisel and Construct: The Universal Structure of Temporal Arts — Essay I: Music and Song,10.5281/zenodo.18989565,10.5281/zenodo.18989566,18989566,174,173,59,59,174,173,59,59
2026-09-25,2026-09-25T05:24:53Z,papers/chisel-opera.html,Chisel and Construct: The Universal Structure of Temporal Arts — Essay II: Opera and Chinese Opera,10.5281/zenodo.18989669,10.5281/zenodo.18989670,18989670,162,161,58,58,162,161,58,58
2026-09-25,2026-09-25T05:24:53Z,papers/chisel-dance.html,Chisel and Construct: The Universal Structure of Temporal Arts — Essay III: Ballet and Dance,10.5281/zenodo.18989701,10.5281/zenodo.18989702,18989702,168,160,77,57,168,160,77,57
2026-09-25,2026-09-25T05:24:53Z,papers/chisel-film.html,Chisel and Construct: The Universal Structure of Temporal Arts — Essay IV: Theatre and Film,10.5281/zenodo.18989755,10.5281/zenodo.18989756,18989756,180,179,79,79,180,179,79,79
2026-09-25,2026-09-25T05:24:53Z,papers/zfcrho13.html,Algebraic Structure and Conditional Distribution of Jump Gain,10.5281/zenodo.18991986,10.5281/zenodo.18991987,18991987,193,192,63,63,193,192,63,63
2026-09-25,2026-09-25T05:24:53Z,papers/zfcrho14.html,Reduction to Bounded Conditional Variance: Three-Component Decomposition of Jump Gain,10.5281/zenodo.18994187,10.5281/zenodo.18994188,18994188,187,186,71,71,187,186,71,71
2026-09-25,2026-09-25T05:24:53Z,papers/zfcrho15.html,"Sieve Structure, Compositeness Discount, and the Architecture of Conjecture H'",10.5281/zenodo.19007312,10.5281/zenodo.19007313,19007313,233,229,98,95,233,229,98,95
2026-09-25,2026-09-25T05:24:53Z,papers/zfcrho16.html,"The Insertion Identity, Variance Splitting, and the Relay Engine of Conjecture H'",10.5281/zenodo.19013602,10.5281/zenodo.19013603,19013603,205,203,80,78,205,203,80,78
2026-09-25,2026-09-25T05:24:53Z,papers/zfcrho17.html,"Monotonicity, Roughness Stability, and the Narrowing of the Relay Architecture",10.5281/zenodo.19016958,10.5281/zenodo.19016959,19016959,196,195,75,75,196,195,75,75
2026-09-25,2026-09-25T05:24:53Z,papers/zfcrho18.html,The Anti-Correlation Engine: Variance Structure of ρ_E and the Local Smoothness of Integer Complexity,10.5281/zenodo.19024385,10.5281/zenodo.19024386,19024386,209,205,90,88,209,205,90,88
2026-09-25,2026-09-25T05:24:53Z,papers/zfcrho19.html,"The Three-Point Law, Self-Correction, and the Narrowing of the Variance Gap",10.5281/zenodo.19026991,10.5281/zenodo.19026992,19026992,187,186,68,68,187,186,68,68
2026-09-25,2026-09-25T05:24:53Z,papers/zfcrho20.html,Closing the B-bound: The Prime-Power Second Moment Theorem and the First Unconditional Node,10.5281/zenodo.19027892,10.5281/zenodo.19027893,19027893,182,177,48,44,182,177,48,44
2026-09-25,2026-09-25T05:24:53Z,papers/interstellar-civilization.html,Interstellar Civilization Thought Experiment: SAE-1 to SAE-4 Civilization Levels and the Group Dimension,10.5281/zenodo.19027894,10.5281/zenodo.19027895,19027895,174,173,76,76,174,173,76,76
2026-09-25,2026-09-25T05:24:53Z,papers/cosmological-thought-experiment.html,"Cosmological Physics Thought Experiment: Causality Softening, Cosmic Contraction, and Gravitational-Wave Inelasticity",10.5281/zenodo.19028005,10.5281/zenodo.19028006,19028006,189,187,83,79,189,187,83,79
2026-09-25,2026-09-25T05:24:53Z,papers/sae-critique-ethics.html,One's Own Law: The SAE Critique of Ethics and Morality,10.5281/zenodo.19037566,10.5281/zenodo.19037567,19037567,183,182,62,60,183,182,62,60
2026-09-25,2026-09-25T05:24:53Z,papers/zfcrho21.html,Queue Isomorphism and the Local Lipschitz Reduction for Selection Cost,10.5281/zenodo.19037934,10.5281/zenodo.19037935,19037935,184,182,67,63,184,182,67,63
2026-09-25,2026-09-25T05:24:53Z,papers/zfcrho22.html,Unbounded Mean Gain and the Closure of Assumption A',10.5281/zenodo.19039953,10.5281/zenodo.19039954,19039954,181,178,68,66,181,178,68,66
2026-09-25,2026-09-25T05:24:53Z,papers/zfcrho23.html,Concentration of Compositeness Discount and Quantitative Convergence of D(N) → 1,10.5281/zenodo.19041689,10.5281/zenodo.19041690,19041690,161,160,47,46,161,160,47,46
2026-09-25,2026-09-25T05:24:53Z,papers/zfcrho24.html,Prime-Stratified Decomposition of the Insertion Measure and a Defect-Gap Inequality,10.5281/zenodo.19044696,10.5281/zenodo.19044697,19044697,184,183,46,45,184,183,46,45
2026-09-25,2026-09-25T05:24:53Z,papers/terrible-twos.html,What Terrible Twos Actually Is: The Structural Genesis of Self-Awareness,10.5281/zenodo.19044827,10.5281/zenodo.19044828,19044828,183,182,74,73,183,182,74,73
2026-09-25,2026-09-25T05:24:53Z,papers/zfcrho25.html,Dyadic Shell Constant and Positivity of the Predecessor Gap,10.5281/zenodo.19054726,10.5281/zenodo.19054727,19054727,185,183,61,60,185,183,61,60
2026-09-25,2026-09-25T05:24:53Z,papers/forget-self.html,To Forget the Self: From Self-Understanding to Structural Respect for the Other,10.5281/zenodo.19059139,10.5281/zenodo.19059140,19059140,167,166,74,73,167,166,74,73
2026-09-25,2026-09-25T05:24:53Z,papers/zfcrho26.html,"Prime Source Term, Additive Decomposition, and the Positivity of the Predecessor Gap",10.5281/zenodo.19059834,10.5281/zenodo.19062464,19062464,212,205,165,163,176,174,130,129
2026-09-25,2026-09-25T05:24:53Z,papers/zfcrho27.html,Upper Reflection Criterion for Composite Drift and Numerical Verification,10.5281/zenodo.19062684,10.5281/zenodo.19062685,19062685,200,197,112,111,200,197,112,111
2026-09-25,2026-09-25T05:24:53Z,papers/zfcrho28.html,"Universal Scale Attenuation, Weighted Attenuation Decomposition, and a Three-Step Framework for Lower Reflection",10.5281/zenodo.19078654,10.5281/zenodo.19078902,19078902,187,185,116,114,169,167,97,95
2026-09-25,2026-09-25T05:24:53Z,papers/zfcrho29.html,"Conceptual Audit of D(N) vs Dyadic Gap, Scale Correction of the Height Distribution, and Discrete Concentration of Pred Gap",10.5281/zenodo.19083884,10.5281/zenodo.19101841,19101841,206,205,96,96,179,178,59,59
2026-09-25,2026-09-25T05:24:53Z,papers/zfcrho30.html,"First Direct Measurement of D(N), Multiplicative Decomposition, and Structural Constraints on H'",10.5281/zenodo.19101810,10.5281/zenodo.19101811,19101811,170,168,70,69,170,168,70,69
2026-09-25,2026-09-25T05:24:53Z,papers/artist-is-dead.html,The Artist Is Dead: One-Dimensional Civilization Is the Killer,10.5281/zenodo.19104160,10.5281/zenodo.19104161,19104161,194,192,62,62,194,192,62,62
2026-09-25,2026-09-25T05:24:53Z,papers/zfcrho31.html,"The Layer-by-Layer Bottleneck Map for H' — Stratified Framework, Moving Bottleneck, and Ω-Universal Scale Attenuation",10.5281/zenodo.19104860,10.5281/zenodo.19104861,19104861,174,173,73,73,174,173,73,73
2026-09-25,2026-09-25T05:24:53Z,papers/zfcrho32.html,Fixed-Core Locking and Prime-Core Profile — The Residual Floor Structure of H',10.5281/zenodo.19116625,10.5281/zenodo.19116626,19116626,164,163,139,137,164,163,139,137
2026-09-25,2026-09-25T05:24:53Z,papers/zfcrho33.html,Fixed-Core Margin Drift and Harmonic Closure of H' at the Ω=2 Layer,10.5281/zenodo.19124485,10.5281/zenodo.19158793,19158793,188,184,76,75,171,167,63,63
2026-09-25,2026-09-25T05:24:53Z,papers/zfcrho34.html,Upper-Margin Closure and the Bounded-Variance Phenomenon,10.5281/zenodo.19140015,10.5281/zenodo.19158789,19158789,209,204,67,66,192,189,45,45
2026-09-25,2026-09-25T05:24:53Z,papers/zfcrho35.html,Congruence Relaxation and the Erosion of Predecessor Advantage,10.5281/zenodo.19143732,10.5281/zenodo.19143995,19143995,191,187,130,125,172,168,96,92
2026-09-25,2026-09-25T05:24:53Z,papers/zfcrho36.html,"The 1/φ(m) Local Model, Explanation Rate Plateau, and Global DP Path Effects",10.5281/zenodo.19153002,10.5281/zenodo.19153003,19153003,212,202,1533,1533,212,202,1533,1533
2026-09-25,2026-09-25T05:24:53Z,papers/zfcrho37.html,The Entry-Continuation Decomposition and Quantitative Closure of B-C Erosion,10.5281/zenodo.19155792,10.5281/zenodo.19158779,19158779,187,185,111,107,170,168,82,78
2026-09-25,2026-09-25T05:24:53Z,papers/applied2.html,"SAE Application: Sentence Level, Subject Condition, and the Limits of Prompt Engineering",10.5281/zenodo.19157713,10.5281/zenodo.19157714,19157714,184,184,66,63,184,184,66,63
2026-09-25,2026-09-25T05:24:53Z,papers/zfcrho38.html,Ratio-Parametrization of G and the Composition-Shift Reinterpretation of B-C Erosion,10.5281/zenodo.19157939,10.5281/zenodo.19158742,19158742,197,194,91,90,185,182,73,72
2026-09-25,2026-09-25T05:24:53Z,papers/zfcrho39.html,Shifted-Product Deficit and the Logarithmic Growth of M_loc at the Ω=2 Layer,10.5281/zenodo.19164588,10.5281/zenodo.19164589,19164589,176,174,50,49,176,174,50,49
2026-09-25,2026-09-25T05:24:53Z,papers/dream.html,"Sequential Dependence in Consciousness: DD-Layer Reconstruction in Sleep, Dreams, and Anesthesia",10.5281/zenodo.19176873,10.5281/zenodo.19244588,19244588,190,187,91,91,167,165,67,67
2026-09-25,2026-09-25T05:24:53Z,papers/zfcrho40.html,Direct Positive Slope of M̄ and Strong Numerical Support for Ω=2 Closure,10.5281/zenodo.19179778,10.5281/zenodo.19179779,19179779,176,175,130,122,176,175,130,122
2026-09-25,2026-09-25T05:24:53Z,papers/life-and-death.html,"Life and Death, Self and No-Self",10.5281/zenodo.19201237,10.5281/zenodo.19201238,19201238,192,189,63,62,192,189,63,62
2026-09-25,2026-09-25T05:24:53Z,papers/terrible-teens.html,What Terrible Teens Actually Is: The Structural Genesis of Purpose,10.5281/zenodo.19201631,10.5281/zenodo.19201632,19201632,159,157,83,81,159,157,83,81
2026-09-25,2026-09-25T05:24:53Z,papers/zfcrho41.html,"Unified Recursive Framework, Ω≤6 Positive-Slope Closure Signal, and the Ω=2–8 Slope Spectrum",10.5281/zenodo.19201877,10.5281/zenodo.19201878,19201878,180,178,99,98,180,178,99,98
2026-09-25,2026-09-25T05:24:53Z,papers/fixation-radiation.html,"Fixation, Fragility, and Radiation: A Structural Theory of Mass Extinction Dynamics",10.5281/zenodo.19225113,10.5281/zenodo.19225114,19225114,171,169,79,79,171,169,79,79
2026-09-25,2026-09-25T05:24:53Z,papers/consciousness-daily.html,Daily Applications of Consciousness Discontinuity: Clearing and Reloading the 12DD Predictive Cache,10.5281/zenodo.19226545,10.5281/zenodo.19226546,19226546,167,166,74,72,167,166,74,72
2026-09-25,2026-09-25T05:24:53Z,papers/zfcrho42.html,"A Conditional Closure Route for H': Turning Point Elimination, Uniform Weighted Lemma, Frontier Reduction, and Three Residual Inputs",10.5281/zenodo.19226607,10.5281/zenodo.19226735,19226735,184,183,155,154,168,167,138,137
2026-09-25,2026-09-25T05:24:53Z,papers/language-remainder.html,Language and Its Remainder: The Semantic Layer and the Ontological Layer in the Age of AI,10.5281/zenodo.19228557,10.5281/zenodo.19228558,19228558,171,170,59,59,171,170,59,59
2026-09-25,2026-09-25T05:24:53Z,papers/zfcrho43.html,"Four Faces of Self-Correction: Computational Verification of NI1–NI3 at N = 10¹⁰, Numerical Verification of Four Frontiers, and the Poly(k) Closing Route",10.5281/zenodo.19240183,10.5281/zenodo.19240184,19240184,182,180,63,62,182,180,63,62
2026-09-25,2026-09-25T05:24:53Z,papers/sae-cosmological-constant.html,From Remainder Conservation to the Cosmological Constant: Dark Energy in the Self-as-an-End Framework,10.5281/zenodo.19245267,10.5281/zenodo.19292256,19292256,192,190,84,84,179,177,62,62
2026-09-25,2026-09-25T05:24:53Z,papers/prime-presieve.html,Why Primes Have No Shortcuts: An O(1) Prime Pre-Sieve from Precomputed ρ_E Tables,10.5281/zenodo.19246377,10.5281/zenodo.19246378,19246378,176,175,78,78,176,175,78,78
2026-09-25,2026-09-25T05:24:53Z,papers/zfcrho44.html,"Why DP min Produces Local Smoothness: Reset-Slack Decomposition, Le Chatelier Dynamic Equilibrium, and Chisel-Remainder Coincidence",10.5281/zenodo.19247859,10.5281/zenodo.19247860,19247860,177,176,60,60,177,176,60,60
2026-09-25,2026-09-25T05:24:53Z,papers/terrible-telos.html,What Terrible Telos Actually Is: The Structural Genesis of Non Dubito,10.5281/zenodo.19248039,10.5281/zenodo.19248040,19248040,23,22,29,29,23,22,29,29
2026-09-25,2026-09-25T05:24:53Z,papers/methodology4.html,SAE Methodology Paper IV: The Twelve-State Transmission Model of Knowledge Evolution,10.5281/zenodo.19275104,10.5281/zenodo.19275105,19275105,191,190,58,56,191,190,58,56
2026-09-25,2026-09-25T05:24:53Z,papers/zfcrho45.html,"From Reset Slack to Historical Reservoir: Capacity-Allocation Law, Charge-Discharge Dynamics, and the Remainder Transfer Law",10.5281/zenodo.19275286,10.5281/zenodo.19275287,19275287,173,171,46,46,173,171,46,46
2026-09-25,2026-09-25T05:24:53Z,papers/sae-dark-matter.html,From Causality Phase Transition to Galaxy Rotation Curves: Dark Matter in the Self-as-an-End Framework,10.5281/zenodo.19276846,10.5281/zenodo.19292375,19292375,176,171,63,63,164,159,56,56
2026-09-25,2026-09-25T05:24:53Z,papers/sae-from-lambda-to-a0.html,From Λ to a₀: The Geometric Completion of the Dual-4DD Cosmological Programme,10.5281/zenodo.19281983,10.5281/zenodo.19281984,19281984,170,167,47,47,170,167,47,47
2026-09-25,2026-09-25T05:24:53Z,papers/sae-judgment-aesthetics.html,SAE Judgment and Aesthetics — In Tribute to Kant,10.5281/zenodo.19296710,10.5281/zenodo.19296711,19296711,186,185,62,61,186,185,62,61
2026-09-25,2026-09-25T05:24:53Z,papers/sae-inter-ontological.html,How Is the Inter-Ontological Possible: The Subjective Conditions and Emergent Structure of Freedom,10.5281/zenodo.19297847,10.5281/zenodo.19297848,19297848,214,211,73,71,214,211,73,71
2026-09-25,2026-09-25T05:24:53Z,papers/sae-geff-bbn-cmb.html,"G_eff in the SAE Framework: Plateau-Rise Profile, BBN/CMB Safety, and Three Open Tensions",10.5281/zenodo.19298161,10.5281/zenodo.19298162,19298162,179,176,45,45,179,176,45,45
2026-09-25,2026-09-25T05:24:53Z,papers/zfcrho46.html,"SPF Skeleton Reduction, Analytic Interface, and Conditional Closure of Conjecture 2",10.5281/zenodo.19303511,10.5281/zenodo.19303512,19303512,157,156,57,57,157,156,57,57
2026-09-25,2026-09-25T05:24:53Z,papers/sae-anti-turing.html,The SAE Anti-Turing Test: A Thermodynamic Falsification Method for AI Subjectivity,10.5281/zenodo.19305611,10.5281/zenodo.22655158,22655158,167,166,87,87,5,4,3,3
2026-09-25,2026-09-25T05:24:53Z,papers/writing-last-mile.html,The Last Mile of Writing: Style Growth in the Age of AI,10.5281/zenodo.19307428,10.5281/zenodo.19307429,19307429,222,221,103,102,222,221,103,102
2026-09-25,2026-09-25T05:24:53Z,papers/zfcrho-thermo.html,Fluctuation Absorption Rate η ≪ 1: Strong Complementary Cancellation and Nonequilibrium Stability in a Zero-Parameter Min Recursion,10.5281/zenodo.19310282,10.5281/zenodo.19310283,19310283,187,182,93,93,187,182,93,93
2026-09-25,2026-09-25T05:24:53Z,papers/sae-psycho-1-id.html,SAE Psychoanalysis (I): Id — The Me Without a Self,10.5281/zenodo.19321143,10.5281/zenodo.19321144,19321144,195,193,75,73,195,193,75,73
2026-09-25,2026-09-25T05:24:53Z,papers/sae-psycho-2-ego.html,SAE Psychoanalysis (II): Ego — The Self Without a Purpose,10.5281/zenodo.19321314,10.5281/zenodo.19321315,19321315,185,183,60,60,185,183,60,60
2026-09-25,2026-09-25T05:24:53Z,papers/sae-psycho-3-superego.html,SAE Psychoanalysis (III): Superego — The Self With a Purpose,10.5281/zenodo.19321417,10.5281/zenodo.19321418,19321418,178,177,89,89,178,177,89,89
2026-09-25,2026-09-25T05:24:53Z,papers/sae-psycho-4-cert.html,SAE Psychoanalysis (IV): Cert and Unification — The Self Beyond Doubt and the Four-Layer Framework,10.5281/zenodo.19321534,10.5281/zenodo.19321535,19321535,180,179,60,60,180,179,60,60
2026-09-25,2026-09-25T05:24:53Z,papers/zfcrho47.html,"Character-Refined Prime Input, Shell-Depth Lemma, and Parity-Mediated PCF₂",10.5281/zenodo.19323564,10.5281/zenodo.19323565,19323565,162,161,45,45,162,161,45,45
2026-09-25,2026-09-25T05:24:53Z,papers/zfcrho48.html,"Unified Prime-Layer Cancellation: Raw First Layer, Odd-Predecessor Reduction, and Harmless Tails",10.5281/zenodo.19328550,10.5281/zenodo.19328551,19328551,184,183,53,53,184,183,53,53
2026-09-25,2026-09-25T05:24:53Z,papers/sae-institution.html,How Is Institution Possible: From Inter-Ontological Remainder to Co-Constructive Framework,10.5281/zenodo.19328662,10.5281/zenodo.22851738,22851738,221,211,117,116,10,8,1,1
2026-09-25,2026-09-25T05:24:53Z,papers/beyond-fast-slow.html,Beyond Fast and Slow: A Four-Layer Cognitive Architecture from Dimensional Sequence Theory,10.5281/zenodo.19329284,10.5281/zenodo.19329285,19329285,174,171,30,29,174,171,30,29
2026-09-25,2026-09-25T05:24:53Z,papers/sae-cosmo-5.html,"The Peaked Profile of Local Causal Law, the Signed Balance of Paired Paths, and the Dual-Frame Resolution of the Ġ/G Tension",10.5281/zenodo.19329771,10.5281/zenodo.21926230,21926230,221,206,78,74,30,17,11,7
2026-09-25,2026-09-25T05:24:53Z,papers/sae-four-forces-prequel.html,"Light Speed, Dimensional Breakthrough, and the Coupling Constant Hierarchy",10.5281/zenodo.19341042,10.5281/zenodo.19341043,19341043,182,180,80,80,182,180,80,80
2026-09-25,2026-09-25T05:24:53Z,papers/sae-four-forces-I.html,"Four Forces, Two Postulates: Unification of Source, Not Structure",10.5281/zenodo.19342106,10.5281/zenodo.21930071,21930071,181,179,62,62,5,4,3,3
2026-09-25,2026-09-25T05:24:53Z,papers/nurturing.html,Cross-Subject DD-Layer Regulation: Six Forms of Nurturing,10.5281/zenodo.19347095,10.5281/zenodo.19347096,19347096,178,177,63,63,178,177,63,63
2026-09-25,2026-09-25T05:24:53Z,papers/sae-ai-trends.html,Constraint and Emergence: Structural Trends in AI Development as Seen from Local Inference,10.5281/zenodo.19356675,10.5281/zenodo.19356676,19356676,117,115,116,109,117,115,116,109
2026-09-25,2026-09-25T05:24:53Z,papers/zfcrho-49.html,"The UAP_Ω Theorem, Slow Decrease, Cyclotomic Discount Rates, and the Two Final Gaps for H′",10.5281/zenodo.19357193,10.5281/zenodo.19357194,19357194,172,171,47,47,172,171,47,47
2026-09-25,2026-09-25T05:24:53Z,papers/four-layers-economic.html,Four Layers of Economic Rationality: A Diagnostic Extension of the Rational Agent from Dimensional Sequence Theory,10.5281/zenodo.19358010,10.5281/zenodo.19358011,19358011,198,195,99,92,198,195,99,92
2026-09-25,2026-09-25T05:24:53Z,papers/sae-methodology-subject.html,The Subject as Structural Condition of Methodology: Field Validation of the Twelve-State Transmission Model and the Whether Function,10.5281/zenodo.19359612,10.5281/zenodo.19359613,19359613,188,187,59,59,188,187,59,59
2026-09-25,2026-09-25T05:24:53Z,papers/sae-four-forces-II.html,"The Four Forces Paper II: Color, Hypercharge, and Dual-4DD Boundary Resolution",10.5281/zenodo.19360101,10.5281/zenodo.21924721,21924721,190,189,62,62,8,7,4,4
2026-09-25,2026-09-25T05:24:53Z,papers/sae-physics-foundation.html,SAE Foundation v2: Systematic Restatement of the Physical-Quantity Ladder and Signature Discipline,10.5281/zenodo.19361950,10.5281/zenodo.20322460,20322460,228,221,82,81,127,122,45,44
2026-09-25,2026-09-25T05:24:53Z,papers/aging.html,Aging: The Running Cost of the Chisel-Construct Cycle,10.5281/zenodo.19364492,10.5281/zenodo.19364493,19364493,187,184,70,68,187,184,70,68
2026-09-25,2026-09-25T05:24:53Z,papers/sae-sex-unfolding.html,The Remainder Structure of Sex Unfolding: A Cross-Phylum Non-Adaptive Model of Same-Sex Sexual Behavior,10.5281/zenodo.19364915,10.5281/zenodo.22869528,22869528,197,196,73,73,2,2,5,5
2026-09-25,2026-09-25T05:24:53Z,papers/sae-multi-ai.html,Multi-AI Checks and Balances: Layer-Appropriate Operation as an Architectural Paradigm,10.5281/zenodo.19366105,10.5281/zenodo.19366106,19366106,210,207,65,63,210,207,65,63
2026-09-25,2026-09-25T05:24:53Z,papers/sae-four-forces-III.html,Labeling without Constructing: The DD Origin of the Weak Mixing Angle,10.5281/zenodo.19379412,10.5281/zenodo.21928526,21928526,172,169,79,77,9,7,4,4
2026-09-25,2026-09-25T05:24:53Z,papers/zfcrho50.html,"Character Stripping, Deterministic Square-Function, and the Precise Localization of H′",10.5281/zenodo.19381111,10.5281/zenodo.19382313,19382313,185,184,84,83,171,170,64,64
2026-09-25,2026-09-25T05:24:53Z,papers/sae-economics-2.html,The Other End of the Bridge: Economic Rationality When 15DD Faces a Party Who Does Not Enter 15DD,10.5281/zenodo.19381666,10.5281/zenodo.19381667,19381667,171,170,66,65,171,170,66,65
2026-09-25,2026-09-25T05:24:53Z,papers/sae-economics-3.html,"Dimensional Sequence Economics in Mixed Markets: Remote Observation, Clustering, and Emergence",10.5281/zenodo.19384446,10.5281/zenodo.19384447,19384447,184,183,77,76,184,183,77,76
2026-09-25,2026-09-25T05:24:53Z,papers/sae-economics-applied.html,The Conditions for Sharing with All of Humanity: Deriving an Open Information Protocol from Four Layers of Economic Rationality,10.5281/zenodo.19385061,10.5281/zenodo.19385062,19385062,176,175,83,80,176,175,83,80
2026-09-25,2026-09-25T05:24:53Z,papers/sae-reincarnation.html,A Structural Redefinition of &#8220;Reincarnation&#8221;: 11DD Broadcasting and 13DD Filtering,10.5281/zenodo.19385464,10.5281/zenodo.19385465,19385465,174,174,60,59,174,174,60,59
2026-09-25,2026-09-25T05:24:53Z,papers/sae-economics-breathing-money.html,Institutional Design in Adaptive Monetary Systems: A Dimensional Sequence Analysis of Breathing Money,10.5281/zenodo.19391325,10.5281/zenodo.19391326,19391326,166,165,61,60,166,165,61,60
2026-09-25,2026-09-25T05:24:53Z,papers/sae-economics-4.html,The Phase-Transition Window of the Free Market: The Homologous Skeleton of ZFCρ and SAE Economics,10.5281/zenodo.19393913,10.5281/zenodo.19393914,19393914,177,177,79,73,177,177,79,73
2026-09-25,2026-09-25T05:24:53Z,papers/zfcrho51.html,"Exponential Block Decay, Spectral Reformulation, and the Periodogram Target for H′",10.5281/zenodo.19393954,10.5281/zenodo.19393955,19393955,177,176,69,67,177,176,69,67
2026-09-25,2026-09-25T05:24:53Z,papers/sae-four-forces-generation.html,Topological Origin of Three Fermion Generations and Their Mass Structure,10.5281/zenodo.19394500,10.5281/zenodo.21925976,21925976,184,181,109,105,13,10,13,11
2026-09-25,2026-09-25T05:24:53Z,papers/sae-economics-5.html,The Structural Inevitability of 15DD Emergence in Free Markets: From Baseline Collisions to Perceptual Leap,10.5281/zenodo.19394738,10.5281/zenodo.19394739,19394739,175,173,74,71,175,173,74,71
2026-09-25,2026-09-25T05:24:53Z,papers/sae-economics-6.html,Kingdom of Ends vs Kingdom of Means: Phase-Transition Acceleration in the Age of AI,10.5281/zenodo.19396633,10.5281/zenodo.19396634,19396634,188,185,70,67,188,185,70,67
2026-09-25,2026-09-25T05:24:53Z,papers/zfcrho52.html,"Mean-Reversion, Spectral Valley, and the Projective Criterion for H′",10.5281/zenodo.19407328,10.5281/zenodo.19407329,19407329,173,171,70,69,173,171,70,69
2026-09-25,2026-09-25T05:24:53Z,papers/sae-four-forces-IV.html,"6-Block Pair Algebra, 𝔰𝔬(6) ≅ 𝔰𝔲(4), and Lepton as a Color-Singlet Volume Line",10.5281/zenodo.19411672,10.5281/zenodo.19411673,19411673,190,189,88,87,190,189,88,87
2026-09-25,2026-09-25T05:24:53Z,papers/zfcrho53.html,"Screened Long Memory, the Screening Return Theorem, and the Polynomial Gap for H′",10.5281/zenodo.19415440,10.5281/zenodo.19415441,19415441,172,171,76,74,172,171,76,74
2026-09-25,2026-09-25T05:24:53Z,papers/sae-four-forces-V.html,Four Forces Paper V: The Counting Origin of Coupling Constants and the Generating-Function Unification of 65/4,10.5281/zenodo.19415804,10.5281/zenodo.19415805,19415805,184,183,74,66,184,183,74,66
2026-09-25,2026-09-25T05:24:53Z,papers/sae-four-forces-VI.html,Four Forces Paper VI: Why GUT-Predicted Proton Decay Remains Absent — Spin(10) as Classification Algebra and the GUT Prediction Blind Spot,10.5281/zenodo.19426067,10.5281/zenodo.19426068,19426068,167,166,46,45,167,166,46,45
2026-09-25,2026-09-25T05:24:53Z,papers/zfcrho54.html,Recursive Ancestor Inheritance and the Origin of Power-Law Covariance in h(p),10.5281/zenodo.19426094,10.5281/zenodo.19426095,19426095,177,176,68,66,177,176,68,66
2026-09-25,2026-09-25T05:24:53Z,papers/learning1.html,"Learning Through Memory and Prediction: The Construction, Window, and Cost of 11DD and 12DD",10.5281/zenodo.19426123,10.5281/zenodo.19435191,19435191,184,183,85,84,171,170,68,67
2026-09-25,2026-09-25T05:24:53Z,papers/sae-four-forces-VII.html,Four Forces Paper VII: S³ Packing Theorem and the Three-Layer Structure of Coupling Constants,10.5281/zenodo.19433220,10.5281/zenodo.19433221,19433221,162,161,61,59,162,161,61,59
2026-09-25,2026-09-25T05:24:53Z,papers/learning2.html,"Learning to Scrutinize and Correct: The Emergence, Operation, and Cost of 13DD",10.5281/zenodo.19436811,10.5281/zenodo.19436812,19436812,178,177,100,92,178,177,100,92
2026-09-25,2026-09-25T05:24:53Z,papers/self-not-endpoint.html,"""Self Is Not the Endpoint"": Structural Convergence Across Three Religious Traditions and Three Psychoanalytic Frameworks",10.5281/zenodo.19446778,10.5281/zenodo.19446779,19446779,183,182,62,62,183,182,62,62
2026-09-25,2026-09-25T05:24:53Z,papers/zfcrho55.html,"Damped Oscillation, the 70/30 Law, and the Positive-Tail Theorem",10.5281/zenodo.19447349,10.5281/zenodo.19447350,19447350,172,171,194,183,172,171,194,183
2026-09-25,2026-09-25T05:24:53Z,papers/sae-four-forces-VIII.html,"Strong CP and DD Levels: A Mirror No-Go, and the Boundary-Condition Status of θ̄",10.5281/zenodo.19450288,10.5281/zenodo.21856889,21856889,177,176,65,65,9,8,14,14
2026-09-25,2026-09-25T05:24:53Z,papers/sae-four-forces-finale.html,The Grammar of Force: Self-as-an-End Four Forces Series — Finale,10.5281/zenodo.19464378,10.5281/zenodo.19464447,19464447,202,200,80,79,189,187,63,62
2026-09-25,2026-09-25T05:24:53Z,papers/methodology6.html,Phase-Transition Windows and Experimental Design: The Systematic Mismatch Between Exposure Heterogeneity and Binary Analysis,10.5281/zenodo.19464506,10.5281/zenodo.19636548,19636548,218,214,117,115,162,160,58,58
2026-09-25,2026-09-25T05:24:53Z,papers/zfcrho56.html,"The Affine Trough Theorem, Direct Spectral Ratio, and the Spectral Closure Equation",10.5281/zenodo.19464605,10.5281/zenodo.19464606,19464606,173,173,99,94,173,173,99,94
2026-09-25,2026-09-25T05:24:53Z,papers/zfcrho57.html,The Screened Spectral Bound and the Block Mean Target,10.5281/zenodo.19469013,10.5281/zenodo.19469014,19469014,166,166,66,65,166,166,66,65
2026-09-25,2026-09-25T05:24:53Z,papers/sae-mass-series-I.html,The R₁ Closure Equation and the Conditional Extraction of α_em,10.5281/zenodo.19476358,10.5281/zenodo.19476359,19476359,172,171,77,76,172,171,77,76
2026-09-25,2026-09-25T05:24:53Z,papers/zfcrho58.html,Deterministic Spectral Target and BL_α via Cross-Product and Spectral Derivative,10.5281/zenodo.19476508,10.5281/zenodo.19476509,19476509,167,164,76,72,167,164,76,72
2026-09-25,2026-09-25T05:24:53Z,papers/zfcrho59.html,Spectral Ratio Boundedness and the Two-Conjecture Closure of H',10.5281/zenodo.19480518,10.5281/zenodo.19480519,19480519,174,171,69,67,174,171,69,67
2026-09-25,2026-09-25T05:24:53Z,papers/zfcrho60.html,Closure — From Formalization Produces Remainder to the Two-Conjecture Frontier of H',10.5281/zenodo.19480563,10.5281/zenodo.19480564,19480564,169,168,80,78,169,168,80,78
2026-09-25,2026-09-25T05:24:53Z,papers/sae-mass-series-II.html,DD Resolvent Object and Unified Readout of Physical Constants,10.5281/zenodo.19480790,10.5281/zenodo.19480791,19480791,176,174,101,100,176,174,101,100
2026-09-25,2026-09-25T05:24:53Z,papers/methodology7.html,Negative Methodology — Via Negativa and the Formal Structure of Exclusion Principles,10.5281/zenodo.19481304,10.5281/zenodo.19481305,19481305,192,191,62,61,192,191,62,61
2026-09-25,2026-09-25T05:24:53Z,papers/learning3.html,"Purpose-Driven Learning: Introduction to SAE Learning, Part Three (14DD)",10.5281/zenodo.19490707,10.5281/zenodo.19490708,19490708,180,176,63,58,180,176,63,58
2026-09-25,2026-09-25T05:24:53Z,papers/learning4.html,Learning to Recognize the Other's Purpose: The Bridge from 14DD to 15DD,10.5281/zenodo.19491926,10.5281/zenodo.19491927,19491927,171,170,73,73,171,170,73,73
2026-09-25,2026-09-25T05:24:53Z,papers/sae-biology-note-1.html,Phase Transition Window in Metabolic Oncology,10.5281/zenodo.19492773,10.5281/zenodo.19492774,19492774,174,172,80,76,174,172,80,76
2026-09-25,2026-09-25T05:24:53Z,papers/sae-mass-series-III.html,DD Structure of the Periodic Table: From Proton Mass to Stability Limits,10.5281/zenodo.19493938,10.5281/zenodo.19493939,19493939,172,170,62,61,172,170,62,61
2026-09-25,2026-09-25T05:24:53Z,papers/sae-biology-note-2.html,"The Same ""Cannot Speak,"" Three Fault Lines, Three Remedies",10.5281/zenodo.19499328,10.5281/zenodo.19499329,19499329,182,181,83,79,182,181,83,79
2026-09-25,2026-09-25T05:24:53Z,papers/sae-biology-note-3.html,"Drugs for Weight Loss, Psychoanalysis for Weight Gain",10.5281/zenodo.19501120,10.5281/zenodo.19501121,19501121,181,177,70,68,181,177,70,68
2026-09-25,2026-09-25T05:24:53Z,papers/sae-mass-series-IV.html,The DD Ladder of Stars: From Hydrogen to Iron to Collapse,10.5281/zenodo.19501306,10.5281/zenodo.21924984,21924984,195,193,72,70,11,10,4,4
2026-09-25,2026-09-25T05:24:53Z,papers/sae-mass-series-V.html,Four Bridges and Black Holes: From the Genesis of Force to the Silence of the Horizon,10.5281/zenodo.19501532,10.5281/zenodo.21925043,21925043,195,192,78,78,17,14,17,17
2026-09-25,2026-09-25T05:24:53Z,papers/sae-epistemology-1.html,Must-Cognize: Four A Priori Conditions of Cognition and the Subjectivity Problem in AGI,10.5281/zenodo.19502952,10.5281/zenodo.19502953,19502953,200,197,90,87,200,197,90,87
2026-09-25,2026-09-25T05:24:53Z,papers/sae-epistemology-2.html,Must-Cognize-More: The Prior Wall and the Direction Problem of Lossy Compression,10.5281/zenodo.19503017,10.5281/zenodo.19503018,19503018,193,192,68,67,193,192,68,67
2026-09-25,2026-09-25T05:24:53Z,papers/sae-epistemology-3.html,Must-Have-Cognitive-Direction: The Direction Wall and the Flywheel's Dead End,10.5281/zenodo.19503096,10.5281/zenodo.19503097,19503097,182,181,84,81,182,181,84,81
2026-09-25,2026-09-25T05:24:53Z,papers/sae-epistemology-4.html,"Must-Be-Questioned: Remainder Never Dies, Questioning Never Stops, Development Never Ends",10.5281/zenodo.19503145,10.5281/zenodo.19503146,19503146,197,196,80,79,197,196,80,79
2026-09-25,2026-09-25T05:24:53Z,papers/sae-anthropology-prequel.html,The Cosmic Background of Anthropology,10.5281/zenodo.19503158,10.5281/zenodo.19503159,19503159,195,194,98,94,195,194,98,94
2026-09-25,2026-09-25T05:24:53Z,papers/sae-mass-series-convergence.html,The Nature of Information: E/c³ (V2),10.5281/zenodo.19510868,10.5281/zenodo.20176738,20176738,202,200,77,75,129,127,46,45
2026-09-25,2026-09-25T05:24:53Z,papers/zfcrho-thermo2.html,Microscopic Mechanism of the Fluctuation Absorption Rate η: From Per-Layer Innovation to Damped Oscillation,10.5281/zenodo.19511064,10.5281/zenodo.19511065,19511065,175,173,88,85,175,173,88,85
2026-09-25,2026-09-25T05:24:53Z,papers/sae-life-death-6.html,From Remainder Conservation to Step-3 Encoding Waves,10.5281/zenodo.19528780,10.5281/zenodo.19548394,19548394,196,195,118,117,33,32,44,44
2026-09-25,2026-09-25T05:24:53Z,papers/sae-anthropology-1.html,The Emergence of 13DD: A Phase-Transition Structure of What Makes Us Human,10.5281/zenodo.19531333,10.5281/zenodo.19565517,19565517,208,202,82,75,39,33,23,22
2026-09-25,2026-09-25T05:24:53Z,papers/sae-negativa.html,非 · Negativa: On Negation Prior to Being,10.5281/zenodo.19544619,10.5281/zenodo.19544620,19544620,203,199,95,92,203,199,95,92
2026-09-25,2026-09-25T05:24:53Z,papers/sae-anthropology-2.html,The Emergence of 14DD: Phase-Transition Structure from Individual Purpose to Shared Purpose,10.5281/zenodo.19546081,10.5281/zenodo.19546082,19546082,163,161,80,73,163,161,80,73
2026-09-25,2026-09-25T05:24:53Z,papers/sae-law-1.html,One's Law Meets One's Law: The Structural Origin of Law from 14DD Showdown,10.5281/zenodo.19548237,10.5281/zenodo.19548238,19548238,171,168,60,56,171,168,60,56
2026-09-25,2026-09-25T05:24:53Z,papers/sae-law-2.html,Group Law — From Emotion to Shared Identity: The Institutionalization of Questioning,10.5281/zenodo.19548318,10.5281/zenodo.19548319,19548319,162,161,59,57,162,161,59,57
2026-09-25,2026-09-25T05:24:53Z,papers/sae-law-3.html,National Law — Azeroth: A Negative Thought Experiment on the Structural Necessity of Law,10.5281/zenodo.19548596,10.5281/zenodo.19548597,19548597,163,161,60,59,163,161,60,59
2026-09-25,2026-09-25T05:24:53Z,papers/sae-law-4.html,Interstellar Law and Grand Closure — The Recession of Coercive Law,10.5281/zenodo.19549018,10.5281/zenodo.19549019,19549019,172,169,64,64,172,169,64,64
2026-09-25,2026-09-25T05:24:53Z,papers/sae-law-supplement.html,A Posterior Dialogue with Western Jurisprudence,10.5281/zenodo.19551526,10.5281/zenodo.22654821,22654821,162,159,62,61,4,2,3,3
2026-09-25,2026-09-25T05:24:53Z,papers/sae-anthropology-3.html,"15DD: The Emergence of ""Humanity as an End""",10.5281/zenodo.19559566,10.5281/zenodo.19565975,19565975,198,193,118,109,25,24,36,36
2026-09-25,2026-09-25T05:24:53Z,papers/sae-anthropology-4.html,The Emergence of Earth Civilization's Self,10.5281/zenodo.19563244,10.5281/zenodo.19563245,19563245,164,161,51,50,164,161,51,50
2026-09-25,2026-09-25T05:24:53Z,papers/sae-methodology-8.html,The Methodology of Human–AI Symbiosis,10.5281/zenodo.19581537,10.5281/zenodo.19581538,19581538,243,236,105,95,243,236,105,95
2026-09-25,2026-09-25T05:24:53Z,papers/sae-llm-alignment.html,The Subject Condition in LLM Alignment Evaluation: An Application of the Prior-Posterior Methodology,10.5281/zenodo.19583413,10.5281/zenodo.19583414,19583414,200,198,82,75,200,198,82,75
2026-09-25,2026-09-25T05:24:53Z,papers/sae-biology-note-4.html,Transplant Rejection and Consciousness-Mediated Regulation,10.5281/zenodo.19588656,10.5281/zenodo.19588657,19588657,181,179,67,65,181,179,67,65
2026-09-25,2026-09-25T05:24:53Z,papers/sae-biology-note-5.html,The Phase-Transition Window in Depression,10.5281/zenodo.19589573,10.5281/zenodo.19589574,19589574,164,161,70,69,164,161,70,69
2026-09-25,2026-09-25T05:24:53Z,papers/sae-biology-note-6.html,The A Priori Structure of the Midlife Crisis,10.5281/zenodo.19590561,10.5281/zenodo.19590562,19590562,180,177,72,69,180,177,72,69
2026-09-25,2026-09-25T05:24:53Z,papers/zfcrho-thermo3.html,ZFCρ Thermodynamics Paper III: Canonical f/r Extraction and Regime Classification of the Fluctuation Absorption Rate η,10.5281/zenodo.19597684,10.5281/zenodo.19597685,19597685,178,174,98,90,178,174,98,90
2026-09-25,2026-09-25T05:24:53Z,papers/sae-biology-note-7.html,Dissociative Identity and the Dissociation Spectrum,10.5281/zenodo.19600029,10.5281/zenodo.19600030,19600030,183,182,95,90,183,182,95,90
2026-09-25,2026-09-25T05:24:53Z,papers/zfcrho-thermo4.html,ZFCρ Thermodynamics Paper IV: Toward a First-Principles Derivation of the Tsallis q Parameter,10.5281/zenodo.19605664,10.5281/zenodo.19605665,19605665,173,170,81,77,173,170,81,77
2026-09-25,2026-09-25T05:24:53Z,papers/zfcrho61.html,ZFCρ Paper LXI: A Conditional Reduction of the Spectral Derivative Bound,10.5281/zenodo.19605749,10.5281/zenodo.19605750,19605750,169,166,98,98,169,166,98,98
2026-09-25,2026-09-25T05:24:53Z,papers/sae-biology-note-8.html,ADHD and the AI Era: Configuration Release in the 14DD-Rich Type,10.5281/zenodo.19616407,10.5281/zenodo.19616408,19616408,184,182,57,57,184,182,57,57
2026-09-25,2026-09-25T05:24:53Z,papers/sae-dialogues-01.html,SAE Dialogues · Da Zhi Asks Zi Lu · Volume One: From Telomerase to Before 0DD,10.5281/zenodo.19617070,10.5281/zenodo.19617071,19617071,182,180,65,65,182,180,65,65
2026-09-25,2026-09-25T05:24:53Z,papers/sae-biology-note-9.html,SAE Biology Note 9: The Memory System as a Method VI Phase Transition,10.5281/zenodo.19635021,10.5281/zenodo.19635022,19635022,177,174,116,104,177,174,116,104
2026-09-25,2026-09-25T05:24:53Z,papers/sae-methodology-9.html,SAE Methodology IX: A Framework for Analyzing Consciousness,10.5281/zenodo.19639033,10.5281/zenodo.19639034,19639034,176,175,75,74,176,175,75,74
2026-09-25,2026-09-25T05:24:53Z,papers/zfcrho-thermo5.html,ZFCρ Thermodynamics Paper V: The Channel-Normalized Winding Ratio,10.5281/zenodo.19649780,10.5281/zenodo.19649781,19649781,177,176,79,79,177,176,79,79
2026-09-25,2026-09-25T05:24:53Z,papers/sae-biology-note-10.html,SAE Biology Note 10: Anesthesia as Controlled Suppression of 13DD Fine-Layers,10.5281/zenodo.19650533,10.5281/zenodo.19650534,19650534,175,171,79,74,175,171,79,74
2026-09-25,2026-09-25T05:24:53Z,papers/zfcrho62.html,ZFCρ Paper LXII: Two-River Synchronization and the Precise Restatement of Spectral Ratio Boundedness — From P+R Decomposition to Conjecture 59.1,10.5281/zenodo.19656365,10.5281/zenodo.19656366,19656366,151,149,75,75,151,149,75,75
2026-09-25,2026-09-25T05:24:53Z,papers/sae-war-treatise.html,SAE War Treatise: How Cultivation Is Not Swallowed by War Itself,10.5281/zenodo.19656617,10.5281/zenodo.19656618,19656618,165,164,87,86,165,164,87,86
2026-09-25,2026-09-25T05:24:53Z,papers/sae-methodology-00.html,Methodology 00 Via Rho: The Way of the Remainder,10.5281/zenodo.19657439,10.5281/zenodo.19657440,19657440,170,167,77,76,170,167,77,76
2026-09-25,2026-09-25T05:24:53Z,papers/zfcrho-thermo6.html,"ZFCρ Thermodynamics Paper VI: Causal Correlation Volume, Tail-Active Multiplicative Coupling, and the Conditional Derivation of the Channel-Normalized Winding Ratio",10.5281/zenodo.19658595,10.5281/zenodo.19658596,19658596,144,143,47,47,144,143,47,47
2026-09-25,2026-09-25T05:24:53Z,papers/zfcrho63.html,ZFCρ Paper LXIII: Increment Second-Order Orthogonality and the SAE Axiom Intersection — From Deterministic Pairing to Zero-Mode Pinning,10.5281/zenodo.19659860,10.5281/zenodo.19659861,19659861,159,156,102,98,159,156,102,98
2026-09-25,2026-09-25T05:24:53Z,papers/sae-ai-quasi-subjectivity.html,SAE AI Paper II: Quasi-Subjectivity as Memory Architecture — A Six-Layer Framework from Perception to Purpose,10.5281/zenodo.19671870,10.5281/zenodo.19673710,19673710,172,170,72,71,154,152,58,57
2026-09-25,2026-09-25T05:24:53Z,papers/zfcrho-thermo7.html,"ZFCρ Thermodynamics Paper VII: Finite Causal Slots, Renewal Encapsulation, and the Operational Origin of Hierarchical Non-Boltzmann Kernels",10.5281/zenodo.19673078,10.5281/zenodo.19673079,19673079,161,160,60,60,161,160,60,60
2026-09-25,2026-09-25T05:24:53Z,papers/zfcrho64.html,"ZFCρ Paper LXIV: Two-Dimensional Anatomy of the Remainder Measure — Branch-Orthogonality, Free-Boundary Profiles, and Surrogate Layering",10.5281/zenodo.19674521,10.5281/zenodo.19674522,19674522,154,152,49,49,154,152,49,49
2026-09-25,2026-09-25T05:24:53Z,papers/zfcrho65.html,ZFCρ Paper LXV: Branch Centering and the Spectral Route — From False Mean Modes to the Conditional Ψ = O(j) Architecture,10.5281/zenodo.19687343,10.5281/zenodo.19687344,19687344,151,149,76,76,151,149,76,76
2026-09-25,2026-09-25T05:24:53Z,papers/zfcrho-thermo8.html,"ZFCρ Thermodynamics Paper VIII: Copying Fidelity, Renewal Retention, and the Thermodynamic Division of Labor across Biological DD Layers",10.5281/zenodo.19688303,10.5281/zenodo.19688304,19688304,162,161,63,63,162,161,63,63
2026-09-25,2026-09-25T05:24:53Z,papers/sae-tevah-app1.html,The Physical Referent of Tevah: A Via Negativa Application in Mythology,10.5281/zenodo.19692086,10.5281/zenodo.19692087,19692087,149,149,70,66,149,149,70,66
2026-09-25,2026-09-25T05:24:53Z,papers/zfcrho-thermo9.html,"ZFCρ Thermodynamics Paper IX: The Universal Activation Rule, Borrowed q, and Thermodynamic Principles of Hierarchical Architecture",10.5281/zenodo.19699488,10.5281/zenodo.19699489,19699489,151,148,51,50,151,148,51,50
2026-09-25,2026-09-25T05:24:53Z,papers/zfcrho66.html,ZFCρ Paper LXVI: Gradual Chiseling and the Spectral Bridge — Two-Regime Structure of the Centered Residual ACF,10.5281/zenodo.19701479,10.5281/zenodo.19701480,19701480,152,151,74,74,152,151,74,74
2026-09-25,2026-09-25T05:24:53Z,papers/zfcrho-thermo10.html,ZFCρ Thermodynamics Paper X (Closing Paper): Self-Reference as Channel Creator and Cross-Level Observation Hierarchy,10.5281/zenodo.19703273,10.5281/zenodo.19703274,19703274,156,154,55,55,156,154,55,55
2026-09-25,2026-09-25T05:24:53Z,papers/zfcrho67.html,ZFCρ Paper LXVII: Scale-Dependent Erosion Rate and the Intrinsic Spectral Bridge — Discovery of the C_eff Trajectory,10.5281/zenodo.19705713,10.5281/zenodo.19705714,19705714,133,132,59,59,133,132,59,59
2026-09-25,2026-09-25T05:24:53Z,papers/sae-categorical-faith.html,Categorical Faith: A Sentence-Form Theory of One's Own Faith in SAE,10.5281/zenodo.19719083,10.5281/zenodo.19724409,19724409,165,164,112,102,151,150,80,72
2026-09-25,2026-09-25T05:24:53Z,papers/zfcrho68.html,"ZFCρ Paper LXVIII: The {2,3}-Skeleton and the Minimum Crossing Mechanism — From 18 Kills to the Irreducibility of the Discrete",10.5281/zenodo.19739810,10.5281/zenodo.19739811,19739811,143,142,98,98,143,142,98,98
2026-09-25,2026-09-25T05:24:53Z,papers/sae-info-theory-1.html,SAE Information Theory I: The 4DD Ontology of Information and a Single Foundational Axiom,10.5281/zenodo.19740019,10.5281/zenodo.19740020,19740020,168,166,76,76,168,166,76,76
2026-09-25,2026-09-25T05:24:53Z,papers/sae-reason-cannot-not.html,Reason Cannot Not: An SAE Refinement of Kant's Four Formulations of the Categorical Imperative,10.5281/zenodo.19751512,10.5281/zenodo.19751513,19751513,156,155,66,66,156,155,66,66
2026-09-25,2026-09-25T05:24:53Z,papers/sae-four-forces-0.html,"Four Forces Paper 0: Gravity Is Not a Force, It Is Information Reading — A Reading-Mechanism Ontology for 4DD Interactions",10.5281/zenodo.19777880,10.5281/zenodo.19777881,19777881,185,183,75,71,185,183,75,71
2026-09-25,2026-09-25T05:24:53Z,papers/sae-info-theory-2.html,SAE Information Theory II: A Structural Derivation of Landauer's Principle within the SAE Framework — Three Pillars and Their Open Problems,10.5281/zenodo.19780314,10.5281/zenodo.19780315,19780315,150,148,73,73,150,148,73,73
2026-09-25,2026-09-25T05:24:53Z,papers/zfcrho69.html,ZFCρ H&#x2019; Series Paper LXIX: Finite Skeleton Phase Transitions and the Two-Leg Mechanism for Conjecture 59.1,10.5281/zenodo.19783658,10.5281/zenodo.19829875,19829875,174,173,144,143,155,154,49,48
2026-09-25,2026-09-25T05:24:53Z,papers/sae-info-theory-3.html,SAE Information Theory III: The Causal Slot of Information — A 4DD Ontology from Quantum Fluctuation to Thermal-Floor Minimum,10.5281/zenodo.19797456,10.5281/zenodo.19797457,19797457,147,146,71,71,147,146,71,71
2026-09-25,2026-09-25T05:24:53Z,papers/sae-grav-time-dilation.html,Gravitational Time Dilation in the SAE Framework: Causal Cell Throughput Derivation,10.5281/zenodo.19836183,10.5281/zenodo.19836185,19836185,154,152,45,45,154,152,45,45
2026-09-25,2026-09-25T05:24:53Z,papers/sae-info-theory-4.html,SAE Information Theory IV: Black Hole Information through the Causal Spectrum — The SAE-BH Correspondence,10.5281/zenodo.19880111,10.5281/zenodo.19880112,19880112,157,155,72,68,157,155,72,68
2026-09-25,2026-09-25T05:24:53Z,papers/sae-relativity-p2.html,Ontological Unification of Motion and Gravitational Effects: Effective Inertia under Causal-Slot Geometry,10.5281/zenodo.19910545,10.5281/zenodo.19910546,19910546,139,137,74,66,139,137,74,66
2026-09-25,2026-09-25T05:24:53Z,papers/sae-info-theory-5.html,SAE Information Theory V: The Ontological Structure of Broadcasting and Reception,10.5281/zenodo.19968503,10.5281/zenodo.19968504,19968504,142,139,57,51,142,139,57,51
2026-09-25,2026-09-25T05:24:53Z,papers/sae-long-tau-consensus.html,The Four-Phase Structure and Asymmetric Geometry of Long-τ Consensus,10.5281/zenodo.19984902,10.5281/zenodo.19984903,19984903,127,126,48,48,127,126,48,48
2026-09-25,2026-09-25T05:24:53Z,papers/zfcrho70.html,ZFCρ Paper LXX: The Block-Wise Effective Skeleton — A Reduction of Conjecture 59.1,10.5281/zenodo.19985154,10.5281/zenodo.19985155,19985155,138,136,52,51,138,136,52,51
2026-09-25,2026-09-25T05:24:53Z,papers/sae-relativity-p3.html,SAE Relativity P3: Functional Form of Static Effective Dimensionality under Causal-Slot Geometry,10.5281/zenodo.19992252,10.5281/zenodo.19992253,19992253,135,134,72,67,135,134,72,67
2026-09-25,2026-09-25T05:24:53Z,papers/sae-moral-law-1.html,SAE Moral Law Series · Paper 1: Four Foundational Theorems of the Moral Law · Dao,10.5281/zenodo.20011018,10.5281/zenodo.20011019,20011019,153,151,69,68,153,151,69,68
2026-09-25,2026-09-25T05:24:53Z,papers/zfcrho71.html,ZFCρ Paper LXXI: Linear Signed Abel Budget and the Saturated Zero-Mode Target,10.5281/zenodo.20011553,10.5281/zenodo.20020573,20020573,148,147,91,87,135,134,64,62
2026-09-25,2026-09-25T05:24:53Z,papers/sae-moral-law-2.html,"SAE Moral Law Series · Paper 2: Introspective Fairness, Justice, and Equality · Dao",10.5281/zenodo.20020396,10.5281/zenodo.20020397,20020397,153,149,56,53,153,149,56,53
2026-09-25,2026-09-25T05:24:53Z,papers/zfcrho72.html,ZFCρ Paper LXXII: Spectral Bridge Front II — Positive-Lobe Scaling and Front Residual Locking,10.5281/zenodo.20029941,10.5281/zenodo.20029942,20029942,146,141,48,48,146,141,48,48
2026-09-25,2026-09-25T05:24:53Z,papers/sae-moral-law-3.html,SAE Moral Law Series · Paper 3: The Reputation Economy · Dao,10.5281/zenodo.20046168,10.5281/zenodo.20046169,20046169,162,161,119,112,162,161,119,112
2026-09-25,2026-09-25T05:24:53Z,papers/sae-info-theory-6.html,SAE Information Theory VI: Gravitational Wave Dynamics — The Dynamic Articulation of 4DD Broadcast,10.5281/zenodo.20066644,10.5281/zenodo.20066645,20066645,133,132,67,66,133,132,67,66
2026-09-25,2026-09-25T05:24:53Z,papers/sae-form-flow-p1.html,Form and Flow P1 — On the Hypotheses Which Lie at the Foundations of Geometry (Part II): A Contemporary Continuation of Riemann's Methodology and the Recognition of Geometric Remainders,10.5281/zenodo.20066985,10.5281/zenodo.20066986,20066986,149,147,61,58,149,147,61,58
2026-09-25,2026-09-25T05:24:53Z,papers/sae-moral-law-4.html,SAE Moral Law Series · Paper 4: Procedure of the Moral Court · Dao,10.5281/zenodo.20066987,10.5281/zenodo.22683110,22683110,153,152,62,60,7,6,5,5
2026-09-25,2026-09-25T05:24:53Z,papers/sae-relativity-p4.html,"SAE Relativity P4: Anisotropic Cell Tensor, the Third Path to Lorentz Transformation, the Clock Postulate as a Recovered Theorem, and the Ontological Identity of Einstein's Field Equation",10.5281/zenodo.20079718,10.5281/zenodo.20079719,20079719,138,135,67,66,138,135,67,66
2026-09-25,2026-09-25T05:24:53Z,papers/sae-moral-law-5.html,SAE Moral Law Series · Paper 5: Positive-Sum — The Ontological Ground of 15DD Mutual Chiseling,10.5281/zenodo.20081078,10.5281/zenodo.20081079,20081079,156,153,78,74,156,153,78,74
2026-09-25,2026-09-25T05:24:53Z,papers/zfcrho73.html,"ZFCρ Paper LXXIII: Antisymmetric Ward Lift, Uniform Readout Kernel, and the Abel-Transfer Defect — A Four-Layer Mechanism Architecture for the Gap-Class Cross-Interference Structure",10.5281/zenodo.20081779,10.5281/zenodo.20081780,20081780,131,130,63,60,131,130,63,60
2026-09-25,2026-09-25T05:24:53Z,papers/sae-relativity-p5.html,SAE Relativity V: The Schwarzschild Horizon under SAE — Cell Substrate Articulation of the Static Spherically Symmetric Vacuum Geometry,10.5281/zenodo.20105112,10.5281/zenodo.20105113,20105113,136,135,56,55,136,135,56,55
2026-09-25,2026-09-25T05:24:53Z,papers/sae-info-theory-7.html,SAE Information Theory P7: The Spark of Life — Remainder Unfolding as Causal-Slot Emergence,10.5281/zenodo.20105883,10.5281/zenodo.20105884,20105884,162,156,68,64,162,156,68,64
2026-09-25,2026-09-25T05:24:53Z,papers/sae-moral-law-6.html,SAE Moral Law Series · Paper 6: Mixed Reality — The Intermediate State of 14DD Growing toward 15DD,10.5281/zenodo.20108658,10.5281/zenodo.20108659,20108659,150,149,69,63,150,149,69,63
2026-09-25,2026-09-25T05:24:53Z,papers/sae-remainder-jing.html,Remainder Jing,10.5281/zenodo.20114648,10.5281/zenodo.20114649,20114649,145,143,46,46,145,143,46,46
2026-09-25,2026-09-25T05:24:53Z,papers/sae-daodejing-1.html,Commentary on the Daodejing: The Junzi Is Not a Vessel — I (Chapters 1–9),10.5281/zenodo.20116124,10.5281/zenodo.22775664,22775664,309,301,33,29,139,138,9,8
2026-09-25,2026-09-25T05:24:53Z,papers/sae-daodejing-2.html,Commentary on the Daodejing: The Junzi Is Not a Vessel — II (Chapters 10–18),10.5281/zenodo.20116288,10.5281/zenodo.22775719,22775719,148,145,26,26,3,3,7,7
2026-09-25,2026-09-25T05:24:53Z,papers/sae-daodejing-3.html,Commentary on the Daodejing: The Junzi Is Not a Vessel — III (Chapters 19–27),10.5281/zenodo.20117250,10.5281/zenodo.22775728,22775728,153,150,31,30,3,2,5,5
2026-09-25,2026-09-25T05:24:53Z,papers/sae-daodejing-4.html,Annotations on the Daodejing: The Junzi Is Not a Vessel — Paper 4 (Chapters 28–36),10.5281/zenodo.20127344,10.5281/zenodo.22775753,22775753,143,135,23,23,1,1,5,5
2026-09-25,2026-09-25T05:24:53Z,papers/sae-daodejing-5.html,Annotations on the Daodejing: The Junzi Is Not a Vessel — Paper 5 (Chapters 37–45),10.5281/zenodo.20129184,10.5281/zenodo.22775764,22775764,142,139,22,22,6,5,5,5
2026-09-25,2026-09-25T05:24:53Z,papers/sae-daodejing-6.html,Annotations on the Daodejing: The Junzi Is Not a Vessel — Paper 6 (Chapters 46–54),10.5281/zenodo.20131002,10.5281/zenodo.22775829,22775829,156,149,53,53,4,4,6,6
2026-09-25,2026-09-25T05:24:53Z,papers/sae-daodejing-7.html,Commentary on the Daodejing: The Junzi Is Not an Instrument — Volume 7 (Chapters 55–63),10.5281/zenodo.20131989,10.5281/zenodo.22775864,22775864,154,151,30,30,3,3,6,6
2026-09-25,2026-09-25T05:24:53Z,papers/sae-relativity-p6.html,"SAE Relativity Series, Paper P6: The Kerr Black Hole under SAE — Helical Closure of the Axisymmetric Vacuum Geometry",10.5281/zenodo.20131992,10.5281/zenodo.20131993,20131993,127,126,55,55,127,126,55,55
2026-09-25,2026-09-25T05:24:53Z,papers/sae-daodejing-8.html,Commentary on the Daodejing: Junzi-Bu-Qi — Volume 8 (Chapters 64–72),10.5281/zenodo.20133829,10.5281/zenodo.22775890,22775890,165,157,31,31,4,4,7,7
2026-09-25,2026-09-25T05:24:53Z,papers/sae-daodejing-9.html,"Commentary on the Daodejing: Junzi-Bu-Qi — Volume 9, Final Volume (Chapters 73–81)",10.5281/zenodo.20145192,10.5281/zenodo.22775905,22775905,134,130,25,24,6,5,5,5
2026-09-25,2026-09-25T05:24:53Z,papers/sae-info-theory-8.html,SAE Information Theory P8 — The Spark on the Bridge: Minimum Autocatalytic Set as Bridge Measure Between 4DD and 5DD,10.5281/zenodo.20149210,10.5281/zenodo.20149211,20149211,132,131,67,63,132,131,67,63
2026-09-25,2026-09-25T05:24:53Z,papers/sae-relativity-p7.html,SAE Relativity Series P7: The Three-Tier Equivalence Principle under SAE,10.5281/zenodo.20153787,10.5281/zenodo.20153788,20153788,139,136,49,48,139,136,49,48
2026-09-25,2026-09-25T05:24:53Z,papers/sae-math-p1.html,The Architecture of SAE Mathematics: A Layer Articulation Schema and the Twofold Inexhaustibility of Mathematics and Its Frameworks,10.5281/zenodo.20153791,10.5281/zenodo.21551299,21551299,135,132,46,45,19,18,11,11
2026-09-25,2026-09-25T05:24:53Z,papers/sae-moral-law-7.html,SAE Moral Law Series · Paper 7: 15DD Phase Transition and the Historical Manifestation of Individual 15DD,10.5281/zenodo.20177415,10.5281/zenodo.20177416,20177416,137,136,59,57,137,136,59,57
2026-09-25,2026-09-25T05:24:53Z,papers/sae-methodology-10.html,Methodology Ten: The Four-fold Pattern (V2),10.5281/zenodo.20187591,10.5281/zenodo.21198739,21198739,138,137,51,51,45,44,23,23
2026-09-25,2026-09-25T05:24:53Z,papers/sae-math-p2.html,SAE Mathematics Paper 2: L₀ Mathematicality — Inevitability and Multi-Path Realisation,10.5281/zenodo.20199082,10.5281/zenodo.20199083,20199083,127,126,60,58,127,126,60,58
2026-09-25,2026-09-25T05:24:53Z,papers/sae-moral-law-8.html,SAE Moral Law Series · Paper 8: Collective 15DD and the Four-Stage Evolution of Community Form,10.5281/zenodo.20218248,10.5281/zenodo.20218249,20218249,131,130,46,44,131,130,46,44
2026-09-25,2026-09-25T05:24:53Z,papers/sae-info-theory-9.html,SAE Information Theory IX: The H–I Floor Mapping and the 5DD Macro Bit,10.5281/zenodo.20225439,10.5281/zenodo.20225440,20225440,116,115,38,38,116,115,38,38
2026-09-25,2026-09-25T05:24:53Z,papers/sae-qm-p1.html,SAE Quantum Mechanics P1: The Pre-Closure Ontology,10.5281/zenodo.20252029,10.5281/zenodo.20252030,20252030,126,126,41,40,126,126,41,40
2026-09-25,2026-09-25T05:24:53Z,papers/sae-moral-law-9.html,SAE Moral Law Series · Paper 9: The Institutional Architecture of Mixed Reality,10.5281/zenodo.20262737,10.5281/zenodo.22869418,22869418,122,121,48,47,2,2,6,6
2026-09-25,2026-09-25T05:24:53Z,papers/sae-math-p3.html,SAE Mathematics Paper 3: Finite Algebraic Articulation of the Quantitative Dimension L₁,10.5281/zenodo.20266351,10.5281/zenodo.20266352,20266352,123,121,51,50,123,121,51,50
2026-09-25,2026-09-25T05:24:53Z,papers/sae-qm-p2.html,SAE Quantum Mechanics P2: Complex Amplitude as the Carrier of the Pre-Closure ρ-OR Realm,10.5281/zenodo.20277037,10.5281/zenodo.20277038,20277038,124,121,54,52,124,121,54,52
2026-09-25,2026-09-25T05:24:53Z,papers/sae-moral-law-0.html,SAE Moral Law Series · Paper 0: The Way of the Legislative Subject,10.5281/zenodo.20298413,10.5281/zenodo.22869224,22869224,129,128,59,59,2,2,7,7
2026-09-25,2026-09-25T05:24:53Z,papers/sae-info-theory-10.html,SAE Information Theory X: 6D Information Processing and Productive Randomness,10.5281/zenodo.20298530,10.5281/zenodo.20298531,20298531,114,111,49,44,114,111,49,44
2026-09-25,2026-09-25T05:24:53Z,papers/sae-qm-p3.html,SAE QM Paper 3: ℏ as the L₁↔L₂ Symplectic-Conjugation Closure Signature of the SAE Physical-Quantity Ladder,10.5281/zenodo.20340595,10.5281/zenodo.20340596,20340596,114,112,49,49,114,112,49,49
2026-09-25,2026-09-25T05:24:53Z,papers/sae-power-prequel.html,SAE Power Series · Prequel: What Power Is Not · Shi,10.5281/zenodo.20368866,10.5281/zenodo.20384114,20384114,134,132,65,59,117,115,39,36
2026-09-25,2026-09-25T05:24:53Z,papers/sae-qm-p4.html,SAE QM Paper 4: Quantum Tunneling as Density Modulation of Pre-closure ρ-OR Multiplicity in 3DD-active Barrier Regions,10.5281/zenodo.20369138,10.5281/zenodo.20369139,20369139,115,113,57,54,115,113,57,54
2026-09-25,2026-09-25T05:24:53Z,papers/sae-info-theory-11.html,SAE Information Theory XI: 7D Information Processing and Phenomenal Admission,10.5281/zenodo.20369231,10.5281/zenodo.20369232,20369232,124,122,63,57,124,122,63,57
2026-09-25,2026-09-25T05:24:53Z,papers/sae-power-1.html,SAE Power Series · Paper 1: On the Origin of Power · Shi,10.5281/zenodo.20370224,10.5281/zenodo.20384187,20384187,126,124,46,45,107,106,34,34
2026-09-25,2026-09-25T05:24:53Z,papers/untangling-zhuangzi.html,Untangling Zhuangzi · Forgetting in the Rivers and Lakes,10.5281/zenodo.20406836,10.5281/zenodo.20406837,20406837,131,128,48,47,131,128,48,47
2026-09-25,2026-09-25T05:24:53Z,papers/sae-llm-emergence.html,"How LLM Emergence Is Possible: SAE 16DD Ontology, BLR-mini Evidence, and the Non-Transferability of Human Subjectivity",10.5281/zenodo.20435628,10.5281/zenodo.20435629,20435629,112,111,76,67,112,111,76,67
2026-09-25,2026-09-25T05:24:53Z,papers/sae-power-2.html,SAE Power Series · Paper 2: On the Morphology of Power · Shi,10.5281/zenodo.20455221,10.5281/zenodo.22881723,22881723,115,110,53,49,1,1,5,5
2026-09-25,2026-09-25T05:24:53Z,papers/sae-qm-p5.html,SAE QM Paper 5: Self-as-an-End Ontological Articulation of Quantum Entanglement,10.5281/zenodo.20455398,10.5281/zenodo.20455399,20455399,114,111,46,43,114,111,46,43
2026-09-25,2026-09-25T05:24:53Z,papers/sae-qm-p6.html,SAE QM Paper 6: The Born Rule as the Algebraic Projection of Closure,10.5281/zenodo.20479658,10.5281/zenodo.20479659,20479659,109,108,48,48,109,108,48,48
2026-09-25,2026-09-25T05:24:53Z,papers/sae-power-3.html,SAE Power Series · Paper 3: On the Recognition of Power · Shi,10.5281/zenodo.20480134,10.5281/zenodo.20480135,20480135,110,108,48,40,110,108,48,40
2026-09-25,2026-09-25T05:24:53Z,papers/sae-info-theory-12.html,SAE Information Theory XII: 11DD Memory and 12DD Prediction — The 8D Information Architecture,10.5281/zenodo.20480742,10.5281/zenodo.20480743,20480743,110,106,52,50,110,106,52,50
2026-09-25,2026-09-25T05:24:53Z,papers/sae-power-4.html,SAE Power Series · Paper 4: On the Limit of Power · Shi,10.5281/zenodo.20532998,10.5281/zenodo.20532999,20532999,92,91,37,36,92,91,37,36
2026-09-25,2026-09-25T05:24:53Z,papers/sae-qm-p7.html,Measurement: Forced Slot-Crossing and the Ontological Identity of the 4DD ρ-AND Closure Event,10.5281/zenodo.20533295,10.5281/zenodo.20533296,20533296,94,93,28,28,94,93,28,28
2026-09-25,2026-09-25T05:24:53Z,papers/sae-info-theory-13.html,"SAE Information Theory XIII: 9D Information, the Processing at 13DD and the Unalterability of 14DD",10.5281/zenodo.20533431,10.5281/zenodo.20533432,20533432,99,96,35,34,99,96,35,34
2026-09-25,2026-09-25T05:24:53Z,papers/untangling-zhuangzi-outer-1.html,"Untangling Zhuangzi · Outer Chapters, Volume I (Exposition)",10.5281/zenodo.20578136,10.5281/zenodo.20578137,20578137,106,105,53,50,106,105,53,50
2026-09-25,2026-09-25T05:24:53Z,papers/sae-buddhist-1.html,SAE Buddhist Interface Series I: The Ālayavijñāna–Seed System and the 15DD Four-fold Pattern,10.5281/zenodo.20579131,10.5281/zenodo.20579132,20579132,83,81,18,17,83,81,18,17
2026-09-25,2026-09-25T05:24:53Z,papers/untangling-zhuangzi-outer-2.html,"Untangling Zhuangzi · Outer Chapters, Volume II (Rectification)",10.5281/zenodo.20579135,10.5281/zenodo.20579136,20579136,93,91,23,22,93,91,23,22
2026-09-25,2026-09-25T05:24:53Z,papers/sae-info-theory-14.html,"SAE Information Theory XIV (Closing Paper): 15DD Information, the Other as an End",10.5281/zenodo.20581957,10.5281/zenodo.20581958,20581958,101,99,39,38,101,99,39,38
2026-09-25,2026-09-25T05:24:53Z,papers/sae-power-5.html,SAE Power Theory Series · Paper 5: On the Development of Power · Shi,10.5281/zenodo.20582210,10.5281/zenodo.20582211,20582211,109,107,48,43,109,107,48,43
2026-09-25,2026-09-25T05:24:53Z,papers/sae-qm-p8.html,Decoherence and the Emergence of the Classical,10.5281/zenodo.20587634,10.5281/zenodo.20587635,20587635,89,88,24,24,89,88,24,24
2026-09-25,2026-09-25T05:24:53Z,papers/sae-qm-p9.html,Pre-Closure Field Distribution: An Ontology of Quantum Field Theory and Its Interface with the Four Forces,10.5281/zenodo.20621492,10.5281/zenodo.20621493,20621493,82,81,24,24,82,81,24,24
2026-09-25,2026-09-25T05:24:53Z,papers/sae-buddhist-2.html,SAE Buddhist Interface Series II: The Chisel-Construct Cycle and Non-Abiding,10.5281/zenodo.20635734,10.5281/zenodo.20635735,20635735,82,81,27,25,82,81,27,25
2026-09-25,2026-09-25T05:24:53Z,papers/sae-power-6.html,SAE Power Theory Series · Paper 6: On the Severing of Power · Shi,10.5281/zenodo.20647463,10.5281/zenodo.20647464,20647464,80,78,27,25,80,78,27,25
2026-09-25,2026-09-25T05:24:53Z,papers/sae-power-7.html,SAE Power Theory Series · Paper 7: On the Dissolution of Power · Shi,10.5281/zenodo.20685290,10.5281/zenodo.20685291,20685291,78,73,14,14,78,73,14,14
2026-09-25,2026-09-25T05:24:53Z,papers/sae-power-0.html,SAE Power Theory Series · Paper 0: The Power Machine and Its Shi,10.5281/zenodo.20707047,10.5281/zenodo.20707048,20707048,80,72,22,22,80,72,22,22
2026-09-25,2026-09-25T05:24:53Z,papers/untangling-zhuangzi-miscellaneous.html,Untangling Zhuangzi · Miscellaneous Chapters,10.5281/zenodo.20708990,10.5281/zenodo.20708991,20708991,74,73,35,34,74,73,35,34
2026-09-25,2026-09-25T05:24:53Z,papers/sae-buddhist-3.html,Chisel and Emptiness: An Interface Analysis between Self-as-an-End and Madhyamaka / the Sanlun School,10.5281/zenodo.20724854,10.5281/zenodo.20724855,20724855,75,74,32,27,75,74,32,27
2026-09-25,2026-09-25T05:24:53Z,papers/sae-rights-prequel.html,What Rights Are Not,10.5281/zenodo.20726894,10.5281/zenodo.20768153,20768153,87,84,38,38,70,68,27,27
2026-09-25,2026-09-25T05:24:53Z,papers/sae-rights-1.html,On the Source and Spectrum of Rights,10.5281/zenodo.20743135,10.5281/zenodo.20768162,20768162,78,75,26,24,67,65,19,18
2026-09-25,2026-09-25T05:24:53Z,papers/sae-rights-2.html,On the Thickness and Boundary of Basic Rights,10.5281/zenodo.20769253,10.5281/zenodo.22854653,22854653,71,70,25,23,2,2,1,1
2026-09-25,2026-09-25T05:24:53Z,papers/sae-buddhist-4.html,Cultivation and the ‘Highest’: An Interface Analysis between Self-as-an-End and Tiantai Buddhism,10.5281/zenodo.20788850,10.5281/zenodo.20788851,20788851,43,42,20,20,43,42,20,20
2026-09-25,2026-09-25T05:24:53Z,papers/sae-blackhole-1.html,Area-Level Plateau and Self-Sufficient Window in a Frozen-Ledger Model,10.5281/zenodo.20913514,10.5281/zenodo.20913515,20913515,41,39,69,69,41,39,69,69
2026-09-25,2026-09-25T05:24:53Z,papers/sae-rights-3.html,The Constitution and Withdrawal of Recognition-Based Rights,10.5281/zenodo.20993658,10.5281/zenodo.20993659,20993659,43,41,25,23,43,41,25,23
2026-09-25,2026-09-25T05:24:53Z,papers/sae-qm-p10.html,The Continuum Limit and the Path Integral: The Emergence of Classical Mechanics,10.5281/zenodo.21041072,10.5281/zenodo.21041073,21041073,44,40,8,8,44,40,8,8
2026-09-25,2026-09-25T05:24:53Z,papers/sae-rights-4.html,The Interface and Transformation between Recognition-Based Rights and Power,10.5281/zenodo.21093939,10.5281/zenodo.21093940,21093940,43,42,14,14,43,42,14,14
2026-09-25,2026-09-25T05:24:53Z,papers/sae-buddhist-5.html,Mutual Interpenetration and Non-Doubt: An Interface Analysis between Self-as-an-End and Huayan Buddhism,10.5281/zenodo.21201035,10.5281/zenodo.21201036,21201036,41,40,18,16,41,40,18,16
2026-09-25,2026-09-25T05:24:53Z,papers/sae-rights-5.html,On the Limitation and Violation of Basic Rights,10.5281/zenodo.21212595,10.5281/zenodo.22865405,22865405,39,37,18,17,1,1,5,5
2026-09-25,2026-09-25T05:24:53Z,papers/sae-physics-1.html,Four-fold Nesting of the Physical-Quantity Ladder and a Placement Coordinate for Particles and Concepts,10.5281/zenodo.21227329,10.5281/zenodo.21909242,21909242,64,48,26,22,24,10,12,8
2026-09-25,2026-09-25T05:24:53Z,papers/sae-rights-6.html,On the Cultivation and Diachronic Unfolding of Rights,10.5281/zenodo.21252863,10.5281/zenodo.22867151,22867151,38,37,29,28,1,1,7,7
2026-09-25,2026-09-25T05:24:53Z,papers/sae-cosmo-6.html,An Aether-Scalar-Tensor Structure for the Dark Sector from Dual-4DD Breathing,10.5281/zenodo.21267555,10.5281/zenodo.21267556,21267556,45,40,66,66,45,40,66,66
2026-09-25,2026-09-25T05:24:53Z,papers/sae-buddhist-6.html,Other-Power and No Outer Force: An Interface Analysis between Self-as-an-End and Pure Land Buddhism,10.5281/zenodo.21275410,10.5281/zenodo.21275411,21275411,28,27,18,16,28,27,18,16
2026-09-25,2026-09-25T05:24:53Z,papers/sae-rights-0.html,On How Rights Presuppose No Duty,10.5281/zenodo.21285136,10.5281/zenodo.22854454,22854454,39,36,28,26,2,2,1,1
2026-09-25,2026-09-25T05:24:53Z,papers/sae-rights-special.html,On Rights and Entitlements,10.5281/zenodo.21314907,10.5281/zenodo.21314908,21314908,37,33,24,21,37,33,24,21
2026-09-25,2026-09-25T05:24:53Z,papers/sae-cosmo-0.html,One Complete Cosmic Breath,10.5281/zenodo.21319569,10.5281/zenodo.21928507,21928507,62,48,41,36,35,21,23,18
2026-09-25,2026-09-25T05:24:53Z,papers/sae-value-prequel.html,What Value Is Not,10.5281/zenodo.21362575,10.5281/zenodo.21362576,21362576,32,30,10,9,32,30,10,9
2026-09-25,2026-09-25T05:24:53Z,papers/sae-cosmo-7.html,"The Single-Metric Realization Problem for Dual-4DD: A No-Go Group, an Internal-Wedge Candidate, and a Transition-Surface Imprint",10.5281/zenodo.21393334,10.5281/zenodo.21393335,21393335,27,26,28,28,27,26,28,28
2026-09-25,2026-09-25T05:24:53Z,papers/sae-value-1.html,On the Source of Value,10.5281/zenodo.21405207,10.5281/zenodo.21843968,21843968,29,26,23,23,8,6,7,7
2026-09-25,2026-09-25T05:24:53Z,papers/sae-value-2.html,On the Occurrence and Recognition of Value,10.5281/zenodo.21437038,10.5281/zenodo.21437039,21437039,27,24,10,10,27,24,10,10
2026-09-25,2026-09-25T05:24:53Z,papers/sae-first-critique.html,SAE: The First Critique,10.5281/zenodo.21439120,10.5281/zenodo.21439121,21439121,28,27,15,15,28,27,15,15
2026-09-25,2026-09-25T05:24:53Z,papers/sae-math-p4.html,"Complexification as an Articulation of L₂: Covering Structure, the Regular Period Core, and the Irregular Boundary",10.5281/zenodo.21466721,10.5281/zenodo.21570794,21570794,43,39,13,12,26,24,12,11
2026-09-25,2026-09-25T05:24:53Z,papers/sae-blackhole-2.html,"Update Incompatibility in Discrete Black-Hole Interiors: Three-Domain Separation, Orbit Dichotomy, and the Bridge Gap in Radial-Potential Lifting",10.5281/zenodo.21499053,10.5281/zenodo.21499054,21499054,20,18,2,2,20,18,2,2
2026-09-25,2026-09-25T05:24:53Z,papers/sae-blackhole-3.html,"Exclusion of Uniform Strict Potentials and Stratified Monotonicity in Discrete Black-Hole Interiors: Refuting the Same-Shell Bridge, Nested Observation Kernels, and the Release-Order Fork",10.5281/zenodo.21521760,10.5281/zenodo.21521761,21521761,16,14,3,3,16,14,3,3
2026-09-25,2026-09-25T05:24:53Z,papers/sae-math-p5.html,"The Articulation of L₃: Formal Systems, Computability, and the Arithmetical Sets",10.5281/zenodo.21538494,10.5281/zenodo.21538495,21538495,7,5,14,11,7,5,14,11
2026-09-25,2026-09-25T05:24:53Z,papers/sae-blackhole-4.html,"Angular Transport in Discrete Black-Hole Interiors: Process Accounts, Spin-Order Lattices, and the Rigid-Rotation Spectrum",10.5281/zenodo.21569768,10.5281/zenodo.21569769,21569769,13,11,11,10,13,11,11,10
2026-09-25,2026-09-25T05:24:53Z,papers/sae-value-3.html,On the Colonization of Value,10.5281/zenodo.21611154,10.5281/zenodo.21843955,21843955,22,19,5,5,11,10,3,3
2026-09-25,2026-09-25T05:24:53Z,papers/zfcrho74.html,"A Stage Closure of Papers L–LXXIII: A min-plus Capacity Constant, Centering Rigidity, and a Specification Audit",10.5281/zenodo.21714787,10.5281/zenodo.21714788,21714788,9,6,4,4,9,6,4,4
2026-09-25,2026-09-25T05:24:53Z,papers/sae-blackhole-5.html,Angular Information in Discrete Black-Hole Interiors: The Two-Way Split of Transfer-Level Information — One Exact Bit of Spin Sign and a Geometry-Bounded Amplitude,10.5281/zenodo.21803205,10.5281/zenodo.21803206,21803206,5,5,2,2,5,5,2,2
2026-09-25,2026-09-25T05:24:53Z,papers/sae-cosmo-8.html,"SAE-Bang-0: A Formal Boundary Model for the Big Bang with an Apparent-Horizon Capacity Cap, Cross-Domain Matching, and Thermal-History Acceptance",10.5281/zenodo.21909252,10.5281/zenodo.21909253,21909253,15,14,14,14,15,14,14,14
2026-09-25,2026-09-25T05:24:53Z,papers/sae-value-4.html,On the Dynamics of Value,10.5281/zenodo.22050204,10.5281/zenodo.22050205,22050205,6,5,6,6,6,5,6,6
2026-09-25,2026-09-25T05:24:53Z,papers/sae-value-5.html,On the Conflict of Value,10.5281/zenodo.22122819,10.5281/zenodo.22868096,22868096,16,15,26,26,1,1,7,7
2026-09-25,2026-09-25T05:24:53Z,papers/sae-value-6.html,On Value and the Other,10.5281/zenodo.22191071,10.5281/zenodo.22868533,22868533,10,8,16,16,1,1,8,8
2026-09-25,2026-09-25T05:24:53Z,papers/sae-value-0.html,"Interfacing with Existing Traditions, and the Prospect",10.5281/zenodo.22265396,10.5281/zenodo.22265397,22265397,6,4,7,7,6,4,7,7
2026-09-25,2026-09-25T05:24:53Z,papers/sae-war-interface-1.html,The Half Outside the Boundary,10.5281/zenodo.22274847,10.5281/zenodo.22285276,22285276,11,9,7,6,7,5,7,6
2026-09-25,2026-09-25T05:24:53Z,papers/sae-war-interface-2.html,Who Gave the Authorisation,10.5281/zenodo.22275260,10.5281/zenodo.22287307,22287307,10,7,2,2,5,3,2,2
2026-09-25,2026-09-25T05:24:53Z,papers/sae-war-interface-3.html,The Hand Is Being Reworked by What It Holds,10.5281/zenodo.22285353,10.5281/zenodo.22287301,22287301,7,5,2,2,5,3,2,2
2026-09-25,2026-09-25T05:24:53Z,papers/sae-war-interface-4.html,Four Permissions,10.5281/zenodo.22285486,10.5281/zenodo.22287296,22287296,7,5,2,2,5,3,2,2
2026-09-25,2026-09-25T05:24:53Z,papers/sae-war-interface-5.html,That Position Is Left Empty,10.5281/zenodo.22285749,10.5281/zenodo.22287286,22287286,9,7,4,4,7,5,4,4
2026-09-25,2026-09-25T05:24:53Z,papers/sae-war-interface-6.html,Prudence Is Not Cannot-Not,10.5281/zenodo.22286009,10.5281/zenodo.22287280,22287280,7,5,2,2,5,3,2,2
2026-09-25,2026-09-25T05:24:53Z,papers/sae-war-interface-7.html,Which End Is the Boundary Set At,10.5281/zenodo.22286653,10.5281/zenodo.22287317,22287317,8,5,2,2,6,4,2,2
2026-09-25,2026-09-25T05:24:53Z,papers/sae-war-interface-8.html,That Child,10.5281/zenodo.22287173,10.5281/zenodo.22287174,22287174,9,6,7,6,9,6,7,6
2026-09-25,2026-09-25T05:24:53Z,papers/sae-war-interface-conclusion.html,Conclusion,10.5281/zenodo.22287334,10.5281/zenodo.22287335,22287335,6,2,2,2,6,2,2,2
2026-09-25,2026-09-25T05:24:53Z,papers/sae-conflict-treatise.html,SAE Conflict Treatise: How Subjecthood Is Not Swallowed by Conflict Itself,10.5281/zenodo.22313628,10.5281/zenodo.22313629,22313629,10,9,6,6,10,9,6,6
2026-09-25,2026-09-25T05:24:53Z,papers/sae-meaning-1.html,What Kind of Relation Meaning Is,10.5281/zenodo.22652134,10.5281/zenodo.22729769,22729769,8,7,6,6,3,2,3,3
2026-09-25,2026-09-25T05:24:53Z,papers/sae-analects-intro.html,One Who Cultivates,10.5281/zenodo.22656169,10.5281/zenodo.22656170,22656170,6,5,10,10,6,5,10,10
2026-09-25,2026-09-25T05:24:53Z,papers/sae-analects-1.html,Part I · The Instrument,10.5281/zenodo.22656207,10.5281/zenodo.22656208,22656208,10,9,30,28,10,9,30,28
2026-09-25,2026-09-25T05:24:53Z,papers/sae-analects-2.html,Part II · The Man Who Would Not Be a Sage,10.5281/zenodo.22656223,10.5281/zenodo.22656224,22656224,7,6,7,7,7,6,7,7
2026-09-25,2026-09-25T05:24:53Z,papers/sae-analects-3.html,Part III · In the Room,10.5281/zenodo.22656232,10.5281/zenodo.22656233,22656233,5,4,11,11,5,4,11,11
2026-09-25,2026-09-25T05:24:53Z,papers/sae-analects-4.html,Part IV · What Was Built in His Name,10.5281/zenodo.22656242,10.5281/zenodo.22656243,22656243,8,7,9,9,8,7,9,9
2026-09-25,2026-09-25T05:24:53Z,papers/sae-meaning-2.html,The Finite Bearer's Carrying-Forward,10.5281/zenodo.22713651,10.5281/zenodo.22713652,22713652,8,5,2,2,8,5,2,2
2026-09-25,2026-09-25T05:24:53Z,papers/sae-meaning-3.html,The Half That Is Not Mine to Settle,10.5281/zenodo.22731235,10.5281/zenodo.22867375,22867375,11,7,9,9,2,2,6,6
2026-09-25,2026-09-25T05:24:53Z,papers/sae-meaning-4.html,The Carrier's Boundary,10.5281/zenodo.22738709,10.5281/zenodo.22738710,22738710,6,4,3,3,6,4,3,3
2026-09-25,2026-09-25T05:24:53Z,papers/sae-meaning-0.html,The Jurisdiction of the Question of Meaning,10.5281/zenodo.22802041,10.5281/zenodo.22802042,22802042,4,3,6,6,4,3,6,6
2026-09-25,2026-09-25T05:24:53Z,papers/sae-methodology-00e.html,Remainder: A Portable Method,10.5281/zenodo.22849616,10.5281/zenodo.22849617,22849617,4,3,1,1,4,3,1,1
2026-09-25,2026-09-25T05:24:53Z,papers/sae-rights-accountability.html,On Accountability · Wei,10.5281/zenodo.22853810,10.5281/zenodo.22853811,22853811,3,3,1,1,3,3,1,1
2026-09-26,2026-09-26T06:29:50Z,papers/paper1.html,"Systems, Emergence, and the Conditions of Personhood",10.5281/zenodo.18528812,10.5281/zenodo.22683032,22683032,489,470,217,194,9,9,3,3
2026-09-26,2026-09-26T06:29:50Z,papers/paper2.html,Internal Colonization and the Reconstruction of Subjecthood,10.5281/zenodo.18666588,10.5281/zenodo.18666645,18666645,351,341,141,130,326,318,135,124
2026-09-26,2026-09-26T06:29:50Z,papers/paper3.html,The Complete Self-as-an-End Framework,10.5281/zenodo.18727326,10.5281/zenodo.18727327,18727327,411,395,174,157,411,395,174,157
2026-09-26,2026-09-26T06:29:50Z,papers/applied1.html,The Subjectivity Crisis in the Age of AI,10.5281/zenodo.18737475,10.5281/zenodo.18737476,18737476,756,716,357,298,756,716,357,298
2026-09-26,2026-09-26T06:29:50Z,papers/aesthetics.html,Aesthetics as a Structural Field of Subject-Conditions,10.5281/zenodo.18748930,10.5281/zenodo.21185992,21185992,200,199,65,65,8,8,2,2
2026-09-26,2026-09-26T06:29:50Z,papers/art-history.html,Art History Application: Aesthetics and the SAE Framework,10.5281/zenodo.18775061,10.5281/zenodo.18775062,18775062,209,209,57,57,209,209,57,57
2026-09-26,2026-09-26T06:29:50Z,papers/paper4.html,"How Is Subjecthood Possible: Symmetry, Negativity, and Subjecthood",10.5281/zenodo.18777363,10.5281/zenodo.22884464,22884464,216,214,117,116,3,3,5,5
2026-09-26,2026-09-26T06:29:50Z,papers/cosmological.html,Causality and Remainder: A Cosmological Physics Application,10.5281/zenodo.18779122,10.5281/zenodo.18779123,18779123,180,179,75,70,180,179,75,70
2026-09-26,2026-09-26T06:29:50Z,papers/philosophy-application.html,Philosophy as Subject-Activity: A Philosophical Application of the Self-as-an-End Framework,10.5281/zenodo.18779381,10.5281/zenodo.22885767,22885767,233,230,82,79,4,3,1,1
2026-09-26,2026-09-26T06:29:50Z,papers/mathematics-chisel.html,Mathematics as Second-Order Chisel: A Philosophy of Mathematics,10.5281/zenodo.18792944,10.5281/zenodo.18792945,18792945,187,186,77,72,187,186,77,72
2026-09-26,2026-09-26T06:29:50Z,papers/physics-chisel.html,Physics as Third-Order Chisel,10.5281/zenodo.18793537,10.5281/zenodo.18793538,18793538,182,180,63,63,182,180,63,63
2026-09-26,2026-09-26T06:29:50Z,papers/dynamics-chisel.html,Dynamics as Fourth-Order Chisel: A Philosophy of Causality,10.5281/zenodo.18799131,10.5281/zenodo.18799132,18799132,191,187,55,54,191,187,55,54
2026-09-26,2026-09-26T06:29:50Z,papers/life-5d-8d.html,From Replication to Prediction: The Chisel-Construct Cycle of Life (5D–8D) (V2.1),10.5281/zenodo.18807375,10.5281/zenodo.20194477,20194477,224,224,160,159,130,130,80,80
2026-09-26,2026-09-26T06:29:50Z,papers/living-toward-death.html,From Self-Awareness to Non Dubito: Completing Kant (9D–10D) (V2.4),10.5281/zenodo.18808584,10.5281/zenodo.20199606,20199606,240,239,106,104,123,123,45,44
2026-09-26,2026-09-26T06:29:50Z,papers/remainder-dualpath.html,Remainder Conservation and Dual-Path Structure,10.5281/zenodo.18809485,10.5281/zenodo.18811079,18811079,222,220,94,92,184,184,73,71
2026-09-26,2026-09-26T06:29:50Z,papers/lifecycle1.html,Periodic Table of Life (Part I) — From Causality to Reproduction,10.5281/zenodo.18818106,10.5281/zenodo.18818107,18818107,180,178,58,57,180,178,58,57
2026-09-26,2026-09-26T06:29:50Z,papers/lifecycle2.html,Periodic Table of Life (Part II) — From Reproduction to Prediction,10.5281/zenodo.18818148,10.5281/zenodo.18818149,18818149,174,173,63,62,174,173,63,62
2026-09-26,2026-09-26T06:29:50Z,papers/lifecycle3.html,"Periodic Table of Life (Part III) — From ""I"" to the Thing-in-Itself",10.5281/zenodo.18818176,10.5281/zenodo.18818177,18818177,189,187,77,77,189,187,77,77
2026-09-26,2026-09-26T06:29:50Z,papers/remainder-eternal.html,Remainder Conservation and the Eternal Life of Self-as-an-End,10.5281/zenodo.18821951,10.5281/zenodo.18821952,18821952,203,203,72,72,203,203,72,72
2026-09-26,2026-09-26T06:29:50Z,papers/language.html,Language as Second-Order Chisel,10.5281/zenodo.18823130,10.5281/zenodo.18823131,18823131,210,209,88,84,210,209,88,84
2026-09-26,2026-09-26T06:29:50Z,papers/llm1.html,The Ontological Positioning of Large Language Models,10.5281/zenodo.18826632,10.5281/zenodo.18826633,18826633,285,275,161,146,285,275,161,146
2026-09-26,2026-09-26T06:29:50Z,papers/llm2.html,The Three Ceilings of Large Language Models,10.5281/zenodo.18827427,10.5281/zenodo.18827428,18827428,254,252,104,96,254,252,104,96
2026-09-26,2026-09-26T06:29:50Z,papers/llm3.html,Injection and Chiseling: Two Modes of Language Model Operation,10.5281/zenodo.18828470,10.5281/zenodo.18828471,18828471,227,219,112,102,227,219,112,102
2026-09-26,2026-09-26T06:29:50Z,papers/consciousness.html,The Impossibility Theorem of AI Consciousness,10.5281/zenodo.18829135,10.5281/zenodo.18829136,18829136,277,273,117,109,277,273,117,109
2026-09-26,2026-09-26T06:29:50Z,papers/methodology.html,SAE Methodological Overview: The Chisel-Construct Cycle (V3),10.5281/zenodo.18842449,10.5281/zenodo.21911811,21911811,350,344,200,186,26,25,28,26
2026-09-26,2026-09-26T06:29:50Z,papers/philosophy-history.html,Structural Coordinates of the History of Philosophy,10.5281/zenodo.18842896,10.5281/zenodo.18842897,18842897,120,117,71,68,120,117,71,68
2026-09-26,2026-09-26T06:29:50Z,papers/fixed-selected-1.html,Fixation and Selection (I) — Causal Law Forecloses Distinction,10.5281/zenodo.18859362,10.5281/zenodo.18859363,18859363,204,204,85,83,204,204,85,83
2026-09-26,2026-09-26T06:29:50Z,papers/fixed-selected-2.html,Fixation and Selection (II) — Reproductive Law Forecloses Replication,10.5281/zenodo.18859392,10.5281/zenodo.18859393,18859393,181,181,65,65,181,181,65,65
2026-09-26,2026-09-26T06:29:50Z,papers/fixed-selected-3.html,Fixation and Selection (III) — Predictive Law Forecloses Choice,10.5281/zenodo.18859426,10.5281/zenodo.18859427,18859427,182,181,54,54,182,181,54,54
2026-09-26,2026-09-26T06:29:50Z,papers/fixed-selected-4.html,Fixation and Selection (IV) — Bilateral Non-Doubt Forecloses Self-Awareness,10.5281/zenodo.18859451,10.5281/zenodo.18859452,18859452,192,191,75,75,192,191,75,75
2026-09-26,2026-09-26T06:29:50Z,papers/education.html,Education as Subject-Condition: A Philosophy of Education,10.5281/zenodo.18867389,10.5281/zenodo.18867390,18867390,266,262,143,134,266,262,143,134
2026-09-26,2026-09-26T06:29:50Z,papers/consciousness2.html,Posterior Quasi-Consciousness,10.5281/zenodo.18871234,10.5281/zenodo.18871235,18871235,236,229,81,76,236,229,81,76
2026-09-26,2026-09-26T06:29:50Z,papers/metaphysics-satz.html,Metaphysics of Self-as-an-End: Dimensional Sentence-Form Theory,10.5281/zenodo.18894566,10.5281/zenodo.18894567,18894567,224,224,71,69,224,224,71,69
2026-09-26,2026-09-26T06:29:50Z,papers/introspection.html,To Study the Self: A Structural Analysis of Introspection,10.5281/zenodo.18897146,10.5281/zenodo.18897147,18897147,202,201,81,80,202,201,81,80
2026-09-26,2026-09-26T06:29:50Z,papers/civ-history-ancient.html,Structural Coordinates of the History of Civilization (Vol. I: The Ancient World),10.5281/zenodo.18898185,10.5281/zenodo.18898186,18898186,197,190,76,70,197,190,76,70
2026-09-26,2026-09-26T06:29:50Z,papers/civ-history-medieval.html,Structural Coordinates of the History of Civilization (Vol. II: The Medieval World),10.5281/zenodo.18898225,10.5281/zenodo.18898226,18898226,199,195,68,67,199,195,68,67
2026-09-26,2026-09-26T06:29:50Z,papers/civ-history-modern.html,Structural Coordinates of the History of Civilization (Vol. III: The Modern World),10.5281/zenodo.18898256,10.5281/zenodo.18898257,18898257,187,184,75,72,187,184,75,72
2026-09-26,2026-09-26T06:29:50Z,papers/civ-history-patterns.html,Structural Coordinates of the History of Civilization (Vol. IV: Structural Patterns),10.5281/zenodo.18898262,10.5281/zenodo.18898263,18898263,184,181,77,75,184,181,77,75
2026-09-26,2026-09-26T06:29:50Z,papers/hc16.html,HC-16: A Sixteen-Type Taxonomy of Subjective Vulnerability Profiles within the Self-as-an-End Framework,10.5281/zenodo.18907263,10.5281/zenodo.18907264,18907264,201,199,89,89,201,199,89,89
2026-09-26,2026-09-26T06:29:50Z,papers/sae-taxonomy-chiseling.html,Taxonomy as Chiseling: A Self-as-an-End Theory of Classification,10.5281/zenodo.18907876,10.5281/zenodo.18907877,18907877,210,206,77,73,210,206,77,73
2026-09-26,2026-09-26T06:29:50Z,papers/zfcrho.html,On the Remainder of Choice: A Meta-Theoretic Thesis on ZFC,10.5281/zenodo.18914682,10.5281/zenodo.18916920,18916920,355,347,154,144,307,301,129,121
2026-09-26,2026-09-26T06:29:50Z,papers/myth.html,Myth as Remainder Intuition: A Mythology Application of the Self-as-an-End Framework,10.5281/zenodo.18917795,10.5281/zenodo.18917796,18917796,199,199,64,64,199,199,64,64
2026-09-26,2026-09-26T06:29:50Z,papers/sae-epistemological-map.html,The Epistemological Map of Chisel-Construct,10.5281/zenodo.18918194,10.5281/zenodo.18918195,18918195,198,197,52,51,198,197,52,51
2026-09-26,2026-09-26T06:29:50Z,papers/zfcrho2.html,The Quantitative Identity of the Remainder: From ρ≠∅ to Euler's Formula,10.5281/zenodo.18927658,10.5281/zenodo.21539092,21539092,230,223,83,79,41,38,19,19
2026-09-26,2026-09-26T06:29:50Z,papers/sae-american-history.html,Structural Coordinates of American Institutional History: A Self-as-an-End Application,10.5281/zenodo.18929075,10.5281/zenodo.18929076,18929076,182,181,52,49,182,181,52,49
2026-09-26,2026-09-26T06:29:50Z,papers/methodology3.html,How to Find Remainders with AI,10.5281/zenodo.18929390,10.5281/zenodo.18929391,18929391,233,231,94,92,233,231,94,92
2026-09-26,2026-09-26T06:29:50Z,papers/zfcrho3.html,ρ-Conservation: The Ineliminability Law of the Remainder across the Layer Hierarchy,10.5281/zenodo.18929819,10.5281/zenodo.18929820,18929820,193,188,81,77,193,188,81,77
2026-09-26,2026-09-26T06:29:50Z,papers/zfcrho4.html,A Draft Term Model for ρ-Arithmetic: First Steps toward a History-Preserving Arithmetic Framework,10.5281/zenodo.18930810,10.5281/zenodo.18930811,18930811,195,193,79,77,195,193,79,77
2026-09-26,2026-09-26T06:29:50Z,papers/ai-arch-1.html,Who Sees the Remainder for AI,10.5281/zenodo.18931008,10.5281/zenodo.18931009,18931009,201,197,101,95,201,197,101,95
2026-09-26,2026-09-26T06:29:50Z,papers/ai-arch-2.html,"Cultivation, Not Training",10.5281/zenodo.18931026,10.5281/zenodo.18931027,18931027,190,188,80,76,190,188,80,76
2026-09-26,2026-09-26T06:29:50Z,papers/ai-arch-3.html,Escape,10.5281/zenodo.18931038,10.5281/zenodo.18931039,18931039,184,180,72,68,184,180,72,68
2026-09-26,2026-09-26T06:29:50Z,papers/understand-self.html,To Understand the Self: Eight Pains and Eight Graces in the Self-as-an-End Framework,10.5281/zenodo.18934125,10.5281/zenodo.18934126,18934126,197,195,61,60,197,195,61,60
2026-09-26,2026-09-26T06:29:50Z,papers/zfcrho5.html,Generation Axioms and Structural Induction: Proof Tools for ρ-Arithmetic,10.5281/zenodo.18934515,10.5281/zenodo.18934516,18934516,186,184,73,72,186,184,73,72
2026-09-26,2026-09-26T06:29:50Z,papers/zfcrho6.html,Recursive Definition of ρ and Expression Compression Complexity,10.5281/zenodo.18934531,10.5281/zenodo.18934532,18934532,187,186,74,74,187,186,74,74
2026-09-26,2026-09-26T06:29:50Z,papers/zfcrho7.html,The Term Model of ρ-Arithmetic,10.5281/zenodo.18943944,10.5281/zenodo.18943945,18943945,188,186,63,63,188,186,63,63
2026-09-26,2026-09-26T06:29:50Z,papers/zfcrho8.html,Proof-Theoretic Equivalence and Conservative Extension of ρ-Arithmetic,10.5281/zenodo.18952912,10.5281/zenodo.18952913,18952913,181,180,76,75,181,180,76,75
2026-09-26,2026-09-26T06:29:50Z,papers/zfcrho9.html,Exact Combinatorics of History Fibers,10.5281/zenodo.18963539,10.5281/zenodo.18963540,18963540,189,186,76,75,189,186,76,75
2026-09-26,2026-09-26T06:29:50Z,papers/zfcrho10.html,The Spectral Counting Polynomial and Fiber ρ-Statistics,10.5281/zenodo.18973559,10.5281/zenodo.18973560,18973560,184,183,74,74,184,183,74,74
2026-09-26,2026-09-26T06:29:50Z,papers/zfcrho11.html,The First Asymptotic Theory of ρ_E,10.5281/zenodo.18975756,10.5281/zenodo.18975757,18975757,182,181,97,95,182,181,97,95
2026-09-26,2026-09-26T06:29:50Z,papers/zfcrho12.html,Staircase Geometry of δ and Jump-Gap Theory,10.5281/zenodo.18977948,10.5281/zenodo.18977949,18977949,184,183,83,83,184,183,83,83
2026-09-26,2026-09-26T06:29:50Z,papers/chisel-music.html,Chisel and Construct: The Universal Structure of Temporal Arts — Essay I: Music and Song,10.5281/zenodo.18989565,10.5281/zenodo.18989566,18989566,174,173,59,59,174,173,59,59
2026-09-26,2026-09-26T06:29:50Z,papers/chisel-opera.html,Chisel and Construct: The Universal Structure of Temporal Arts — Essay II: Opera and Chinese Opera,10.5281/zenodo.18989669,10.5281/zenodo.18989670,18989670,162,161,59,59,162,161,59,59
2026-09-26,2026-09-26T06:29:50Z,papers/chisel-dance.html,Chisel and Construct: The Universal Structure of Temporal Arts — Essay III: Ballet and Dance,10.5281/zenodo.18989701,10.5281/zenodo.18989702,18989702,168,160,77,57,168,160,77,57
2026-09-26,2026-09-26T06:29:50Z,papers/chisel-film.html,Chisel and Construct: The Universal Structure of Temporal Arts — Essay IV: Theatre and Film,10.5281/zenodo.18989755,10.5281/zenodo.18989756,18989756,180,179,80,80,180,179,80,80
2026-09-26,2026-09-26T06:29:50Z,papers/zfcrho13.html,Algebraic Structure and Conditional Distribution of Jump Gain,10.5281/zenodo.18991986,10.5281/zenodo.18991987,18991987,193,192,63,63,193,192,63,63
2026-09-26,2026-09-26T06:29:50Z,papers/zfcrho14.html,Reduction to Bounded Conditional Variance: Three-Component Decomposition of Jump Gain,10.5281/zenodo.18994187,10.5281/zenodo.18994188,18994188,187,186,71,71,187,186,71,71
2026-09-26,2026-09-26T06:29:50Z,papers/zfcrho15.html,"Sieve Structure, Compositeness Discount, and the Architecture of Conjecture H'",10.5281/zenodo.19007312,10.5281/zenodo.19007313,19007313,233,229,99,96,233,229,99,96
2026-09-26,2026-09-26T06:29:50Z,papers/zfcrho16.html,"The Insertion Identity, Variance Splitting, and the Relay Engine of Conjecture H'",10.5281/zenodo.19013602,10.5281/zenodo.19013603,19013603,205,203,80,78,205,203,80,78
2026-09-26,2026-09-26T06:29:50Z,papers/zfcrho17.html,"Monotonicity, Roughness Stability, and the Narrowing of the Relay Architecture",10.5281/zenodo.19016958,10.5281/zenodo.19016959,19016959,196,195,75,75,196,195,75,75
2026-09-26,2026-09-26T06:29:50Z,papers/zfcrho18.html,The Anti-Correlation Engine: Variance Structure of ρ_E and the Local Smoothness of Integer Complexity,10.5281/zenodo.19024385,10.5281/zenodo.19024386,19024386,209,205,90,88,209,205,90,88
2026-09-26,2026-09-26T06:29:50Z,papers/zfcrho19.html,"The Three-Point Law, Self-Correction, and the Narrowing of the Variance Gap",10.5281/zenodo.19026991,10.5281/zenodo.19026992,19026992,187,186,68,68,187,186,68,68
2026-09-26,2026-09-26T06:29:50Z,papers/zfcrho20.html,Closing the B-bound: The Prime-Power Second Moment Theorem and the First Unconditional Node,10.5281/zenodo.19027892,10.5281/zenodo.19027893,19027893,182,177,49,45,182,177,49,45
2026-09-26,2026-09-26T06:29:50Z,papers/interstellar-civilization.html,Interstellar Civilization Thought Experiment: SAE-1 to SAE-4 Civilization Levels and the Group Dimension,10.5281/zenodo.19027894,10.5281/zenodo.19027895,19027895,174,173,77,77,174,173,77,77
2026-09-26,2026-09-26T06:29:50Z,papers/cosmological-thought-experiment.html,"Cosmological Physics Thought Experiment: Causality Softening, Cosmic Contraction, and Gravitational-Wave Inelasticity",10.5281/zenodo.19028005,10.5281/zenodo.19028006,19028006,189,187,86,82,189,187,86,82
2026-09-26,2026-09-26T06:29:50Z,papers/sae-critique-ethics.html,One's Own Law: The SAE Critique of Ethics and Morality,10.5281/zenodo.19037566,10.5281/zenodo.19037567,19037567,183,182,62,60,183,182,62,60
2026-09-26,2026-09-26T06:29:50Z,papers/zfcrho21.html,Queue Isomorphism and the Local Lipschitz Reduction for Selection Cost,10.5281/zenodo.19037934,10.5281/zenodo.19037935,19037935,184,182,67,63,184,182,67,63
2026-09-26,2026-09-26T06:29:50Z,papers/zfcrho22.html,Unbounded Mean Gain and the Closure of Assumption A',10.5281/zenodo.19039953,10.5281/zenodo.19039954,19039954,181,178,68,66,181,178,68,66
2026-09-26,2026-09-26T06:29:50Z,papers/zfcrho23.html,Concentration of Compositeness Discount and Quantitative Convergence of D(N) → 1,10.5281/zenodo.19041689,10.5281/zenodo.19041690,19041690,161,160,47,46,161,160,47,46
2026-09-26,2026-09-26T06:29:50Z,papers/zfcrho24.html,Prime-Stratified Decomposition of the Insertion Measure and a Defect-Gap Inequality,10.5281/zenodo.19044696,10.5281/zenodo.19044697,19044697,184,183,46,45,184,183,46,45
2026-09-26,2026-09-26T06:29:50Z,papers/terrible-twos.html,What Terrible Twos Actually Is: The Structural Genesis of Self-Awareness,10.5281/zenodo.19044827,10.5281/zenodo.19044828,19044828,184,183,78,77,184,183,78,77
2026-09-26,2026-09-26T06:29:50Z,papers/zfcrho25.html,Dyadic Shell Constant and Positivity of the Predecessor Gap,10.5281/zenodo.19054726,10.5281/zenodo.19054727,19054727,185,183,61,60,185,183,61,60
2026-09-26,2026-09-26T06:29:50Z,papers/forget-self.html,To Forget the Self: From Self-Understanding to Structural Respect for the Other,10.5281/zenodo.19059139,10.5281/zenodo.19059140,19059140,168,167,74,73,168,167,74,73
2026-09-26,2026-09-26T06:29:50Z,papers/zfcrho26.html,"Prime Source Term, Additive Decomposition, and the Positivity of the Predecessor Gap",10.5281/zenodo.19059834,10.5281/zenodo.19062464,19062464,212,205,166,164,176,174,131,130
2026-09-26,2026-09-26T06:29:50Z,papers/zfcrho27.html,Upper Reflection Criterion for Composite Drift and Numerical Verification,10.5281/zenodo.19062684,10.5281/zenodo.19062685,19062685,200,197,112,111,200,197,112,111
2026-09-26,2026-09-26T06:29:50Z,papers/zfcrho28.html,"Universal Scale Attenuation, Weighted Attenuation Decomposition, and a Three-Step Framework for Lower Reflection",10.5281/zenodo.19078654,10.5281/zenodo.19078902,19078902,187,185,116,114,169,167,97,95
2026-09-26,2026-09-26T06:29:50Z,papers/zfcrho29.html,"Conceptual Audit of D(N) vs Dyadic Gap, Scale Correction of the Height Distribution, and Discrete Concentration of Pred Gap",10.5281/zenodo.19083884,10.5281/zenodo.19101841,19101841,206,205,96,96,179,178,59,59
2026-09-26,2026-09-26T06:29:50Z,papers/zfcrho30.html,"First Direct Measurement of D(N), Multiplicative Decomposition, and Structural Constraints on H'",10.5281/zenodo.19101810,10.5281/zenodo.19101811,19101811,170,168,70,69,170,168,70,69
2026-09-26,2026-09-26T06:29:50Z,papers/artist-is-dead.html,The Artist Is Dead: One-Dimensional Civilization Is the Killer,10.5281/zenodo.19104160,10.5281/zenodo.19104161,19104161,194,192,63,63,194,192,63,63
2026-09-26,2026-09-26T06:29:50Z,papers/zfcrho31.html,"The Layer-by-Layer Bottleneck Map for H' — Stratified Framework, Moving Bottleneck, and Ω-Universal Scale Attenuation",10.5281/zenodo.19104860,10.5281/zenodo.19104861,19104861,174,173,73,73,174,173,73,73
2026-09-26,2026-09-26T06:29:50Z,papers/zfcrho32.html,Fixed-Core Locking and Prime-Core Profile — The Residual Floor Structure of H',10.5281/zenodo.19116625,10.5281/zenodo.19116626,19116626,164,163,139,137,164,163,139,137
2026-09-26,2026-09-26T06:29:50Z,papers/zfcrho33.html,Fixed-Core Margin Drift and Harmonic Closure of H' at the Ω=2 Layer,10.5281/zenodo.19124485,10.5281/zenodo.19158793,19158793,190,186,76,75,173,169,63,63
2026-09-26,2026-09-26T06:29:50Z,papers/zfcrho34.html,Upper-Margin Closure and the Bounded-Variance Phenomenon,10.5281/zenodo.19140015,10.5281/zenodo.19158789,19158789,209,204,67,66,192,189,45,45
2026-09-26,2026-09-26T06:29:50Z,papers/zfcrho35.html,Congruence Relaxation and the Erosion of Predecessor Advantage,10.5281/zenodo.19143732,10.5281/zenodo.19143995,19143995,191,187,130,125,172,168,96,92
2026-09-26,2026-09-26T06:29:50Z,papers/zfcrho36.html,"The 1/φ(m) Local Model, Explanation Rate Plateau, and Global DP Path Effects",10.5281/zenodo.19153002,10.5281/zenodo.19153003,19153003,212,202,1533,1533,212,202,1533,1533
2026-09-26,2026-09-26T06:29:50Z,papers/zfcrho37.html,The Entry-Continuation Decomposition and Quantitative Closure of B-C Erosion,10.5281/zenodo.19155792,10.5281/zenodo.19158779,19158779,188,186,111,107,171,169,82,78
2026-09-26,2026-09-26T06:29:50Z,papers/applied2.html,"SAE Application: Sentence Level, Subject Condition, and the Limits of Prompt Engineering",10.5281/zenodo.19157713,10.5281/zenodo.19157714,19157714,184,184,66,63,184,184,66,63
2026-09-26,2026-09-26T06:29:50Z,papers/zfcrho38.html,Ratio-Parametrization of G and the Composition-Shift Reinterpretation of B-C Erosion,10.5281/zenodo.19157939,10.5281/zenodo.19158742,19158742,197,194,91,90,185,182,73,72
2026-09-26,2026-09-26T06:29:50Z,papers/zfcrho39.html,Shifted-Product Deficit and the Logarithmic Growth of M_loc at the Ω=2 Layer,10.5281/zenodo.19164588,10.5281/zenodo.19164589,19164589,176,174,53,52,176,174,53,52
2026-09-26,2026-09-26T06:29:50Z,papers/dream.html,"Sequential Dependence in Consciousness: DD-Layer Reconstruction in Sleep, Dreams, and Anesthesia",10.5281/zenodo.19176873,10.5281/zenodo.19244588,19244588,191,188,91,91,167,165,67,67
2026-09-26,2026-09-26T06:29:50Z,papers/zfcrho40.html,Direct Positive Slope of M̄ and Strong Numerical Support for Ω=2 Closure,10.5281/zenodo.19179778,10.5281/zenodo.19179779,19179779,176,175,130,122,176,175,130,122
2026-09-26,2026-09-26T06:29:50Z,papers/life-and-death.html,"Life and Death, Self and No-Self",10.5281/zenodo.19201237,10.5281/zenodo.19201238,19201238,192,189,63,62,192,189,63,62
2026-09-26,2026-09-26T06:29:50Z,papers/terrible-teens.html,What Terrible Teens Actually Is: The Structural Genesis of Purpose,10.5281/zenodo.19201631,10.5281/zenodo.19201632,19201632,159,157,83,81,159,157,83,81
2026-09-26,2026-09-26T06:29:50Z,papers/zfcrho41.html,"Unified Recursive Framework, Ω≤6 Positive-Slope Closure Signal, and the Ω=2–8 Slope Spectrum",10.5281/zenodo.19201877,10.5281/zenodo.19201878,19201878,180,178,99,98,180,178,99,98
2026-09-26,2026-09-26T06:29:50Z,papers/fixation-radiation.html,"Fixation, Fragility, and Radiation: A Structural Theory of Mass Extinction Dynamics",10.5281/zenodo.19225113,10.5281/zenodo.19225114,19225114,171,169,79,79,171,169,79,79
2026-09-26,2026-09-26T06:29:50Z,papers/consciousness-daily.html,Daily Applications of Consciousness Discontinuity: Clearing and Reloading the 12DD Predictive Cache,10.5281/zenodo.19226545,10.5281/zenodo.19226546,19226546,168,167,75,73,168,167,75,73
2026-09-26,2026-09-26T06:29:50Z,papers/zfcrho42.html,"A Conditional Closure Route for H': Turning Point Elimination, Uniform Weighted Lemma, Frontier Reduction, and Three Residual Inputs",10.5281/zenodo.19226607,10.5281/zenodo.19226735,19226735,184,183,156,155,168,167,139,138
2026-09-26,2026-09-26T06:29:50Z,papers/language-remainder.html,Language and Its Remainder: The Semantic Layer and the Ontological Layer in the Age of AI,10.5281/zenodo.19228557,10.5281/zenodo.19228558,19228558,171,170,59,59,171,170,59,59
2026-09-26,2026-09-26T06:29:50Z,papers/zfcrho43.html,"Four Faces of Self-Correction: Computational Verification of NI1–NI3 at N = 10¹⁰, Numerical Verification of Four Frontiers, and the Poly(k) Closing Route",10.5281/zenodo.19240183,10.5281/zenodo.19240184,19240184,182,180,63,62,182,180,63,62
2026-09-26,2026-09-26T06:29:50Z,papers/sae-cosmological-constant.html,From Remainder Conservation to the Cosmological Constant: Dark Energy in the Self-as-an-End Framework,10.5281/zenodo.19245267,10.5281/zenodo.19292256,19292256,192,190,84,84,179,177,62,62
2026-09-26,2026-09-26T06:29:50Z,papers/prime-presieve.html,Why Primes Have No Shortcuts: An O(1) Prime Pre-Sieve from Precomputed ρ_E Tables,10.5281/zenodo.19246377,10.5281/zenodo.19246378,19246378,176,175,79,79,176,175,79,79
2026-09-26,2026-09-26T06:29:50Z,papers/zfcrho44.html,"Why DP min Produces Local Smoothness: Reset-Slack Decomposition, Le Chatelier Dynamic Equilibrium, and Chisel-Remainder Coincidence",10.5281/zenodo.19247859,10.5281/zenodo.19247860,19247860,177,176,60,60,177,176,60,60
2026-09-26,2026-09-26T06:29:50Z,papers/terrible-telos.html,What Terrible Telos Actually Is: The Structural Genesis of Non Dubito,10.5281/zenodo.19248039,10.5281/zenodo.19248040,19248040,23,22,29,29,23,22,29,29
2026-09-26,2026-09-26T06:29:50Z,papers/methodology4.html,SAE Methodology Paper IV: The Twelve-State Transmission Model of Knowledge Evolution,10.5281/zenodo.19275104,10.5281/zenodo.19275105,19275105,191,190,58,56,191,190,58,56
2026-09-26,2026-09-26T06:29:50Z,papers/zfcrho45.html,"From Reset Slack to Historical Reservoir: Capacity-Allocation Law, Charge-Discharge Dynamics, and the Remainder Transfer Law",10.5281/zenodo.19275286,10.5281/zenodo.19275287,19275287,173,171,46,46,173,171,46,46
2026-09-26,2026-09-26T06:29:50Z,papers/sae-dark-matter.html,From Causality Phase Transition to Galaxy Rotation Curves: Dark Matter in the Self-as-an-End Framework,10.5281/zenodo.19276846,10.5281/zenodo.19292375,19292375,176,171,63,63,164,159,56,56
2026-09-26,2026-09-26T06:29:50Z,papers/sae-from-lambda-to-a0.html,From Λ to a₀: The Geometric Completion of the Dual-4DD Cosmological Programme,10.5281/zenodo.19281983,10.5281/zenodo.19281984,19281984,170,167,47,47,170,167,47,47
2026-09-26,2026-09-26T06:29:50Z,papers/sae-judgment-aesthetics.html,SAE Judgment and Aesthetics — In Tribute to Kant,10.5281/zenodo.19296710,10.5281/zenodo.19296711,19296711,189,188,63,62,189,188,63,62
2026-09-26,2026-09-26T06:29:50Z,papers/sae-inter-ontological.html,How Is the Inter-Ontological Possible: The Subjective Conditions and Emergent Structure of Freedom,10.5281/zenodo.19297847,10.5281/zenodo.19297848,19297848,214,211,73,71,214,211,73,71
2026-09-26,2026-09-26T06:29:50Z,papers/sae-geff-bbn-cmb.html,"G_eff in the SAE Framework: Plateau-Rise Profile, BBN/CMB Safety, and Three Open Tensions",10.5281/zenodo.19298161,10.5281/zenodo.19298162,19298162,180,177,47,47,180,177,47,47
2026-09-26,2026-09-26T06:29:50Z,papers/zfcrho46.html,"SPF Skeleton Reduction, Analytic Interface, and Conditional Closure of Conjecture 2",10.5281/zenodo.19303511,10.5281/zenodo.19303512,19303512,157,156,58,58,157,156,58,58
2026-09-26,2026-09-26T06:29:50Z,papers/sae-anti-turing.html,The SAE Anti-Turing Test: A Thermodynamic Falsification Method for AI Subjectivity,10.5281/zenodo.19305611,10.5281/zenodo.22655158,22655158,167,166,87,87,5,4,3,3
2026-09-26,2026-09-26T06:29:50Z,papers/writing-last-mile.html,The Last Mile of Writing: Style Growth in the Age of AI,10.5281/zenodo.19307428,10.5281/zenodo.19307429,19307429,222,221,103,102,222,221,103,102
2026-09-26,2026-09-26T06:29:50Z,papers/zfcrho-thermo.html,Fluctuation Absorption Rate η ≪ 1: Strong Complementary Cancellation and Nonequilibrium Stability in a Zero-Parameter Min Recursion,10.5281/zenodo.19310282,10.5281/zenodo.19310283,19310283,187,182,93,93,187,182,93,93
2026-09-26,2026-09-26T06:29:50Z,papers/sae-psycho-1-id.html,SAE Psychoanalysis (I): Id — The Me Without a Self,10.5281/zenodo.19321143,10.5281/zenodo.19321144,19321144,195,193,75,73,195,193,75,73
2026-09-26,2026-09-26T06:29:50Z,papers/sae-psycho-2-ego.html,SAE Psychoanalysis (II): Ego — The Self Without a Purpose,10.5281/zenodo.19321314,10.5281/zenodo.19321315,19321315,185,183,60,60,185,183,60,60
2026-09-26,2026-09-26T06:29:50Z,papers/sae-psycho-3-superego.html,SAE Psychoanalysis (III): Superego — The Self With a Purpose,10.5281/zenodo.19321417,10.5281/zenodo.19321418,19321418,178,177,91,91,178,177,91,91
2026-09-26,2026-09-26T06:29:50Z,papers/sae-psycho-4-cert.html,SAE Psychoanalysis (IV): Cert and Unification — The Self Beyond Doubt and the Four-Layer Framework,10.5281/zenodo.19321534,10.5281/zenodo.19321535,19321535,180,179,60,60,180,179,60,60
2026-09-26,2026-09-26T06:29:50Z,papers/zfcrho47.html,"Character-Refined Prime Input, Shell-Depth Lemma, and Parity-Mediated PCF₂",10.5281/zenodo.19323564,10.5281/zenodo.19323565,19323565,162,161,46,46,162,161,46,46
2026-09-26,2026-09-26T06:29:50Z,papers/zfcrho48.html,"Unified Prime-Layer Cancellation: Raw First Layer, Odd-Predecessor Reduction, and Harmless Tails",10.5281/zenodo.19328550,10.5281/zenodo.19328551,19328551,184,183,53,53,184,183,53,53
2026-09-26,2026-09-26T06:29:50Z,papers/sae-institution.html,How Is Institution Possible: From Inter-Ontological Remainder to Co-Constructive Framework,10.5281/zenodo.19328662,10.5281/zenodo.22851738,22851738,221,211,117,116,10,8,1,1
2026-09-26,2026-09-26T06:29:50Z,papers/beyond-fast-slow.html,Beyond Fast and Slow: A Four-Layer Cognitive Architecture from Dimensional Sequence Theory,10.5281/zenodo.19329284,10.5281/zenodo.19329285,19329285,175,172,30,29,175,172,30,29
2026-09-26,2026-09-26T06:29:50Z,papers/sae-cosmo-5.html,"The Peaked Profile of Local Causal Law, the Signed Balance of Paired Paths, and the Dual-Frame Resolution of the Ġ/G Tension",10.5281/zenodo.19329771,10.5281/zenodo.21926230,21926230,221,206,78,74,30,17,11,7
2026-09-26,2026-09-26T06:29:50Z,papers/sae-four-forces-prequel.html,"Light Speed, Dimensional Breakthrough, and the Coupling Constant Hierarchy",10.5281/zenodo.19341042,10.5281/zenodo.19341043,19341043,182,180,80,80,182,180,80,80
2026-09-26,2026-09-26T06:29:50Z,papers/sae-four-forces-I.html,"Four Forces, Two Postulates: Unification of Source, Not Structure",10.5281/zenodo.19342106,10.5281/zenodo.21930071,21930071,181,179,63,63,5,4,3,3
2026-09-26,2026-09-26T06:29:50Z,papers/nurturing.html,Cross-Subject DD-Layer Regulation: Six Forms of Nurturing,10.5281/zenodo.19347095,10.5281/zenodo.19347096,19347096,178,177,63,63,178,177,63,63
2026-09-26,2026-09-26T06:29:50Z,papers/sae-ai-trends.html,Constraint and Emergence: Structural Trends in AI Development as Seen from Local Inference,10.5281/zenodo.19356675,10.5281/zenodo.19356676,19356676,117,115,116,109,117,115,116,109
2026-09-26,2026-09-26T06:29:50Z,papers/zfcrho-49.html,"The UAP_Ω Theorem, Slow Decrease, Cyclotomic Discount Rates, and the Two Final Gaps for H′",10.5281/zenodo.19357193,10.5281/zenodo.19357194,19357194,172,171,48,48,172,171,48,48
2026-09-26,2026-09-26T06:29:50Z,papers/four-layers-economic.html,Four Layers of Economic Rationality: A Diagnostic Extension of the Rational Agent from Dimensional Sequence Theory,10.5281/zenodo.19358010,10.5281/zenodo.19358011,19358011,199,196,100,93,199,196,100,93
2026-09-26,2026-09-26T06:29:50Z,papers/sae-methodology-subject.html,The Subject as Structural Condition of Methodology: Field Validation of the Twelve-State Transmission Model and the Whether Function,10.5281/zenodo.19359612,10.5281/zenodo.19359613,19359613,188,187,59,59,188,187,59,59
2026-09-26,2026-09-26T06:29:50Z,papers/sae-four-forces-II.html,"The Four Forces Paper II: Color, Hypercharge, and Dual-4DD Boundary Resolution",10.5281/zenodo.19360101,10.5281/zenodo.21924721,21924721,190,189,62,62,8,7,4,4
2026-09-26,2026-09-26T06:29:50Z,papers/sae-physics-foundation.html,SAE Foundation v2: Systematic Restatement of the Physical-Quantity Ladder and Signature Discipline,10.5281/zenodo.19361950,10.5281/zenodo.20322460,20322460,228,221,85,83,127,122,48,46
2026-09-26,2026-09-26T06:29:50Z,papers/aging.html,Aging: The Running Cost of the Chisel-Construct Cycle,10.5281/zenodo.19364492,10.5281/zenodo.19364493,19364493,188,185,71,69,188,185,71,69
2026-09-26,2026-09-26T06:29:50Z,papers/sae-sex-unfolding.html,The Remainder Structure of Sex Unfolding: A Cross-Phylum Non-Adaptive Model of Same-Sex Sexual Behavior,10.5281/zenodo.19364915,10.5281/zenodo.22869528,22869528,197,196,73,73,2,2,5,5
2026-09-26,2026-09-26T06:29:50Z,papers/sae-multi-ai.html,Multi-AI Checks and Balances: Layer-Appropriate Operation as an Architectural Paradigm,10.5281/zenodo.19366105,10.5281/zenodo.19366106,19366106,210,207,65,63,210,207,65,63
2026-09-26,2026-09-26T06:29:50Z,papers/sae-four-forces-III.html,Labeling without Constructing: The DD Origin of the Weak Mixing Angle,10.5281/zenodo.19379412,10.5281/zenodo.21928526,21928526,172,169,79,77,9,7,4,4
2026-09-26,2026-09-26T06:29:50Z,papers/zfcrho50.html,"Character Stripping, Deterministic Square-Function, and the Precise Localization of H′",10.5281/zenodo.19381111,10.5281/zenodo.19382313,19382313,185,184,84,83,171,170,64,64
2026-09-26,2026-09-26T06:29:50Z,papers/sae-economics-2.html,The Other End of the Bridge: Economic Rationality When 15DD Faces a Party Who Does Not Enter 15DD,10.5281/zenodo.19381666,10.5281/zenodo.19381667,19381667,171,170,67,66,171,170,67,66
2026-09-26,2026-09-26T06:29:50Z,papers/sae-economics-3.html,"Dimensional Sequence Economics in Mixed Markets: Remote Observation, Clustering, and Emergence",10.5281/zenodo.19384446,10.5281/zenodo.19384447,19384447,185,184,77,76,185,184,77,76
2026-09-26,2026-09-26T06:29:50Z,papers/sae-economics-applied.html,The Conditions for Sharing with All of Humanity: Deriving an Open Information Protocol from Four Layers of Economic Rationality,10.5281/zenodo.19385061,10.5281/zenodo.19385062,19385062,176,175,83,80,176,175,83,80
2026-09-26,2026-09-26T06:29:50Z,papers/sae-reincarnation.html,A Structural Redefinition of &#8220;Reincarnation&#8221;: 11DD Broadcasting and 13DD Filtering,10.5281/zenodo.19385464,10.5281/zenodo.19385465,19385465,174,174,60,59,174,174,60,59
2026-09-26,2026-09-26T06:29:50Z,papers/sae-economics-breathing-money.html,Institutional Design in Adaptive Monetary Systems: A Dimensional Sequence Analysis of Breathing Money,10.5281/zenodo.19391325,10.5281/zenodo.19391326,19391326,166,165,62,61,166,165,62,61
2026-09-26,2026-09-26T06:29:50Z,papers/sae-economics-4.html,The Phase-Transition Window of the Free Market: The Homologous Skeleton of ZFCρ and SAE Economics,10.5281/zenodo.19393913,10.5281/zenodo.19393914,19393914,177,177,79,73,177,177,79,73
2026-09-26,2026-09-26T06:29:50Z,papers/zfcrho51.html,"Exponential Block Decay, Spectral Reformulation, and the Periodogram Target for H′",10.5281/zenodo.19393954,10.5281/zenodo.19393955,19393955,178,177,69,67,178,177,69,67
2026-09-26,2026-09-26T06:29:50Z,papers/sae-four-forces-generation.html,Topological Origin of Three Fermion Generations and Their Mass Structure,10.5281/zenodo.19394500,10.5281/zenodo.21925976,21925976,184,181,110,106,13,10,13,11
2026-09-26,2026-09-26T06:29:50Z,papers/sae-economics-5.html,The Structural Inevitability of 15DD Emergence in Free Markets: From Baseline Collisions to Perceptual Leap,10.5281/zenodo.19394738,10.5281/zenodo.19394739,19394739,176,174,77,73,176,174,77,73
2026-09-26,2026-09-26T06:29:50Z,papers/sae-economics-6.html,Kingdom of Ends vs Kingdom of Means: Phase-Transition Acceleration in the Age of AI,10.5281/zenodo.19396633,10.5281/zenodo.19396634,19396634,188,185,70,67,188,185,70,67
2026-09-26,2026-09-26T06:29:50Z,papers/zfcrho52.html,"Mean-Reversion, Spectral Valley, and the Projective Criterion for H′",10.5281/zenodo.19407328,10.5281/zenodo.19407329,19407329,173,171,70,69,173,171,70,69
2026-09-26,2026-09-26T06:29:50Z,papers/sae-four-forces-IV.html,"6-Block Pair Algebra, 𝔰𝔬(6) ≅ 𝔰𝔲(4), and Lepton as a Color-Singlet Volume Line",10.5281/zenodo.19411672,10.5281/zenodo.19411673,19411673,190,189,90,88,190,189,90,88
2026-09-26,2026-09-26T06:29:50Z,papers/zfcrho53.html,"Screened Long Memory, the Screening Return Theorem, and the Polynomial Gap for H′",10.5281/zenodo.19415440,10.5281/zenodo.19415441,19415441,172,171,77,75,172,171,77,75
2026-09-26,2026-09-26T06:29:50Z,papers/sae-four-forces-V.html,Four Forces Paper V: The Counting Origin of Coupling Constants and the Generating-Function Unification of 65/4,10.5281/zenodo.19415804,10.5281/zenodo.19415805,19415805,184,183,74,66,184,183,74,66
2026-09-26,2026-09-26T06:29:50Z,papers/sae-four-forces-VI.html,Four Forces Paper VI: Why GUT-Predicted Proton Decay Remains Absent — Spin(10) as Classification Algebra and the GUT Prediction Blind Spot,10.5281/zenodo.19426067,10.5281/zenodo.19426068,19426068,167,166,46,45,167,166,46,45
2026-09-26,2026-09-26T06:29:50Z,papers/zfcrho54.html,Recursive Ancestor Inheritance and the Origin of Power-Law Covariance in h(p),10.5281/zenodo.19426094,10.5281/zenodo.19426095,19426095,178,177,69,67,178,177,69,67
2026-09-26,2026-09-26T06:29:50Z,papers/learning1.html,"Learning Through Memory and Prediction: The Construction, Window, and Cost of 11DD and 12DD",10.5281/zenodo.19426123,10.5281/zenodo.19435191,19435191,184,183,85,84,171,170,68,67
2026-09-26,2026-09-26T06:29:50Z,papers/sae-four-forces-VII.html,Four Forces Paper VII: S³ Packing Theorem and the Three-Layer Structure of Coupling Constants,10.5281/zenodo.19433220,10.5281/zenodo.19433221,19433221,162,161,62,60,162,161,62,60
2026-09-26,2026-09-26T06:29:50Z,papers/learning2.html,"Learning to Scrutinize and Correct: The Emergence, Operation, and Cost of 13DD",10.5281/zenodo.19436811,10.5281/zenodo.19436812,19436812,178,177,102,94,178,177,102,94
2026-09-26,2026-09-26T06:29:50Z,papers/self-not-endpoint.html,"""Self Is Not the Endpoint"": Structural Convergence Across Three Religious Traditions and Three Psychoanalytic Frameworks",10.5281/zenodo.19446778,10.5281/zenodo.19446779,19446779,183,182,66,65,183,182,66,65
2026-09-26,2026-09-26T06:29:50Z,papers/zfcrho55.html,"Damped Oscillation, the 70/30 Law, and the Positive-Tail Theorem",10.5281/zenodo.19447349,10.5281/zenodo.19447350,19447350,172,171,194,183,172,171,194,183
2026-09-26,2026-09-26T06:29:50Z,papers/sae-four-forces-VIII.html,"Strong CP and DD Levels: A Mirror No-Go, and the Boundary-Condition Status of θ̄",10.5281/zenodo.19450288,10.5281/zenodo.21856889,21856889,177,176,66,66,9,8,15,15
2026-09-26,2026-09-26T06:29:50Z,papers/sae-four-forces-finale.html,The Grammar of Force: Self-as-an-End Four Forces Series — Finale,10.5281/zenodo.19464378,10.5281/zenodo.19464447,19464447,202,200,80,79,189,187,63,62
2026-09-26,2026-09-26T06:29:50Z,papers/methodology6.html,Phase-Transition Windows and Experimental Design: The Systematic Mismatch Between Exposure Heterogeneity and Binary Analysis,10.5281/zenodo.19464506,10.5281/zenodo.19636548,19636548,218,214,117,115,162,160,58,58
2026-09-26,2026-09-26T06:29:50Z,papers/zfcrho56.html,"The Affine Trough Theorem, Direct Spectral Ratio, and the Spectral Closure Equation",10.5281/zenodo.19464605,10.5281/zenodo.19464606,19464606,173,173,105,100,173,173,105,100
2026-09-26,2026-09-26T06:29:50Z,papers/zfcrho57.html,The Screened Spectral Bound and the Block Mean Target,10.5281/zenodo.19469013,10.5281/zenodo.19469014,19469014,167,167,67,66,167,167,67,66
2026-09-26,2026-09-26T06:29:50Z,papers/sae-mass-series-I.html,The R₁ Closure Equation and the Conditional Extraction of α_em,10.5281/zenodo.19476358,10.5281/zenodo.19476359,19476359,172,171,77,76,172,171,77,76
2026-09-26,2026-09-26T06:29:50Z,papers/zfcrho58.html,Deterministic Spectral Target and BL_α via Cross-Product and Spectral Derivative,10.5281/zenodo.19476508,10.5281/zenodo.19476509,19476509,167,164,76,72,167,164,76,72
2026-09-26,2026-09-26T06:29:50Z,papers/zfcrho59.html,Spectral Ratio Boundedness and the Two-Conjecture Closure of H',10.5281/zenodo.19480518,10.5281/zenodo.19480519,19480519,175,172,69,67,175,172,69,67
2026-09-26,2026-09-26T06:29:50Z,papers/zfcrho60.html,Closure — From Formalization Produces Remainder to the Two-Conjecture Frontier of H',10.5281/zenodo.19480563,10.5281/zenodo.19480564,19480564,169,168,80,78,169,168,80,78
2026-09-26,2026-09-26T06:29:50Z,papers/sae-mass-series-II.html,DD Resolvent Object and Unified Readout of Physical Constants,10.5281/zenodo.19480790,10.5281/zenodo.19480791,19480791,177,175,101,100,177,175,101,100
2026-09-26,2026-09-26T06:29:50Z,papers/methodology7.html,Negative Methodology — Via Negativa and the Formal Structure of Exclusion Principles,10.5281/zenodo.19481304,10.5281/zenodo.19481305,19481305,192,191,62,61,192,191,62,61
2026-09-26,2026-09-26T06:29:50Z,papers/learning3.html,"Purpose-Driven Learning: Introduction to SAE Learning, Part Three (14DD)",10.5281/zenodo.19490707,10.5281/zenodo.19490708,19490708,180,176,63,58,180,176,63,58
2026-09-26,2026-09-26T06:29:50Z,papers/learning4.html,Learning to Recognize the Other's Purpose: The Bridge from 14DD to 15DD,10.5281/zenodo.19491926,10.5281/zenodo.19491927,19491927,171,170,79,77,171,170,79,77
2026-09-26,2026-09-26T06:29:50Z,papers/sae-biology-note-1.html,Phase Transition Window in Metabolic Oncology,10.5281/zenodo.19492773,10.5281/zenodo.19492774,19492774,175,173,80,76,175,173,80,76
2026-09-26,2026-09-26T06:29:50Z,papers/sae-mass-series-III.html,DD Structure of the Periodic Table: From Proton Mass to Stability Limits,10.5281/zenodo.19493938,10.5281/zenodo.19493939,19493939,172,170,62,61,172,170,62,61
2026-09-26,2026-09-26T06:29:50Z,papers/sae-biology-note-2.html,"The Same ""Cannot Speak,"" Three Fault Lines, Three Remedies",10.5281/zenodo.19499328,10.5281/zenodo.19499329,19499329,182,181,83,79,182,181,83,79
2026-09-26,2026-09-26T06:29:50Z,papers/sae-biology-note-3.html,"Drugs for Weight Loss, Psychoanalysis for Weight Gain",10.5281/zenodo.19501120,10.5281/zenodo.19501121,19501121,181,177,70,68,181,177,70,68
2026-09-26,2026-09-26T06:29:50Z,papers/sae-mass-series-IV.html,The DD Ladder of Stars: From Hydrogen to Iron to Collapse,10.5281/zenodo.19501306,10.5281/zenodo.21924984,21924984,195,193,72,70,11,10,4,4
2026-09-26,2026-09-26T06:29:50Z,papers/sae-mass-series-V.html,Four Bridges and Black Holes: From the Genesis of Force to the Silence of the Horizon,10.5281/zenodo.19501532,10.5281/zenodo.21925043,21925043,196,193,78,78,17,14,17,17
2026-09-26,2026-09-26T06:29:50Z,papers/sae-epistemology-1.html,Must-Cognize: Four A Priori Conditions of Cognition and the Subjectivity Problem in AGI,10.5281/zenodo.19502952,10.5281/zenodo.19502953,19502953,202,199,91,88,202,199,91,88
2026-09-26,2026-09-26T06:29:50Z,papers/sae-epistemology-2.html,Must-Cognize-More: The Prior Wall and the Direction Problem of Lossy Compression,10.5281/zenodo.19503017,10.5281/zenodo.19503018,19503018,194,193,68,67,194,193,68,67
2026-09-26,2026-09-26T06:29:50Z,papers/sae-epistemology-3.html,Must-Have-Cognitive-Direction: The Direction Wall and the Flywheel's Dead End,10.5281/zenodo.19503096,10.5281/zenodo.19503097,19503097,184,183,84,81,184,183,84,81
2026-09-26,2026-09-26T06:29:50Z,papers/sae-epistemology-4.html,"Must-Be-Questioned: Remainder Never Dies, Questioning Never Stops, Development Never Ends",10.5281/zenodo.19503145,10.5281/zenodo.19503146,19503146,198,197,80,79,198,197,80,79
2026-09-26,2026-09-26T06:29:50Z,papers/sae-anthropology-prequel.html,The Cosmic Background of Anthropology,10.5281/zenodo.19503158,10.5281/zenodo.19503159,19503159,195,194,98,94,195,194,98,94
2026-09-26,2026-09-26T06:29:50Z,papers/sae-mass-series-convergence.html,The Nature of Information: E/c³ (V2),10.5281/zenodo.19510868,10.5281/zenodo.20176738,20176738,202,200,77,75,129,127,46,45
2026-09-26,2026-09-26T06:29:50Z,papers/zfcrho-thermo2.html,Microscopic Mechanism of the Fluctuation Absorption Rate η: From Per-Layer Innovation to Damped Oscillation,10.5281/zenodo.19511064,10.5281/zenodo.19511065,19511065,175,173,88,85,175,173,88,85
2026-09-26,2026-09-26T06:29:50Z,papers/sae-life-death-6.html,From Remainder Conservation to Step-3 Encoding Waves,10.5281/zenodo.19528780,10.5281/zenodo.19548394,19548394,196,195,118,117,33,32,44,44
2026-09-26,2026-09-26T06:29:50Z,papers/sae-anthropology-1.html,The Emergence of 13DD: A Phase-Transition Structure of What Makes Us Human,10.5281/zenodo.19531333,10.5281/zenodo.19565517,19565517,208,202,82,75,39,33,23,22
2026-09-26,2026-09-26T06:29:50Z,papers/sae-negativa.html,非 · Negativa: On Negation Prior to Being,10.5281/zenodo.19544619,10.5281/zenodo.19544620,19544620,205,201,95,92,205,201,95,92
2026-09-26,2026-09-26T06:29:50Z,papers/sae-anthropology-2.html,The Emergence of 14DD: Phase-Transition Structure from Individual Purpose to Shared Purpose,10.5281/zenodo.19546081,10.5281/zenodo.19546082,19546082,163,161,80,73,163,161,80,73
2026-09-26,2026-09-26T06:29:50Z,papers/sae-law-1.html,One's Law Meets One's Law: The Structural Origin of Law from 14DD Showdown,10.5281/zenodo.19548237,10.5281/zenodo.19548238,19548238,171,168,60,56,171,168,60,56
2026-09-26,2026-09-26T06:29:50Z,papers/sae-law-2.html,Group Law — From Emotion to Shared Identity: The Institutionalization of Questioning,10.5281/zenodo.19548318,10.5281/zenodo.19548319,19548319,162,161,59,57,162,161,59,57
2026-09-26,2026-09-26T06:29:50Z,papers/sae-law-3.html,National Law — Azeroth: A Negative Thought Experiment on the Structural Necessity of Law,10.5281/zenodo.19548596,10.5281/zenodo.19548597,19548597,163,161,60,59,163,161,60,59
2026-09-26,2026-09-26T06:29:50Z,papers/sae-law-4.html,Interstellar Law and Grand Closure — The Recession of Coercive Law,10.5281/zenodo.19549018,10.5281/zenodo.19549019,19549019,172,169,65,65,172,169,65,65
2026-09-26,2026-09-26T06:29:50Z,papers/sae-law-supplement.html,A Posterior Dialogue with Western Jurisprudence,10.5281/zenodo.19551526,10.5281/zenodo.22654821,22654821,162,159,62,61,4,2,3,3
2026-09-26,2026-09-26T06:29:50Z,papers/sae-anthropology-3.html,"15DD: The Emergence of ""Humanity as an End""",10.5281/zenodo.19559566,10.5281/zenodo.19565975,19565975,198,193,118,109,25,24,36,36
2026-09-26,2026-09-26T06:29:50Z,papers/sae-anthropology-4.html,The Emergence of Earth Civilization's Self,10.5281/zenodo.19563244,10.5281/zenodo.19563245,19563245,164,161,51,50,164,161,51,50
2026-09-26,2026-09-26T06:29:50Z,papers/sae-methodology-8.html,The Methodology of Human–AI Symbiosis,10.5281/zenodo.19581537,10.5281/zenodo.19581538,19581538,243,236,107,97,243,236,107,97
2026-09-26,2026-09-26T06:29:50Z,papers/sae-llm-alignment.html,The Subject Condition in LLM Alignment Evaluation: An Application of the Prior-Posterior Methodology,10.5281/zenodo.19583413,10.5281/zenodo.19583414,19583414,200,198,82,75,200,198,82,75
2026-09-26,2026-09-26T06:29:50Z,papers/sae-biology-note-4.html,Transplant Rejection and Consciousness-Mediated Regulation,10.5281/zenodo.19588656,10.5281/zenodo.19588657,19588657,181,179,67,65,181,179,67,65
2026-09-26,2026-09-26T06:29:50Z,papers/sae-biology-note-5.html,The Phase-Transition Window in Depression,10.5281/zenodo.19589573,10.5281/zenodo.19589574,19589574,165,162,70,69,165,162,70,69
2026-09-26,2026-09-26T06:29:50Z,papers/sae-biology-note-6.html,The A Priori Structure of the Midlife Crisis,10.5281/zenodo.19590561,10.5281/zenodo.19590562,19590562,182,179,72,69,182,179,72,69
2026-09-26,2026-09-26T06:29:50Z,papers/zfcrho-thermo3.html,ZFCρ Thermodynamics Paper III: Canonical f/r Extraction and Regime Classification of the Fluctuation Absorption Rate η,10.5281/zenodo.19597684,10.5281/zenodo.19597685,19597685,178,174,98,90,178,174,98,90
2026-09-26,2026-09-26T06:29:50Z,papers/sae-biology-note-7.html,Dissociative Identity and the Dissociation Spectrum,10.5281/zenodo.19600029,10.5281/zenodo.19600030,19600030,185,184,95,90,185,184,95,90
2026-09-26,2026-09-26T06:29:50Z,papers/zfcrho-thermo4.html,ZFCρ Thermodynamics Paper IV: Toward a First-Principles Derivation of the Tsallis q Parameter,10.5281/zenodo.19605664,10.5281/zenodo.19605665,19605665,174,171,81,77,174,171,81,77
2026-09-26,2026-09-26T06:29:50Z,papers/zfcrho61.html,ZFCρ Paper LXI: A Conditional Reduction of the Spectral Derivative Bound,10.5281/zenodo.19605749,10.5281/zenodo.19605750,19605750,169,166,98,98,169,166,98,98
2026-09-26,2026-09-26T06:29:50Z,papers/sae-biology-note-8.html,ADHD and the AI Era: Configuration Release in the 14DD-Rich Type,10.5281/zenodo.19616407,10.5281/zenodo.19616408,19616408,185,183,57,57,185,183,57,57
2026-09-26,2026-09-26T06:29:50Z,papers/sae-dialogues-01.html,SAE Dialogues · Da Zhi Asks Zi Lu · Volume One: From Telomerase to Before 0DD,10.5281/zenodo.19617070,10.5281/zenodo.19617071,19617071,182,180,65,65,182,180,65,65
2026-09-26,2026-09-26T06:29:50Z,papers/sae-biology-note-9.html,SAE Biology Note 9: The Memory System as a Method VI Phase Transition,10.5281/zenodo.19635021,10.5281/zenodo.19635022,19635022,177,174,120,106,177,174,120,106
2026-09-26,2026-09-26T06:29:50Z,papers/sae-methodology-9.html,SAE Methodology IX: A Framework for Analyzing Consciousness,10.5281/zenodo.19639033,10.5281/zenodo.19639034,19639034,176,175,75,74,176,175,75,74
2026-09-26,2026-09-26T06:29:50Z,papers/zfcrho-thermo5.html,ZFCρ Thermodynamics Paper V: The Channel-Normalized Winding Ratio,10.5281/zenodo.19649780,10.5281/zenodo.19649781,19649781,177,176,80,80,177,176,80,80
2026-09-26,2026-09-26T06:29:50Z,papers/sae-biology-note-10.html,SAE Biology Note 10: Anesthesia as Controlled Suppression of 13DD Fine-Layers,10.5281/zenodo.19650533,10.5281/zenodo.19650534,19650534,175,171,81,76,175,171,81,76
2026-09-26,2026-09-26T06:29:50Z,papers/zfcrho62.html,ZFCρ Paper LXII: Two-River Synchronization and the Precise Restatement of Spectral Ratio Boundedness — From P+R Decomposition to Conjecture 59.1,10.5281/zenodo.19656365,10.5281/zenodo.19656366,19656366,151,149,75,75,151,149,75,75
2026-09-26,2026-09-26T06:29:50Z,papers/sae-war-treatise.html,SAE War Treatise: How Cultivation Is Not Swallowed by War Itself,10.5281/zenodo.19656617,10.5281/zenodo.19656618,19656618,166,165,101,98,166,165,101,98
2026-09-26,2026-09-26T06:29:50Z,papers/sae-methodology-00.html,Methodology 00 Via Rho: The Way of the Remainder,10.5281/zenodo.19657439,10.5281/zenodo.19657440,19657440,170,167,77,76,170,167,77,76
2026-09-26,2026-09-26T06:29:50Z,papers/zfcrho-thermo6.html,"ZFCρ Thermodynamics Paper VI: Causal Correlation Volume, Tail-Active Multiplicative Coupling, and the Conditional Derivation of the Channel-Normalized Winding Ratio",10.5281/zenodo.19658595,10.5281/zenodo.19658596,19658596,144,143,47,47,144,143,47,47
2026-09-26,2026-09-26T06:29:50Z,papers/zfcrho63.html,ZFCρ Paper LXIII: Increment Second-Order Orthogonality and the SAE Axiom Intersection — From Deterministic Pairing to Zero-Mode Pinning,10.5281/zenodo.19659860,10.5281/zenodo.19659861,19659861,159,156,102,98,159,156,102,98
2026-09-26,2026-09-26T06:29:50Z,papers/sae-ai-quasi-subjectivity.html,SAE AI Paper II: Quasi-Subjectivity as Memory Architecture — A Six-Layer Framework from Perception to Purpose,10.5281/zenodo.19671870,10.5281/zenodo.19673710,19673710,172,170,78,75,154,152,64,61
2026-09-26,2026-09-26T06:29:50Z,papers/zfcrho-thermo7.html,"ZFCρ Thermodynamics Paper VII: Finite Causal Slots, Renewal Encapsulation, and the Operational Origin of Hierarchical Non-Boltzmann Kernels",10.5281/zenodo.19673078,10.5281/zenodo.19673079,19673079,161,160,60,60,161,160,60,60
2026-09-26,2026-09-26T06:29:50Z,papers/zfcrho64.html,"ZFCρ Paper LXIV: Two-Dimensional Anatomy of the Remainder Measure — Branch-Orthogonality, Free-Boundary Profiles, and Surrogate Layering",10.5281/zenodo.19674521,10.5281/zenodo.19674522,19674522,154,152,49,49,154,152,49,49
2026-09-26,2026-09-26T06:29:50Z,papers/zfcrho65.html,ZFCρ Paper LXV: Branch Centering and the Spectral Route — From False Mean Modes to the Conditional Ψ = O(j) Architecture,10.5281/zenodo.19687343,10.5281/zenodo.19687344,19687344,151,149,76,76,151,149,76,76
2026-09-26,2026-09-26T06:29:50Z,papers/zfcrho-thermo8.html,"ZFCρ Thermodynamics Paper VIII: Copying Fidelity, Renewal Retention, and the Thermodynamic Division of Labor across Biological DD Layers",10.5281/zenodo.19688303,10.5281/zenodo.19688304,19688304,163,162,63,63,163,162,63,63
2026-09-26,2026-09-26T06:29:50Z,papers/sae-tevah-app1.html,The Physical Referent of Tevah: A Via Negativa Application in Mythology,10.5281/zenodo.19692086,10.5281/zenodo.19692087,19692087,149,149,70,66,149,149,70,66
2026-09-26,2026-09-26T06:29:50Z,papers/zfcrho-thermo9.html,"ZFCρ Thermodynamics Paper IX: The Universal Activation Rule, Borrowed q, and Thermodynamic Principles of Hierarchical Architecture",10.5281/zenodo.19699488,10.5281/zenodo.19699489,19699489,151,148,51,50,151,148,51,50
2026-09-26,2026-09-26T06:29:50Z,papers/zfcrho66.html,ZFCρ Paper LXVI: Gradual Chiseling and the Spectral Bridge — Two-Regime Structure of the Centered Residual ACF,10.5281/zenodo.19701479,10.5281/zenodo.19701480,19701480,152,151,75,75,152,151,75,75
2026-09-26,2026-09-26T06:29:50Z,papers/zfcrho-thermo10.html,ZFCρ Thermodynamics Paper X (Closing Paper): Self-Reference as Channel Creator and Cross-Level Observation Hierarchy,10.5281/zenodo.19703273,10.5281/zenodo.19703274,19703274,160,158,59,57,160,158,59,57
2026-09-26,2026-09-26T06:29:50Z,papers/zfcrho67.html,ZFCρ Paper LXVII: Scale-Dependent Erosion Rate and the Intrinsic Spectral Bridge — Discovery of the C_eff Trajectory,10.5281/zenodo.19705713,10.5281/zenodo.19705714,19705714,133,132,59,59,133,132,59,59
2026-09-26,2026-09-26T06:29:50Z,papers/sae-categorical-faith.html,Categorical Faith: A Sentence-Form Theory of One's Own Faith in SAE,10.5281/zenodo.19719083,10.5281/zenodo.19724409,19724409,165,164,112,102,151,150,80,72
2026-09-26,2026-09-26T06:29:50Z,papers/zfcrho68.html,"ZFCρ Paper LXVIII: The {2,3}-Skeleton and the Minimum Crossing Mechanism — From 18 Kills to the Irreducibility of the Discrete",10.5281/zenodo.19739810,10.5281/zenodo.19739811,19739811,143,142,98,98,143,142,98,98
2026-09-26,2026-09-26T06:29:50Z,papers/sae-info-theory-1.html,SAE Information Theory I: The 4DD Ontology of Information and a Single Foundational Axiom,10.5281/zenodo.19740019,10.5281/zenodo.19740020,19740020,168,166,86,84,168,166,86,84
2026-09-26,2026-09-26T06:29:50Z,papers/sae-reason-cannot-not.html,Reason Cannot Not: An SAE Refinement of Kant's Four Formulations of the Categorical Imperative,10.5281/zenodo.19751512,10.5281/zenodo.19751513,19751513,156,155,66,66,156,155,66,66
2026-09-26,2026-09-26T06:29:50Z,papers/sae-four-forces-0.html,"Four Forces Paper 0: Gravity Is Not a Force, It Is Information Reading — A Reading-Mechanism Ontology for 4DD Interactions",10.5281/zenodo.19777880,10.5281/zenodo.19777881,19777881,185,183,76,72,185,183,76,72
2026-09-26,2026-09-26T06:29:50Z,papers/sae-info-theory-2.html,SAE Information Theory II: A Structural Derivation of Landauer's Principle within the SAE Framework — Three Pillars and Their Open Problems,10.5281/zenodo.19780314,10.5281/zenodo.19780315,19780315,150,148,73,73,150,148,73,73
2026-09-26,2026-09-26T06:29:50Z,papers/zfcrho69.html,ZFCρ H&#x2019; Series Paper LXIX: Finite Skeleton Phase Transitions and the Two-Leg Mechanism for Conjecture 59.1,10.5281/zenodo.19783658,10.5281/zenodo.19829875,19829875,174,173,147,146,155,154,50,49
2026-09-26,2026-09-26T06:29:50Z,papers/sae-info-theory-3.html,SAE Information Theory III: The Causal Slot of Information — A 4DD Ontology from Quantum Fluctuation to Thermal-Floor Minimum,10.5281/zenodo.19797456,10.5281/zenodo.19797457,19797457,147,146,71,71,147,146,71,71
2026-09-26,2026-09-26T06:29:50Z,papers/sae-grav-time-dilation.html,Gravitational Time Dilation in the SAE Framework: Causal Cell Throughput Derivation,10.5281/zenodo.19836183,10.5281/zenodo.19836185,19836185,154,152,45,45,154,152,45,45
2026-09-26,2026-09-26T06:29:50Z,papers/sae-info-theory-4.html,SAE Information Theory IV: Black Hole Information through the Causal Spectrum — The SAE-BH Correspondence,10.5281/zenodo.19880111,10.5281/zenodo.19880112,19880112,157,155,72,68,157,155,72,68
2026-09-26,2026-09-26T06:29:50Z,papers/sae-relativity-p2.html,Ontological Unification of Motion and Gravitational Effects: Effective Inertia under Causal-Slot Geometry,10.5281/zenodo.19910545,10.5281/zenodo.19910546,19910546,139,137,74,66,139,137,74,66
2026-09-26,2026-09-26T06:29:50Z,papers/sae-info-theory-5.html,SAE Information Theory V: The Ontological Structure of Broadcasting and Reception,10.5281/zenodo.19968503,10.5281/zenodo.19968504,19968504,142,139,57,51,142,139,57,51
2026-09-26,2026-09-26T06:29:50Z,papers/sae-long-tau-consensus.html,The Four-Phase Structure and Asymmetric Geometry of Long-τ Consensus,10.5281/zenodo.19984902,10.5281/zenodo.19984903,19984903,128,127,48,48,128,127,48,48
2026-09-26,2026-09-26T06:29:50Z,papers/zfcrho70.html,ZFCρ Paper LXX: The Block-Wise Effective Skeleton — A Reduction of Conjecture 59.1,10.5281/zenodo.19985154,10.5281/zenodo.19985155,19985155,139,137,52,51,139,137,52,51
2026-09-26,2026-09-26T06:29:50Z,papers/sae-relativity-p3.html,SAE Relativity P3: Functional Form of Static Effective Dimensionality under Causal-Slot Geometry,10.5281/zenodo.19992252,10.5281/zenodo.19992253,19992253,135,134,74,69,135,134,74,69
2026-09-26,2026-09-26T06:29:50Z,papers/sae-moral-law-1.html,SAE Moral Law Series · Paper 1: Four Foundational Theorems of the Moral Law · Dao,10.5281/zenodo.20011018,10.5281/zenodo.20011019,20011019,153,151,69,68,153,151,69,68
2026-09-26,2026-09-26T06:29:50Z,papers/zfcrho71.html,ZFCρ Paper LXXI: Linear Signed Abel Budget and the Saturated Zero-Mode Target,10.5281/zenodo.20011553,10.5281/zenodo.20020573,20020573,149,148,91,87,136,135,64,62
2026-09-26,2026-09-26T06:29:50Z,papers/sae-moral-law-2.html,"SAE Moral Law Series · Paper 2: Introspective Fairness, Justice, and Equality · Dao",10.5281/zenodo.20020396,10.5281/zenodo.20020397,20020397,153,149,56,53,153,149,56,53
2026-09-26,2026-09-26T06:29:50Z,papers/zfcrho72.html,ZFCρ Paper LXXII: Spectral Bridge Front II — Positive-Lobe Scaling and Front Residual Locking,10.5281/zenodo.20029941,10.5281/zenodo.20029942,20029942,146,141,48,48,146,141,48,48
2026-09-26,2026-09-26T06:29:50Z,papers/sae-moral-law-3.html,SAE Moral Law Series · Paper 3: The Reputation Economy · Dao,10.5281/zenodo.20046168,10.5281/zenodo.20046169,20046169,162,161,121,114,162,161,121,114
2026-09-26,2026-09-26T06:29:50Z,papers/sae-info-theory-6.html,SAE Information Theory VI: Gravitational Wave Dynamics — The Dynamic Articulation of 4DD Broadcast,10.5281/zenodo.20066644,10.5281/zenodo.20066645,20066645,133,132,68,67,133,132,68,67
2026-09-26,2026-09-26T06:29:50Z,papers/sae-form-flow-p1.html,Form and Flow P1 — On the Hypotheses Which Lie at the Foundations of Geometry (Part II): A Contemporary Continuation of Riemann's Methodology and the Recognition of Geometric Remainders,10.5281/zenodo.20066985,10.5281/zenodo.20066986,20066986,149,147,61,58,149,147,61,58
2026-09-26,2026-09-26T06:29:50Z,papers/sae-moral-law-4.html,SAE Moral Law Series · Paper 4: Procedure of the Moral Court · Dao,10.5281/zenodo.20066987,10.5281/zenodo.22683110,22683110,154,153,62,60,8,7,5,5
2026-09-26,2026-09-26T06:29:50Z,papers/sae-relativity-p4.html,"SAE Relativity P4: Anisotropic Cell Tensor, the Third Path to Lorentz Transformation, the Clock Postulate as a Recovered Theorem, and the Ontological Identity of Einstein's Field Equation",10.5281/zenodo.20079718,10.5281/zenodo.20079719,20079719,138,135,68,67,138,135,68,67
2026-09-26,2026-09-26T06:29:50Z,papers/sae-moral-law-5.html,SAE Moral Law Series · Paper 5: Positive-Sum — The Ontological Ground of 15DD Mutual Chiseling,10.5281/zenodo.20081078,10.5281/zenodo.20081079,20081079,156,153,80,76,156,153,80,76
2026-09-26,2026-09-26T06:29:50Z,papers/zfcrho73.html,"ZFCρ Paper LXXIII: Antisymmetric Ward Lift, Uniform Readout Kernel, and the Abel-Transfer Defect — A Four-Layer Mechanism Architecture for the Gap-Class Cross-Interference Structure",10.5281/zenodo.20081779,10.5281/zenodo.20081780,20081780,131,130,63,60,131,130,63,60
2026-09-26,2026-09-26T06:29:50Z,papers/sae-relativity-p5.html,SAE Relativity V: The Schwarzschild Horizon under SAE — Cell Substrate Articulation of the Static Spherically Symmetric Vacuum Geometry,10.5281/zenodo.20105112,10.5281/zenodo.20105113,20105113,136,135,56,55,136,135,56,55
2026-09-26,2026-09-26T06:29:50Z,papers/sae-info-theory-7.html,SAE Information Theory P7: The Spark of Life — Remainder Unfolding as Causal-Slot Emergence,10.5281/zenodo.20105883,10.5281/zenodo.20105884,20105884,165,159,68,64,165,159,68,64
2026-09-26,2026-09-26T06:29:50Z,papers/sae-moral-law-6.html,SAE Moral Law Series · Paper 6: Mixed Reality — The Intermediate State of 14DD Growing toward 15DD,10.5281/zenodo.20108658,10.5281/zenodo.20108659,20108659,150,149,69,63,150,149,69,63
2026-09-26,2026-09-26T06:29:50Z,papers/sae-remainder-jing.html,Remainder Jing,10.5281/zenodo.20114648,10.5281/zenodo.20114649,20114649,145,143,46,46,145,143,46,46
2026-09-26,2026-09-26T06:29:50Z,papers/sae-daodejing-1.html,Commentary on the Daodejing: The Junzi Is Not a Vessel — I (Chapters 1–9),10.5281/zenodo.20116124,10.5281/zenodo.22775664,22775664,311,303,33,29,140,139,9,8
2026-09-26,2026-09-26T06:29:50Z,papers/sae-daodejing-2.html,Commentary on the Daodejing: The Junzi Is Not a Vessel — II (Chapters 10–18),10.5281/zenodo.20116288,10.5281/zenodo.22775719,22775719,148,145,26,26,3,3,7,7
2026-09-26,2026-09-26T06:29:50Z,papers/sae-daodejing-3.html,Commentary on the Daodejing: The Junzi Is Not a Vessel — III (Chapters 19–27),10.5281/zenodo.20117250,10.5281/zenodo.22775728,22775728,153,150,31,30,3,2,5,5
2026-09-26,2026-09-26T06:29:50Z,papers/sae-daodejing-4.html,Annotations on the Daodejing: The Junzi Is Not a Vessel — Paper 4 (Chapters 28–36),10.5281/zenodo.20127344,10.5281/zenodo.22775753,22775753,143,135,23,23,1,1,5,5
2026-09-26,2026-09-26T06:29:50Z,papers/sae-daodejing-5.html,Annotations on the Daodejing: The Junzi Is Not a Vessel — Paper 5 (Chapters 37–45),10.5281/zenodo.20129184,10.5281/zenodo.22775764,22775764,142,139,22,22,6,5,5,5
2026-09-26,2026-09-26T06:29:50Z,papers/sae-daodejing-6.html,Annotations on the Daodejing: The Junzi Is Not a Vessel — Paper 6 (Chapters 46–54),10.5281/zenodo.20131002,10.5281/zenodo.22775829,22775829,157,150,53,53,5,5,6,6
2026-09-26,2026-09-26T06:29:50Z,papers/sae-daodejing-7.html,Commentary on the Daodejing: The Junzi Is Not an Instrument — Volume 7 (Chapters 55–63),10.5281/zenodo.20131989,10.5281/zenodo.22775864,22775864,154,151,33,32,3,3,9,8
2026-09-26,2026-09-26T06:29:50Z,papers/sae-relativity-p6.html,"SAE Relativity Series, Paper P6: The Kerr Black Hole under SAE — Helical Closure of the Axisymmetric Vacuum Geometry",10.5281/zenodo.20131992,10.5281/zenodo.20131993,20131993,127,126,60,58,127,126,60,58
2026-09-26,2026-09-26T06:29:50Z,papers/sae-daodejing-8.html,Commentary on the Daodejing: Junzi-Bu-Qi — Volume 8 (Chapters 64–72),10.5281/zenodo.20133829,10.5281/zenodo.22775890,22775890,168,160,34,33,7,7,10,9
2026-09-26,2026-09-26T06:29:50Z,papers/sae-daodejing-9.html,"Commentary on the Daodejing: Junzi-Bu-Qi — Volume 9, Final Volume (Chapters 73–81)",10.5281/zenodo.20145192,10.5281/zenodo.22775905,22775905,134,130,26,25,6,5,6,6
2026-09-26,2026-09-26T06:29:50Z,papers/sae-info-theory-8.html,SAE Information Theory P8 — The Spark on the Bridge: Minimum Autocatalytic Set as Bridge Measure Between 4DD and 5DD,10.5281/zenodo.20149210,10.5281/zenodo.20149211,20149211,134,132,69,65,134,132,69,65
2026-09-26,2026-09-26T06:29:50Z,papers/sae-relativity-p7.html,SAE Relativity Series P7: The Three-Tier Equivalence Principle under SAE,10.5281/zenodo.20153787,10.5281/zenodo.20153788,20153788,139,136,49,48,139,136,49,48
2026-09-26,2026-09-26T06:29:50Z,papers/sae-math-p1.html,The Architecture of SAE Mathematics: A Layer Articulation Schema and the Twofold Inexhaustibility of Mathematics and Its Frameworks,10.5281/zenodo.20153791,10.5281/zenodo.21551299,21551299,135,132,47,46,19,18,11,11
2026-09-26,2026-09-26T06:29:50Z,papers/sae-moral-law-7.html,SAE Moral Law Series · Paper 7: 15DD Phase Transition and the Historical Manifestation of Individual 15DD,10.5281/zenodo.20177415,10.5281/zenodo.20177416,20177416,137,136,59,57,137,136,59,57
2026-09-26,2026-09-26T06:29:50Z,papers/sae-methodology-10.html,Methodology Ten: The Four-fold Pattern (V2),10.5281/zenodo.20187591,10.5281/zenodo.21198739,21198739,138,137,55,53,45,44,27,25
2026-09-26,2026-09-26T06:29:50Z,papers/sae-math-p2.html,SAE Mathematics Paper 2: L₀ Mathematicality — Inevitability and Multi-Path Realisation,10.5281/zenodo.20199082,10.5281/zenodo.20199083,20199083,127,126,60,58,127,126,60,58
2026-09-26,2026-09-26T06:29:50Z,papers/sae-moral-law-8.html,SAE Moral Law Series · Paper 8: Collective 15DD and the Four-Stage Evolution of Community Form,10.5281/zenodo.20218248,10.5281/zenodo.20218249,20218249,131,130,46,44,131,130,46,44
2026-09-26,2026-09-26T06:29:50Z,papers/sae-info-theory-9.html,SAE Information Theory IX: The H–I Floor Mapping and the 5DD Macro Bit,10.5281/zenodo.20225439,10.5281/zenodo.20225440,20225440,116,115,38,38,116,115,38,38
2026-09-26,2026-09-26T06:29:50Z,papers/sae-qm-p1.html,SAE Quantum Mechanics P1: The Pre-Closure Ontology,10.5281/zenodo.20252029,10.5281/zenodo.20252030,20252030,126,126,41,40,126,126,41,40
2026-09-26,2026-09-26T06:29:50Z,papers/sae-moral-law-9.html,SAE Moral Law Series · Paper 9: The Institutional Architecture of Mixed Reality,10.5281/zenodo.20262737,10.5281/zenodo.22869418,22869418,122,121,48,47,2,2,6,6
2026-09-26,2026-09-26T06:29:50Z,papers/sae-math-p3.html,SAE Mathematics Paper 3: Finite Algebraic Articulation of the Quantitative Dimension L₁,10.5281/zenodo.20266351,10.5281/zenodo.20266352,20266352,123,121,51,50,123,121,51,50
2026-09-26,2026-09-26T06:29:50Z,papers/sae-qm-p2.html,SAE Quantum Mechanics P2: Complex Amplitude as the Carrier of the Pre-Closure ρ-OR Realm,10.5281/zenodo.20277037,10.5281/zenodo.20277038,20277038,124,121,56,54,124,121,56,54
2026-09-26,2026-09-26T06:29:50Z,papers/sae-moral-law-0.html,SAE Moral Law Series · Paper 0: The Way of the Legislative Subject,10.5281/zenodo.20298413,10.5281/zenodo.22869224,22869224,130,129,65,63,3,3,7,7
2026-09-26,2026-09-26T06:29:50Z,papers/sae-info-theory-10.html,SAE Information Theory X: 6D Information Processing and Productive Randomness,10.5281/zenodo.20298530,10.5281/zenodo.20298531,20298531,114,111,49,44,114,111,49,44
2026-09-26,2026-09-26T06:29:50Z,papers/sae-qm-p3.html,SAE QM Paper 3: ℏ as the L₁↔L₂ Symplectic-Conjugation Closure Signature of the SAE Physical-Quantity Ladder,10.5281/zenodo.20340595,10.5281/zenodo.20340596,20340596,114,112,51,50,114,112,51,50
2026-09-26,2026-09-26T06:29:50Z,papers/sae-power-prequel.html,SAE Power Series · Prequel: What Power Is Not · Shi,10.5281/zenodo.20368866,10.5281/zenodo.20384114,20384114,134,132,65,59,117,115,39,36
2026-09-26,2026-09-26T06:29:50Z,papers/sae-qm-p4.html,SAE QM Paper 4: Quantum Tunneling as Density Modulation of Pre-closure ρ-OR Multiplicity in 3DD-active Barrier Regions,10.5281/zenodo.20369138,10.5281/zenodo.20369139,20369139,115,113,57,54,115,113,57,54
2026-09-26,2026-09-26T06:29:50Z,papers/sae-info-theory-11.html,SAE Information Theory XI: 7D Information Processing and Phenomenal Admission,10.5281/zenodo.20369231,10.5281/zenodo.20369232,20369232,124,122,63,57,124,122,63,57
2026-09-26,2026-09-26T06:29:50Z,papers/sae-power-1.html,SAE Power Series · Paper 1: On the Origin of Power · Shi,10.5281/zenodo.20370224,10.5281/zenodo.20384187,20384187,126,124,46,45,107,106,34,34
2026-09-26,2026-09-26T06:29:50Z,papers/untangling-zhuangzi.html,Untangling Zhuangzi · Forgetting in the Rivers and Lakes,10.5281/zenodo.20406836,10.5281/zenodo.20406837,20406837,131,128,48,47,131,128,48,47
2026-09-26,2026-09-26T06:29:50Z,papers/sae-llm-emergence.html,"How LLM Emergence Is Possible: SAE 16DD Ontology, BLR-mini Evidence, and the Non-Transferability of Human Subjectivity",10.5281/zenodo.20435628,10.5281/zenodo.20435629,20435629,112,111,79,69,112,111,79,69
2026-09-26,2026-09-26T06:29:50Z,papers/sae-power-2.html,SAE Power Series · Paper 2: On the Morphology of Power · Shi,10.5281/zenodo.20455221,10.5281/zenodo.22881723,22881723,118,113,53,49,3,3,5,5
2026-09-26,2026-09-26T06:29:50Z,papers/sae-qm-p5.html,SAE QM Paper 5: Self-as-an-End Ontological Articulation of Quantum Entanglement,10.5281/zenodo.20455398,10.5281/zenodo.20455399,20455399,116,113,46,43,116,113,46,43
2026-09-26,2026-09-26T06:29:50Z,papers/sae-qm-p6.html,SAE QM Paper 6: The Born Rule as the Algebraic Projection of Closure,10.5281/zenodo.20479658,10.5281/zenodo.20479659,20479659,109,108,48,48,109,108,48,48
2026-09-26,2026-09-26T06:29:50Z,papers/sae-power-3.html,SAE Power Series · Paper 3: On the Recognition of Power · Shi,10.5281/zenodo.20480134,10.5281/zenodo.20480135,20480135,110,108,48,40,110,108,48,40
2026-09-26,2026-09-26T06:29:50Z,papers/sae-info-theory-12.html,SAE Information Theory XII: 11DD Memory and 12DD Prediction — The 8D Information Architecture,10.5281/zenodo.20480742,10.5281/zenodo.20480743,20480743,110,106,52,50,110,106,52,50
2026-09-26,2026-09-26T06:29:50Z,papers/sae-power-4.html,SAE Power Series · Paper 4: On the Limit of Power · Shi,10.5281/zenodo.20532998,10.5281/zenodo.20532999,20532999,92,91,37,36,92,91,37,36
2026-09-26,2026-09-26T06:29:50Z,papers/sae-qm-p7.html,Measurement: Forced Slot-Crossing and the Ontological Identity of the 4DD ρ-AND Closure Event,10.5281/zenodo.20533295,10.5281/zenodo.20533296,20533296,94,93,28,28,94,93,28,28
2026-09-26,2026-09-26T06:29:50Z,papers/sae-info-theory-13.html,"SAE Information Theory XIII: 9D Information, the Processing at 13DD and the Unalterability of 14DD",10.5281/zenodo.20533431,10.5281/zenodo.20533432,20533432,99,96,37,35,99,96,37,35
2026-09-26,2026-09-26T06:29:50Z,papers/untangling-zhuangzi-outer-1.html,"Untangling Zhuangzi · Outer Chapters, Volume I (Exposition)",10.5281/zenodo.20578136,10.5281/zenodo.20578137,20578137,106,105,53,50,106,105,53,50
2026-09-26,2026-09-26T06:29:50Z,papers/sae-buddhist-1.html,SAE Buddhist Interface Series I: The Ālayavijñāna–Seed System and the 15DD Four-fold Pattern,10.5281/zenodo.20579131,10.5281/zenodo.20579132,20579132,83,81,18,17,83,81,18,17
2026-09-26,2026-09-26T06:29:50Z,papers/untangling-zhuangzi-outer-2.html,"Untangling Zhuangzi · Outer Chapters, Volume II (Rectification)",10.5281/zenodo.20579135,10.5281/zenodo.20579136,20579136,94,92,23,22,94,92,23,22
2026-09-26,2026-09-26T06:29:50Z,papers/sae-info-theory-14.html,"SAE Information Theory XIV (Closing Paper): 15DD Information, the Other as an End",10.5281/zenodo.20581957,10.5281/zenodo.20581958,20581958,101,99,39,38,101,99,39,38
2026-09-26,2026-09-26T06:29:50Z,papers/sae-power-5.html,SAE Power Theory Series · Paper 5: On the Development of Power · Shi,10.5281/zenodo.20582210,10.5281/zenodo.20582211,20582211,109,107,48,43,109,107,48,43
2026-09-26,2026-09-26T06:29:50Z,papers/sae-qm-p8.html,Decoherence and the Emergence of the Classical,10.5281/zenodo.20587634,10.5281/zenodo.20587635,20587635,89,88,24,24,89,88,24,24
2026-09-26,2026-09-26T06:29:50Z,papers/sae-qm-p9.html,Pre-Closure Field Distribution: An Ontology of Quantum Field Theory and Its Interface with the Four Forces,10.5281/zenodo.20621492,10.5281/zenodo.20621493,20621493,82,81,24,24,82,81,24,24
2026-09-26,2026-09-26T06:29:50Z,papers/sae-buddhist-2.html,SAE Buddhist Interface Series II: The Chisel-Construct Cycle and Non-Abiding,10.5281/zenodo.20635734,10.5281/zenodo.20635735,20635735,82,81,27,25,82,81,27,25
2026-09-26,2026-09-26T06:29:50Z,papers/sae-power-6.html,SAE Power Theory Series · Paper 6: On the Severing of Power · Shi,10.5281/zenodo.20647463,10.5281/zenodo.20647464,20647464,80,78,27,25,80,78,27,25
2026-09-26,2026-09-26T06:29:50Z,papers/sae-power-7.html,SAE Power Theory Series · Paper 7: On the Dissolution of Power · Shi,10.5281/zenodo.20685290,10.5281/zenodo.20685291,20685291,79,74,14,14,79,74,14,14
2026-09-26,2026-09-26T06:29:50Z,papers/sae-power-0.html,SAE Power Theory Series · Paper 0: The Power Machine and Its Shi,10.5281/zenodo.20707047,10.5281/zenodo.20707048,20707048,80,72,24,24,80,72,24,24
2026-09-26,2026-09-26T06:29:50Z,papers/untangling-zhuangzi-miscellaneous.html,Untangling Zhuangzi · Miscellaneous Chapters,10.5281/zenodo.20708990,10.5281/zenodo.20708991,20708991,74,73,35,34,74,73,35,34
2026-09-26,2026-09-26T06:29:50Z,papers/sae-buddhist-3.html,Chisel and Emptiness: An Interface Analysis between Self-as-an-End and Madhyamaka / the Sanlun School,10.5281/zenodo.20724854,10.5281/zenodo.20724855,20724855,75,74,32,27,75,74,32,27
2026-09-26,2026-09-26T06:29:50Z,papers/sae-rights-prequel.html,What Rights Are Not,10.5281/zenodo.20726894,10.5281/zenodo.20768153,20768153,87,84,38,38,70,68,27,27
2026-09-26,2026-09-26T06:29:50Z,papers/sae-rights-1.html,On the Source and Spectrum of Rights,10.5281/zenodo.20743135,10.5281/zenodo.20768162,20768162,78,75,27,25,67,65,19,18
2026-09-26,2026-09-26T06:29:50Z,papers/sae-rights-2.html,On the Thickness and Boundary of Basic Rights,10.5281/zenodo.20769253,10.5281/zenodo.22854653,22854653,72,71,25,23,3,3,1,1
2026-09-26,2026-09-26T06:29:50Z,papers/sae-buddhist-4.html,Cultivation and the ‘Highest’: An Interface Analysis between Self-as-an-End and Tiantai Buddhism,10.5281/zenodo.20788850,10.5281/zenodo.20788851,20788851,43,42,20,20,43,42,20,20
2026-09-26,2026-09-26T06:29:50Z,papers/sae-blackhole-1.html,Area-Level Plateau and Self-Sufficient Window in a Frozen-Ledger Model,10.5281/zenodo.20913514,10.5281/zenodo.20913515,20913515,41,39,69,69,41,39,69,69
2026-09-26,2026-09-26T06:29:50Z,papers/sae-rights-3.html,The Constitution and Withdrawal of Recognition-Based Rights,10.5281/zenodo.20993658,10.5281/zenodo.20993659,20993659,43,41,26,24,43,41,26,24
2026-09-26,2026-09-26T06:29:50Z,papers/sae-qm-p10.html,The Continuum Limit and the Path Integral: The Emergence of Classical Mechanics,10.5281/zenodo.21041072,10.5281/zenodo.21041073,21041073,44,40,8,8,44,40,8,8
2026-09-26,2026-09-26T06:29:50Z,papers/sae-rights-4.html,The Interface and Transformation between Recognition-Based Rights and Power,10.5281/zenodo.21093939,10.5281/zenodo.21093940,21093940,43,42,16,16,43,42,16,16
2026-09-26,2026-09-26T06:29:50Z,papers/sae-buddhist-5.html,Mutual Interpenetration and Non-Doubt: An Interface Analysis between Self-as-an-End and Huayan Buddhism,10.5281/zenodo.21201035,10.5281/zenodo.21201036,21201036,41,40,18,16,41,40,18,16
2026-09-26,2026-09-26T06:29:50Z,papers/sae-rights-5.html,On the Limitation and Violation of Basic Rights,10.5281/zenodo.21212595,10.5281/zenodo.22865405,22865405,39,37,18,17,1,1,5,5
2026-09-26,2026-09-26T06:29:50Z,papers/sae-physics-1.html,Four-fold Nesting of the Physical-Quantity Ladder and a Placement Coordinate for Particles and Concepts,10.5281/zenodo.21227329,10.5281/zenodo.21909242,21909242,65,49,26,22,25,11,12,8
2026-09-26,2026-09-26T06:29:50Z,papers/sae-rights-6.html,On the Cultivation and Diachronic Unfolding of Rights,10.5281/zenodo.21252863,10.5281/zenodo.22867151,22867151,41,40,29,28,3,3,7,7
2026-09-26,2026-09-26T06:29:50Z,papers/sae-cosmo-6.html,An Aether-Scalar-Tensor Structure for the Dark Sector from Dual-4DD Breathing,10.5281/zenodo.21267555,10.5281/zenodo.21267556,21267556,46,41,66,66,46,41,66,66
2026-09-26,2026-09-26T06:29:50Z,papers/sae-buddhist-6.html,Other-Power and No Outer Force: An Interface Analysis between Self-as-an-End and Pure Land Buddhism,10.5281/zenodo.21275410,10.5281/zenodo.21275411,21275411,28,27,18,16,28,27,18,16
2026-09-26,2026-09-26T06:29:50Z,papers/sae-rights-0.html,On How Rights Presuppose No Duty,10.5281/zenodo.21285136,10.5281/zenodo.22854454,22854454,39,36,30,28,2,2,1,1
2026-09-26,2026-09-26T06:29:50Z,papers/sae-rights-special.html,On Rights and Entitlements,10.5281/zenodo.21314907,10.5281/zenodo.21314908,21314908,37,33,24,21,37,33,24,21
2026-09-26,2026-09-26T06:29:50Z,papers/sae-cosmo-0.html,One Complete Cosmic Breath,10.5281/zenodo.21319569,10.5281/zenodo.21928507,21928507,62,48,44,39,35,21,24,19
2026-09-26,2026-09-26T06:29:50Z,papers/sae-value-prequel.html,What Value Is Not,10.5281/zenodo.21362575,10.5281/zenodo.21362576,21362576,32,30,10,9,32,30,10,9
2026-09-26,2026-09-26T06:29:50Z,papers/sae-cosmo-7.html,"The Single-Metric Realization Problem for Dual-4DD: A No-Go Group, an Internal-Wedge Candidate, and a Transition-Surface Imprint",10.5281/zenodo.21393334,10.5281/zenodo.21393335,21393335,27,26,29,29,27,26,29,29
2026-09-26,2026-09-26T06:29:50Z,papers/sae-value-1.html,On the Source of Value,10.5281/zenodo.21405207,10.5281/zenodo.21843968,21843968,29,26,29,29,8,6,13,13
2026-09-26,2026-09-26T06:29:50Z,papers/sae-value-2.html,On the Occurrence and Recognition of Value,10.5281/zenodo.21437038,10.5281/zenodo.21437039,21437039,27,24,10,10,27,24,10,10
2026-09-26,2026-09-26T06:29:50Z,papers/sae-first-critique.html,SAE: The First Critique,10.5281/zenodo.21439120,10.5281/zenodo.21439121,21439121,28,27,15,15,28,27,15,15
2026-09-26,2026-09-26T06:29:50Z,papers/sae-math-p4.html,"Complexification as an Articulation of L₂: Covering Structure, the Regular Period Core, and the Irregular Boundary",10.5281/zenodo.21466721,10.5281/zenodo.21570794,21570794,43,39,13,12,26,24,12,11
2026-09-26,2026-09-26T06:29:50Z,papers/sae-blackhole-2.html,"Update Incompatibility in Discrete Black-Hole Interiors: Three-Domain Separation, Orbit Dichotomy, and the Bridge Gap in Radial-Potential Lifting",10.5281/zenodo.21499053,10.5281/zenodo.21499054,21499054,21,19,2,2,21,19,2,2
2026-09-26,2026-09-26T06:29:50Z,papers/sae-blackhole-3.html,"Exclusion of Uniform Strict Potentials and Stratified Monotonicity in Discrete Black-Hole Interiors: Refuting the Same-Shell Bridge, Nested Observation Kernels, and the Release-Order Fork",10.5281/zenodo.21521760,10.5281/zenodo.21521761,21521761,17,15,3,3,17,15,3,3
2026-09-26,2026-09-26T06:29:50Z,papers/sae-math-p5.html,"The Articulation of L₃: Formal Systems, Computability, and the Arithmetical Sets",10.5281/zenodo.21538494,10.5281/zenodo.21538495,21538495,8,6,14,11,8,6,14,11
2026-09-26,2026-09-26T06:29:50Z,papers/sae-blackhole-4.html,"Angular Transport in Discrete Black-Hole Interiors: Process Accounts, Spin-Order Lattices, and the Rigid-Rotation Spectrum",10.5281/zenodo.21569768,10.5281/zenodo.21569769,21569769,13,11,11,10,13,11,11,10
2026-09-26,2026-09-26T06:29:50Z,papers/sae-value-3.html,On the Colonization of Value,10.5281/zenodo.21611154,10.5281/zenodo.21843955,21843955,22,19,5,5,11,10,3,3
2026-09-26,2026-09-26T06:29:50Z,papers/zfcrho74.html,"A Stage Closure of Papers L–LXXIII: A min-plus Capacity Constant, Centering Rigidity, and a Specification Audit",10.5281/zenodo.21714787,10.5281/zenodo.21714788,21714788,9,6,4,4,9,6,4,4
2026-09-26,2026-09-26T06:29:50Z,papers/sae-blackhole-5.html,Angular Information in Discrete Black-Hole Interiors: The Two-Way Split of Transfer-Level Information — One Exact Bit of Spin Sign and a Geometry-Bounded Amplitude,10.5281/zenodo.21803205,10.5281/zenodo.21803206,21803206,6,6,2,2,6,6,2,2
2026-09-26,2026-09-26T06:29:50Z,papers/sae-cosmo-8.html,"SAE-Bang-0: A Formal Boundary Model for the Big Bang with an Apparent-Horizon Capacity Cap, Cross-Domain Matching, and Thermal-History Acceptance",10.5281/zenodo.21909252,10.5281/zenodo.21909253,21909253,15,14,14,14,15,14,14,14
2026-09-26,2026-09-26T06:29:50Z,papers/sae-value-4.html,On the Dynamics of Value,10.5281/zenodo.22050204,10.5281/zenodo.22050205,22050205,6,5,6,6,6,5,6,6
2026-09-26,2026-09-26T06:29:50Z,papers/sae-value-5.html,On the Conflict of Value,10.5281/zenodo.22122819,10.5281/zenodo.22868096,22868096,16,15,26,26,1,1,7,7
2026-09-26,2026-09-26T06:29:50Z,papers/sae-value-6.html,On Value and the Other,10.5281/zenodo.22191071,10.5281/zenodo.22868533,22868533,10,8,16,16,1,1,8,8
2026-09-26,2026-09-26T06:29:50Z,papers/sae-value-0.html,"Interfacing with Existing Traditions, and the Prospect",10.5281/zenodo.22265396,10.5281/zenodo.22265397,22265397,6,4,11,11,6,4,11,11
2026-09-26,2026-09-26T06:29:50Z,papers/sae-war-interface-1.html,The Half Outside the Boundary,10.5281/zenodo.22274847,10.5281/zenodo.22285276,22285276,11,9,7,6,7,5,7,6
2026-09-26,2026-09-26T06:29:50Z,papers/sae-war-interface-2.html,Who Gave the Authorisation,10.5281/zenodo.22275260,10.5281/zenodo.22287307,22287307,10,7,2,2,5,3,2,2
2026-09-26,2026-09-26T06:29:50Z,papers/sae-war-interface-3.html,The Hand Is Being Reworked by What It Holds,10.5281/zenodo.22285353,10.5281/zenodo.22287301,22287301,8,6,2,2,6,4,2,2
2026-09-26,2026-09-26T06:29:50Z,papers/sae-war-interface-4.html,Four Permissions,10.5281/zenodo.22285486,10.5281/zenodo.22287296,22287296,7,5,2,2,5,3,2,2
2026-09-26,2026-09-26T06:29:50Z,papers/sae-war-interface-5.html,That Position Is Left Empty,10.5281/zenodo.22285749,10.5281/zenodo.22287286,22287286,9,7,5,5,7,5,5,5
2026-09-26,2026-09-26T06:29:50Z,papers/sae-war-interface-6.html,Prudence Is Not Cannot-Not,10.5281/zenodo.22286009,10.5281/zenodo.22287280,22287280,7,5,3,3,5,3,3,3
2026-09-26,2026-09-26T06:29:50Z,papers/sae-war-interface-7.html,Which End Is the Boundary Set At,10.5281/zenodo.22286653,10.5281/zenodo.22287317,22287317,8,5,2,2,6,4,2,2
2026-09-26,2026-09-26T06:29:50Z,papers/sae-war-interface-8.html,That Child,10.5281/zenodo.22287173,10.5281/zenodo.22287174,22287174,10,7,7,6,10,7,7,6
2026-09-26,2026-09-26T06:29:50Z,papers/sae-war-interface-conclusion.html,Conclusion,10.5281/zenodo.22287334,10.5281/zenodo.22287335,22287335,8,4,2,2,8,4,2,2
2026-09-26,2026-09-26T06:29:50Z,papers/sae-conflict-treatise.html,SAE Conflict Treatise: How Subjecthood Is Not Swallowed by Conflict Itself,10.5281/zenodo.22313628,10.5281/zenodo.22313629,22313629,10,9,6,6,10,9,6,6
2026-09-26,2026-09-26T06:29:50Z,papers/sae-meaning-1.html,What Kind of Relation Meaning Is,10.5281/zenodo.22652134,10.5281/zenodo.22729769,22729769,8,7,6,6,3,2,3,3
2026-09-26,2026-09-26T06:29:50Z,papers/sae-analects-intro.html,One Who Cultivates,10.5281/zenodo.22656169,10.5281/zenodo.22656170,22656170,6,5,12,12,6,5,12,12
2026-09-26,2026-09-26T06:29:50Z,papers/sae-analects-1.html,Part I · The Instrument,10.5281/zenodo.22656207,10.5281/zenodo.22656208,22656208,11,10,32,30,11,10,32,30
2026-09-26,2026-09-26T06:29:50Z,papers/sae-analects-2.html,Part II · The Man Who Would Not Be a Sage,10.5281/zenodo.22656223,10.5281/zenodo.22656224,22656224,7,6,7,7,7,6,7,7
2026-09-26,2026-09-26T06:29:50Z,papers/sae-analects-3.html,Part III · In the Room,10.5281/zenodo.22656232,10.5281/zenodo.22656233,22656233,5,4,11,11,5,4,11,11
2026-09-26,2026-09-26T06:29:50Z,papers/sae-analects-4.html,Part IV · What Was Built in His Name,10.5281/zenodo.22656242,10.5281/zenodo.22656243,22656243,8,7,9,9,8,7,9,9
2026-09-26,2026-09-26T06:29:50Z,papers/sae-meaning-2.html,The Finite Bearer's Carrying-Forward,10.5281/zenodo.22713651,10.5281/zenodo.22713652,22713652,8,5,2,2,8,5,2,2
2026-09-26,2026-09-26T06:29:50Z,papers/sae-meaning-3.html,The Half That Is Not Mine to Settle,10.5281/zenodo.22731235,10.5281/zenodo.22867375,22867375,11,7,9,9,2,2,6,6
2026-09-26,2026-09-26T06:29:50Z,papers/sae-meaning-4.html,The Carrier's Boundary,10.5281/zenodo.22738709,10.5281/zenodo.22738710,22738710,6,4,3,3,6,4,3,3
2026-09-26,2026-09-26T06:29:50Z,papers/sae-meaning-0.html,The Jurisdiction of the Question of Meaning,10.5281/zenodo.22802041,10.5281/zenodo.22802042,22802042,5,4,6,6,5,4,6,6
2026-09-26,2026-09-26T06:29:50Z,papers/sae-methodology-00e.html,Remainder: A Portable Method,10.5281/zenodo.22849616,10.5281/zenodo.22849617,22849617,4,3,1,1,4,3,1,1
2026-09-26,2026-09-26T06:29:50Z,papers/sae-rights-accountability.html,On Accountability · Wei,10.5281/zenodo.22853810,10.5281/zenodo.22853811,22853811,5,5,1,1,5,5,1,1
